#
# There is insufficient memory for the Java Runtime Environment to continue.
# Native memory allocation (malloc) failed to allocate 1171376 bytes. Error detail: Chunk::new
# Possible reasons:
#   The system is out of physical RAM or swap space
#   This process is running with CompressedOops enabled, and the Java Heap may be blocking the growth of the native heap
# Possible solutions:
#   Reduce memory load on the system
#   Increase physical memory or swap space
#   Check if swap backing store is full
#   Decrease Java heap size (-Xmx/-Xms)
#   Decrease number of Java threads
#   Decrease Java thread stack sizes (-Xss)
#   Set larger code cache with -XX:ReservedCodeCacheSize=
#   JVM is running with Unscaled Compressed Oops mode in which the Java heap is
#     placed in the first 4GB address space. The Java Heap base address is the
#     maximum limit for the native heap growth. Please use -XX:HeapBaseMinAddress
#     to set the Java Heap base and to place the Java Heap above 4GB virtual address.
# This output file may be truncated or incomplete.
#
#  Out of Memory Error (arena.cpp:168), pid=19752, tid=22312
#
# JRE version: OpenJDK Runtime Environment Temurin-21.0.10+7 (21.0.10+7) (build 21.0.10+7-LTS)
# Java VM: OpenJDK 64-Bit Server VM Temurin-21.0.10+7 (21.0.10+7-LTS, mixed mode, tiered, compressed oops, compressed class ptrs, g1 gc, windows-amd64)
# No core dump will be written. Minidumps are not enabled by default on client versions of Windows
#

---------------  S U M M A R Y ------------

Command Line: -Xms64m -Xmx2048m -Dapp.name=ltex-ls-plus -Dapp.repo=c:\Users\vi_ba\.vscode\extensions\ltex-plus.vscode-ltex-plus-15.7.1\lib\ltex-ls-plus-18.7.0\lib -Dapp.home=c:\Users\vi_ba\.vscode\extensions\ltex-plus.vscode-ltex-plus-15.7.1\lib\ltex-ls-plus-18.7.0 -Dbasedir=c:\Users\vi_ba\.vscode\extensions\ltex-plus.vscode-ltex-plus-15.7.1\lib\ltex-ls-plus-18.7.0 org.bsplines.ltexls.LtexLanguageServerLauncher

Host: Intel(R) Core(TM) i5-10300H CPU @ 2.50GHz, 8 cores, 7G,  Windows 11 , 64 bit Build 26100 (10.0.26100.9168)
Time: Thu Sep  3 01:11:37 2026 Hora oficial do Brasil elapsed time: 612.236847 seconds (0d 0h 10m 12s)

---------------  T H R E A D  ---------------

Current thread (0x0000021dd72f99f0):  JavaThread "C2 CompilerThread0" daemon [_thread_in_native, id=22312, stack(0x000000c637200000,0x000000c637300000) (1024K)]


Current CompileTask:
C2:612237 9350       4       org.languagetool.rules.patterns.PatternRuleMatcher::createRuleMatch (697 bytes)

Stack: [0x000000c637200000,0x000000c637300000]
Native frames: (J=compiled Java code, j=interpreted, Vv=VM code, C=native code)
V  [jvm.dll+0x6d7a39]
V  [jvm.dll+0x8b4b26]
V  [jvm.dll+0x8b70de]
V  [jvm.dll+0x8b77c3]
V  [jvm.dll+0x284346]
V  [jvm.dll+0xc66ed]
V  [jvm.dll+0xc6c31]
V  [jvm.dll+0x3bec01]
V  [jvm.dll+0x38b162]
V  [jvm.dll+0x38a5aa]
V  [jvm.dll+0x24c560]
V  [jvm.dll+0x24bb40]
V  [jvm.dll+0x1cb34e]
V  [jvm.dll+0x25b85d]
V  [jvm.dll+0x259dea]
V  [jvm.dll+0x3f857e]
V  [jvm.dll+0x85f59d]
V  [jvm.dll+0x6d626d]
C  [ucrtbase.dll+0x2cd30]
C  [KERNEL32.DLL+0x2ccb7]
C  [ntdll.dll+0xaad6c]


---------------  P R O C E S S  ---------------

Threads class SMR info:
_java_thread_list=0x0000021dddbf7de0, length=14, elements={
0x0000021dc032a9a0, 0x0000021dd7315480, 0x0000021dd7315ee0, 0x0000021dd7316940,
0x0000021dd7316fb0, 0x0000021dd72f7a80, 0x0000021dd72f80f0, 0x0000021dd72f99f0,
0x0000021dd72fdee0, 0x0000021dd7598790, 0x0000021dd7559810, 0x0000021ddcf52a20,
0x0000021ddd41f990, 0x0000021ddcd3fc60
}

Java Threads: ( => current thread )
  0x0000021dc032a9a0 JavaThread "main"                              [_thread_blocked, id=22496, stack(0x000000c636400000,0x000000c636500000) (1024K)]
  0x0000021dd7315480 JavaThread "Reference Handler"          daemon [_thread_blocked, id=12644, stack(0x000000c636c00000,0x000000c636d00000) (1024K)]
  0x0000021dd7315ee0 JavaThread "Finalizer"                  daemon [_thread_blocked, id=13904, stack(0x000000c636d00000,0x000000c636e00000) (1024K)]
  0x0000021dd7316940 JavaThread "Signal Dispatcher"          daemon [_thread_blocked, id=22352, stack(0x000000c636e00000,0x000000c636f00000) (1024K)]
  0x0000021dd7316fb0 JavaThread "Attach Listener"            daemon [_thread_blocked, id=21932, stack(0x000000c636f00000,0x000000c637000000) (1024K)]
  0x0000021dd72f7a80 JavaThread "Service Thread"             daemon [_thread_blocked, id=13308, stack(0x000000c637000000,0x000000c637100000) (1024K)]
  0x0000021dd72f80f0 JavaThread "Monitor Deflation Thread"   daemon [_thread_blocked, id=22324, stack(0x000000c637100000,0x000000c637200000) (1024K)]
=>0x0000021dd72f99f0 JavaThread "C2 CompilerThread0"         daemon [_thread_in_native, id=22312, stack(0x000000c637200000,0x000000c637300000) (1024K)]
  0x0000021dd72fdee0 JavaThread "C1 CompilerThread0"         daemon [_thread_blocked, id=15368, stack(0x000000c637300000,0x000000c637400000) (1024K)]
  0x0000021dd7598790 JavaThread "Notification Thread"        daemon [_thread_blocked, id=22192, stack(0x000000c637400000,0x000000c637500000) (1024K)]
  0x0000021dd7559810 JavaThread "Common-Cleaner"             daemon [_thread_blocked, id=12064, stack(0x000000c637500000,0x000000c637600000) (1024K)]
  0x0000021ddcf52a20 JavaThread "ltex-fragment-cache-sweeper" daemon [_thread_blocked, id=4404, stack(0x000000c636300000,0x000000c636400000) (1024K)]
  0x0000021ddd41f990 JavaThread "pool-2-thread-1"                   [_thread_in_native, id=22216, stack(0x000000c637f00000,0x000000c638000000) (1024K)]
  0x0000021ddcd3fc60 JavaThread "pool-1-thread-1"                   [_thread_blocked, id=11828, stack(0x000000c638000000,0x000000c638100000) (1024K)]
Total: 14

Other Threads:
  0x0000021dd724d980 VMThread "VM Thread"                           [id=14844, stack(0x000000c636b00000,0x000000c636c00000) (1024K)]
  0x0000021dd72121f0 WatcherThread "VM Periodic Task Thread"        [id=21864, stack(0x000000c636a00000,0x000000c636b00000) (1024K)]
  0x0000021dc0383360 WorkerThread "GC Thread#0"                     [id=21632, stack(0x000000c636500000,0x000000c636600000) (1024K)]
  0x0000021ddc4dfad0 WorkerThread "GC Thread#1"                     [id=2000, stack(0x000000c637700000,0x000000c637800000) (1024K)]
  0x0000021ddc5030e0 WorkerThread "GC Thread#2"                     [id=2120, stack(0x000000c637800000,0x000000c637900000) (1024K)]
  0x0000021ddc4e0690 WorkerThread "GC Thread#3"                     [id=2076, stack(0x000000c637900000,0x000000c637a00000) (1024K)]
  0x0000021ddc388260 WorkerThread "GC Thread#4"                     [id=9608, stack(0x000000c637a00000,0x000000c637b00000) (1024K)]
  0x0000021ddc388610 WorkerThread "GC Thread#5"                     [id=2672, stack(0x000000c637b00000,0x000000c637c00000) (1024K)]
  0x0000021ddc6ca5a0 WorkerThread "GC Thread#6"                     [id=4656, stack(0x000000c637c00000,0x000000c637d00000) (1024K)]
  0x0000021ddc6ca950 WorkerThread "GC Thread#7"                     [id=2512, stack(0x000000c637d00000,0x000000c637e00000) (1024K)]
  0x0000021dc03950d0 ConcurrentGCThread "G1 Main Marker"            [id=22492, stack(0x000000c636600000,0x000000c636700000) (1024K)]
  0x0000021dc0396280 WorkerThread "G1 Conc#0"                       [id=10648, stack(0x000000c636700000,0x000000c636800000) (1024K)]
  0x0000021ddc6cb320 WorkerThread "G1 Conc#1"                       [id=4448, stack(0x000000c637e00000,0x000000c637f00000) (1024K)]
  0x0000021dd70e40e0 ConcurrentGCThread "G1 Refine#0"               [id=5148, stack(0x000000c636800000,0x000000c636900000) (1024K)]
  0x0000021dd70e4a70 ConcurrentGCThread "G1 Service"                [id=5180, stack(0x000000c636900000,0x000000c636a00000) (1024K)]
Total: 15

Threads with active compile tasks:
C2 CompilerThread0  612281 9350       4       org.languagetool.rules.patterns.PatternRuleMatcher::createRuleMatch (697 bytes)
Total: 1

VM state: not at safepoint (normal execution)

VM Mutex/Monitor currently owned by a thread: None

Heap address: 0x0000000080000000, size: 2048 MB, Compressed Oops mode: 32-bit

CDS archive(s) not mapped
Compressed class space mapped at: 0x0000000100000000-0x0000000140000000, reserved size: 1073741824
Narrow klass base: 0x0000000000000000, Narrow klass shift: 3, Narrow klass range: 0x140000000

GC Precious Log:
 CardTable entry size: 512
 Card Set container configuration: InlinePtr #cards 5 size 8 Array Of Cards #cards 12 size 40 Howl #buckets 4 coarsen threshold 1843 Howl Bitmap #cards 512 size 80 coarsen threshold 460 Card regions per heap region 1 cards per card region 2048
 CPUs: 8 total, 8 available
 Memory: 8059M
 Large Page Support: Disabled
 NUMA Support: Disabled
 Compressed Oops: Enabled (32-bit)
 Heap Region Size: 1M
 Heap Min Capacity: 64M
 Heap Initial Capacity: 64M
 Heap Max Capacity: 2G
 Pre-touch: Disabled
 Parallel Workers: 8
 Concurrent Workers: 2
 Concurrent Refinement Workers: 8
 Periodic GC: Disabled

Heap:
 garbage-first heap   total 979968K, used 853169K [0x0000000080000000, 0x0000000100000000)
  region size 1024K, 314 young (321536K), 3 survivors (3072K)
 Metaspace       used 34726K, committed 35072K, reserved 1114112K
  class space    used 3443K, committed 3584K, reserved 1048576K

Heap Regions: E=young(eden), S=young(survivor), O=old, HS=humongous(starts), HC=humongous(continues), CS=collection set, F=free, TAMS=top-at-mark-start, PB=parsable bottom
|   0|0x0000000080000000, 0x0000000080100000, 0x0000000080100000|100%| O|  |TAMS 0x0000000080000000| PB 0x0000000080000000| Untracked 
|   1|0x0000000080100000, 0x0000000080200000, 0x0000000080200000|100%| O|  |TAMS 0x0000000080100000| PB 0x0000000080100000| Untracked 
|   2|0x0000000080200000, 0x0000000080300000, 0x0000000080300000|100%| O|  |TAMS 0x0000000080200000| PB 0x0000000080200000| Untracked 
|   3|0x0000000080300000, 0x0000000080400000, 0x0000000080400000|100%| O|  |TAMS 0x0000000080300000| PB 0x0000000080300000| Untracked 
|   4|0x0000000080400000, 0x0000000080500000, 0x0000000080500000|100%| O|  |TAMS 0x0000000080400000| PB 0x0000000080400000| Untracked 
|   5|0x0000000080500000, 0x0000000080600000, 0x0000000080600000|100%| O|  |TAMS 0x0000000080500000| PB 0x0000000080500000| Untracked 
|   6|0x0000000080600000, 0x0000000080700000, 0x0000000080700000|100%| O|  |TAMS 0x0000000080600000| PB 0x0000000080600000| Untracked 
|   7|0x0000000080700000, 0x0000000080800000, 0x0000000080800000|100%| O|  |TAMS 0x0000000080700000| PB 0x0000000080700000| Untracked 
|   8|0x0000000080800000, 0x0000000080900000, 0x0000000080900000|100%|HS|  |TAMS 0x0000000080800000| PB 0x0000000080800000| Complete 
|   9|0x0000000080900000, 0x0000000080a00000, 0x0000000080a00000|100%| O|  |TAMS 0x0000000080900000| PB 0x0000000080900000| Untracked 
|  10|0x0000000080a00000, 0x0000000080b00000, 0x0000000080b00000|100%| O|  |TAMS 0x0000000080a00000| PB 0x0000000080a00000| Untracked 
|  11|0x0000000080b00000, 0x0000000080c00000, 0x0000000080c00000|100%| O|  |TAMS 0x0000000080b00000| PB 0x0000000080b00000| Untracked 
|  12|0x0000000080c00000, 0x0000000080d00000, 0x0000000080d00000|100%| O|  |TAMS 0x0000000080c00000| PB 0x0000000080c00000| Untracked 
|  13|0x0000000080d00000, 0x0000000080e00000, 0x0000000080e00000|100%| O|  |TAMS 0x0000000080d00000| PB 0x0000000080d00000| Untracked 
|  14|0x0000000080e00000, 0x0000000080f00000, 0x0000000080f00000|100%| O|  |TAMS 0x0000000080e00000| PB 0x0000000080e00000| Untracked 
|  15|0x0000000080f00000, 0x0000000081000000, 0x0000000081000000|100%| O|  |TAMS 0x0000000080f00000| PB 0x0000000080f00000| Untracked 
|  16|0x0000000081000000, 0x0000000081100000, 0x0000000081100000|100%| O|  |TAMS 0x0000000081000000| PB 0x0000000081000000| Untracked 
|  17|0x0000000081100000, 0x0000000081200000, 0x0000000081200000|100%| O|  |TAMS 0x0000000081100000| PB 0x0000000081100000| Untracked 
|  18|0x0000000081200000, 0x0000000081300000, 0x0000000081300000|100%| O|  |TAMS 0x0000000081200000| PB 0x0000000081200000| Untracked 
|  19|0x0000000081300000, 0x0000000081400000, 0x0000000081400000|100%| O|  |TAMS 0x0000000081300000| PB 0x0000000081300000| Untracked 
|  20|0x0000000081400000, 0x0000000081500000, 0x0000000081500000|100%| O|  |TAMS 0x0000000081400000| PB 0x0000000081400000| Untracked 
|  21|0x0000000081500000, 0x0000000081600000, 0x0000000081600000|100%| O|  |TAMS 0x0000000081500000| PB 0x0000000081500000| Untracked 
|  22|0x0000000081600000, 0x0000000081700000, 0x0000000081700000|100%| O|  |TAMS 0x0000000081600000| PB 0x0000000081600000| Untracked 
|  23|0x0000000081700000, 0x0000000081800000, 0x0000000081800000|100%| O|  |TAMS 0x0000000081700000| PB 0x0000000081700000| Untracked 
|  24|0x0000000081800000, 0x0000000081900000, 0x0000000081900000|100%| O|  |TAMS 0x0000000081800000| PB 0x0000000081800000| Untracked 
|  25|0x0000000081900000, 0x0000000081a00000, 0x0000000081a00000|100%|HS|  |TAMS 0x0000000081900000| PB 0x0000000081900000| Complete 
|  26|0x0000000081a00000, 0x0000000081b00000, 0x0000000081b00000|100%| O|  |TAMS 0x0000000081a00000| PB 0x0000000081a00000| Untracked 
|  27|0x0000000081b00000, 0x0000000081c00000, 0x0000000081c00000|100%| O|  |TAMS 0x0000000081b00000| PB 0x0000000081b00000| Untracked 
|  28|0x0000000081c00000, 0x0000000081d00000, 0x0000000081d00000|100%| O|  |TAMS 0x0000000081c00000| PB 0x0000000081c00000| Untracked 
|  29|0x0000000081d00000, 0x0000000081e00000, 0x0000000081e00000|100%| O|  |TAMS 0x0000000081d00000| PB 0x0000000081d00000| Untracked 
|  30|0x0000000081e00000, 0x0000000081f00000, 0x0000000081f00000|100%| O|  |TAMS 0x0000000081e00000| PB 0x0000000081e00000| Untracked 
|  31|0x0000000081f00000, 0x0000000082000000, 0x0000000082000000|100%| O|  |TAMS 0x0000000081f00000| PB 0x0000000081f00000| Untracked 
|  32|0x0000000082000000, 0x0000000082100000, 0x0000000082100000|100%| O|  |TAMS 0x0000000082000000| PB 0x0000000082000000| Untracked 
|  33|0x0000000082100000, 0x0000000082200000, 0x0000000082200000|100%| O|  |TAMS 0x0000000082100000| PB 0x0000000082100000| Untracked 
|  34|0x0000000082200000, 0x0000000082300000, 0x0000000082300000|100%| O|  |TAMS 0x0000000082200000| PB 0x0000000082200000| Untracked 
|  35|0x0000000082300000, 0x0000000082400000, 0x0000000082400000|100%| O|  |TAMS 0x0000000082300000| PB 0x0000000082300000| Untracked 
|  36|0x0000000082400000, 0x0000000082500000, 0x0000000082500000|100%| O|  |TAMS 0x0000000082400000| PB 0x0000000082400000| Untracked 
|  37|0x0000000082500000, 0x0000000082600000, 0x0000000082600000|100%| O|  |TAMS 0x0000000082500000| PB 0x0000000082500000| Untracked 
|  38|0x0000000082600000, 0x0000000082700000, 0x0000000082700000|100%|HS|  |TAMS 0x0000000082600000| PB 0x0000000082600000| Complete 
|  39|0x0000000082700000, 0x0000000082800000, 0x0000000082800000|100%| O|  |TAMS 0x0000000082700000| PB 0x0000000082700000| Untracked 
|  40|0x0000000082800000, 0x0000000082900000, 0x0000000082900000|100%| O|  |TAMS 0x0000000082800000| PB 0x0000000082800000| Untracked 
|  41|0x0000000082900000, 0x0000000082a00000, 0x0000000082a00000|100%| O|  |TAMS 0x0000000082900000| PB 0x0000000082900000| Untracked 
|  42|0x0000000082a00000, 0x0000000082a00000, 0x0000000082b00000|  0%| F|  |TAMS 0x0000000082a00000| PB 0x0000000082a00000| Untracked 
|  43|0x0000000082b00000, 0x0000000082c00000, 0x0000000082c00000|100%|HS|  |TAMS 0x0000000082b00000| PB 0x0000000082b00000| Complete 
|  44|0x0000000082c00000, 0x0000000082d00000, 0x0000000082d00000|100%| O|  |TAMS 0x0000000082c00000| PB 0x0000000082c00000| Untracked 
|  45|0x0000000082d00000, 0x0000000082e00000, 0x0000000082e00000|100%| O|  |TAMS 0x0000000082d00000| PB 0x0000000082d00000| Untracked 
|  46|0x0000000082e00000, 0x0000000082f00000, 0x0000000082f00000|100%| O|  |TAMS 0x0000000082e00000| PB 0x0000000082e00000| Untracked 
|  47|0x0000000082f00000, 0x0000000083000000, 0x0000000083000000|100%| O|  |TAMS 0x0000000082f00000| PB 0x0000000082f00000| Untracked 
|  48|0x0000000083000000, 0x0000000083100000, 0x0000000083100000|100%| O|  |TAMS 0x0000000083000000| PB 0x0000000083000000| Untracked 
|  49|0x0000000083100000, 0x0000000083200000, 0x0000000083200000|100%| O|  |TAMS 0x0000000083100000| PB 0x0000000083100000| Untracked 
|  50|0x0000000083200000, 0x0000000083300000, 0x0000000083300000|100%| O|  |TAMS 0x0000000083200000| PB 0x0000000083200000| Untracked 
|  51|0x0000000083300000, 0x0000000083400000, 0x0000000083400000|100%| O|  |TAMS 0x0000000083300000| PB 0x0000000083300000| Untracked 
|  52|0x0000000083400000, 0x0000000083500000, 0x0000000083500000|100%| O|  |TAMS 0x0000000083400000| PB 0x0000000083400000| Untracked 
|  53|0x0000000083500000, 0x0000000083600000, 0x0000000083600000|100%| O|  |TAMS 0x0000000083500000| PB 0x0000000083500000| Untracked 
|  54|0x0000000083600000, 0x0000000083700000, 0x0000000083700000|100%| O|  |TAMS 0x0000000083600000| PB 0x0000000083600000| Untracked 
|  55|0x0000000083700000, 0x0000000083800000, 0x0000000083800000|100%| O|  |TAMS 0x0000000083700000| PB 0x0000000083700000| Untracked 
|  56|0x0000000083800000, 0x0000000083900000, 0x0000000083900000|100%| O|  |TAMS 0x0000000083800000| PB 0x0000000083800000| Untracked 
|  57|0x0000000083900000, 0x0000000083a00000, 0x0000000083a00000|100%| O|  |TAMS 0x0000000083900000| PB 0x0000000083900000| Untracked 
|  58|0x0000000083a00000, 0x0000000083b00000, 0x0000000083b00000|100%| O|  |TAMS 0x0000000083a00000| PB 0x0000000083a00000| Untracked 
|  59|0x0000000083b00000, 0x0000000083c00000, 0x0000000083c00000|100%| O|  |TAMS 0x0000000083b00000| PB 0x0000000083b00000| Untracked 
|  60|0x0000000083c00000, 0x0000000083d00000, 0x0000000083d00000|100%| O|  |TAMS 0x0000000083c00000| PB 0x0000000083c00000| Untracked 
|  61|0x0000000083d00000, 0x0000000083e00000, 0x0000000083e00000|100%| O|  |TAMS 0x0000000083d00000| PB 0x0000000083d00000| Untracked 
|  62|0x0000000083e00000, 0x0000000083f00000, 0x0000000083f00000|100%| O|  |TAMS 0x0000000083e00000| PB 0x0000000083e00000| Untracked 
|  63|0x0000000083f00000, 0x0000000084000000, 0x0000000084000000|100%| O|  |TAMS 0x0000000083f00000| PB 0x0000000083f00000| Untracked 
|  64|0x0000000084000000, 0x0000000084100000, 0x0000000084100000|100%| O|  |TAMS 0x0000000084000000| PB 0x0000000084000000| Untracked 
|  65|0x0000000084100000, 0x0000000084200000, 0x0000000084200000|100%| O|  |TAMS 0x0000000084100000| PB 0x0000000084100000| Untracked 
|  66|0x0000000084200000, 0x0000000084300000, 0x0000000084300000|100%| O|  |TAMS 0x0000000084200000| PB 0x0000000084200000| Untracked 
|  67|0x0000000084300000, 0x0000000084400000, 0x0000000084400000|100%| O|  |TAMS 0x0000000084300000| PB 0x0000000084300000| Untracked 
|  68|0x0000000084400000, 0x0000000084500000, 0x0000000084500000|100%| O|  |TAMS 0x0000000084400000| PB 0x0000000084400000| Untracked 
|  69|0x0000000084500000, 0x0000000084600000, 0x0000000084600000|100%| O|  |TAMS 0x0000000084500000| PB 0x0000000084500000| Untracked 
|  70|0x0000000084600000, 0x0000000084700000, 0x0000000084700000|100%| O|  |TAMS 0x0000000084600000| PB 0x0000000084600000| Untracked 
|  71|0x0000000084700000, 0x0000000084800000, 0x0000000084800000|100%| O|  |TAMS 0x0000000084700000| PB 0x0000000084700000| Untracked 
|  72|0x0000000084800000, 0x0000000084900000, 0x0000000084900000|100%| O|  |TAMS 0x0000000084800000| PB 0x0000000084800000| Untracked 
|  73|0x0000000084900000, 0x0000000084a00000, 0x0000000084a00000|100%| O|  |TAMS 0x0000000084900000| PB 0x0000000084900000| Untracked 
|  74|0x0000000084a00000, 0x0000000084b00000, 0x0000000084b00000|100%| O|  |TAMS 0x0000000084a00000| PB 0x0000000084a00000| Untracked 
|  75|0x0000000084b00000, 0x0000000084c00000, 0x0000000084c00000|100%| O|  |TAMS 0x0000000084b00000| PB 0x0000000084b00000| Untracked 
|  76|0x0000000084c00000, 0x0000000084d00000, 0x0000000084d00000|100%| O|  |TAMS 0x0000000084c00000| PB 0x0000000084c00000| Untracked 
|  77|0x0000000084d00000, 0x0000000084e00000, 0x0000000084e00000|100%|HS|  |TAMS 0x0000000084d00000| PB 0x0000000084d00000| Complete 
|  78|0x0000000084e00000, 0x0000000084f00000, 0x0000000084f00000|100%|HC|  |TAMS 0x0000000084e00000| PB 0x0000000084e00000| Complete 
|  79|0x0000000084f00000, 0x0000000085000000, 0x0000000085000000|100%|HC|  |TAMS 0x0000000084f00000| PB 0x0000000084f00000| Complete 
|  80|0x0000000085000000, 0x0000000085100000, 0x0000000085100000|100%| O|  |TAMS 0x0000000085000000| PB 0x0000000085000000| Untracked 
|  81|0x0000000085100000, 0x0000000085200000, 0x0000000085200000|100%| O|  |TAMS 0x0000000085100000| PB 0x0000000085100000| Untracked 
|  82|0x0000000085200000, 0x0000000085300000, 0x0000000085300000|100%| O|  |TAMS 0x0000000085200000| PB 0x0000000085200000| Untracked 
|  83|0x0000000085300000, 0x0000000085400000, 0x0000000085400000|100%| O|  |TAMS 0x0000000085300000| PB 0x0000000085300000| Untracked 
|  84|0x0000000085400000, 0x0000000085500000, 0x0000000085500000|100%| O|  |TAMS 0x0000000085400000| PB 0x0000000085400000| Untracked 
|  85|0x0000000085500000, 0x0000000085600000, 0x0000000085600000|100%| O|  |TAMS 0x0000000085500000| PB 0x0000000085500000| Untracked 
|  86|0x0000000085600000, 0x0000000085700000, 0x0000000085700000|100%| O|  |TAMS 0x0000000085600000| PB 0x0000000085600000| Untracked 
|  87|0x0000000085700000, 0x0000000085800000, 0x0000000085800000|100%| O|  |TAMS 0x0000000085700000| PB 0x0000000085700000| Untracked 
|  88|0x0000000085800000, 0x0000000085900000, 0x0000000085900000|100%| O|  |TAMS 0x0000000085800000| PB 0x0000000085800000| Untracked 
|  89|0x0000000085900000, 0x0000000085a00000, 0x0000000085a00000|100%| O|  |TAMS 0x0000000085900000| PB 0x0000000085900000| Untracked 
|  90|0x0000000085a00000, 0x0000000085b00000, 0x0000000085b00000|100%| O|  |TAMS 0x0000000085a00000| PB 0x0000000085a00000| Untracked 
|  91|0x0000000085b00000, 0x0000000085c00000, 0x0000000085c00000|100%| O|  |TAMS 0x0000000085b00000| PB 0x0000000085b00000| Untracked 
|  92|0x0000000085c00000, 0x0000000085d00000, 0x0000000085d00000|100%| O|  |TAMS 0x0000000085c00000| PB 0x0000000085c00000| Untracked 
|  93|0x0000000085d00000, 0x0000000085e00000, 0x0000000085e00000|100%| O|  |TAMS 0x0000000085d00000| PB 0x0000000085d00000| Untracked 
|  94|0x0000000085e00000, 0x0000000085f00000, 0x0000000085f00000|100%| O|  |TAMS 0x0000000085e00000| PB 0x0000000085e00000| Untracked 
|  95|0x0000000085f00000, 0x0000000086000000, 0x0000000086000000|100%| O|  |TAMS 0x0000000085f00000| PB 0x0000000085f00000| Untracked 
|  96|0x0000000086000000, 0x0000000086100000, 0x0000000086100000|100%| O|  |TAMS 0x0000000086000000| PB 0x0000000086000000| Untracked 
|  97|0x0000000086100000, 0x0000000086200000, 0x0000000086200000|100%| O|  |TAMS 0x0000000086100000| PB 0x0000000086100000| Untracked 
|  98|0x0000000086200000, 0x0000000086300000, 0x0000000086300000|100%| O|  |TAMS 0x0000000086200000| PB 0x0000000086200000| Untracked 
|  99|0x0000000086300000, 0x0000000086400000, 0x0000000086400000|100%| O|  |TAMS 0x0000000086300000| PB 0x0000000086300000| Untracked 
| 100|0x0000000086400000, 0x0000000086500000, 0x0000000086500000|100%| O|  |TAMS 0x0000000086400000| PB 0x0000000086400000| Untracked 
| 101|0x0000000086500000, 0x0000000086600000, 0x0000000086600000|100%| O|  |TAMS 0x0000000086500000| PB 0x0000000086500000| Untracked 
| 102|0x0000000086600000, 0x0000000086700000, 0x0000000086700000|100%| O|  |TAMS 0x0000000086600000| PB 0x0000000086600000| Untracked 
| 103|0x0000000086700000, 0x0000000086800000, 0x0000000086800000|100%| O|  |TAMS 0x0000000086700000| PB 0x0000000086700000| Untracked 
| 104|0x0000000086800000, 0x0000000086900000, 0x0000000086900000|100%| O|  |TAMS 0x0000000086800000| PB 0x0000000086800000| Untracked 
| 105|0x0000000086900000, 0x0000000086a00000, 0x0000000086a00000|100%| O|  |TAMS 0x0000000086900000| PB 0x0000000086900000| Untracked 
| 106|0x0000000086a00000, 0x0000000086b00000, 0x0000000086b00000|100%| O|  |TAMS 0x0000000086a00000| PB 0x0000000086a00000| Untracked 
| 107|0x0000000086b00000, 0x0000000086c00000, 0x0000000086c00000|100%| O|  |TAMS 0x0000000086b00000| PB 0x0000000086b00000| Untracked 
| 108|0x0000000086c00000, 0x0000000086d00000, 0x0000000086d00000|100%| O|  |TAMS 0x0000000086c00000| PB 0x0000000086c00000| Untracked 
| 109|0x0000000086d00000, 0x0000000086e00000, 0x0000000086e00000|100%| O|  |TAMS 0x0000000086d00000| PB 0x0000000086d00000| Untracked 
| 110|0x0000000086e00000, 0x0000000086f00000, 0x0000000086f00000|100%| O|  |TAMS 0x0000000086e00000| PB 0x0000000086e00000| Untracked 
| 111|0x0000000086f00000, 0x0000000087000000, 0x0000000087000000|100%| O|  |TAMS 0x0000000086f00000| PB 0x0000000086f00000| Untracked 
| 112|0x0000000087000000, 0x0000000087100000, 0x0000000087100000|100%| O|  |TAMS 0x0000000087000000| PB 0x0000000087000000| Untracked 
| 113|0x0000000087100000, 0x0000000087200000, 0x0000000087200000|100%| O|  |TAMS 0x0000000087100000| PB 0x0000000087100000| Untracked 
| 114|0x0000000087200000, 0x0000000087300000, 0x0000000087300000|100%| O|  |TAMS 0x0000000087200000| PB 0x0000000087200000| Untracked 
| 115|0x0000000087300000, 0x0000000087400000, 0x0000000087400000|100%| O|  |TAMS 0x0000000087300000| PB 0x0000000087300000| Untracked 
| 116|0x0000000087400000, 0x0000000087500000, 0x0000000087500000|100%| O|  |TAMS 0x0000000087400000| PB 0x0000000087400000| Untracked 
| 117|0x0000000087500000, 0x0000000087600000, 0x0000000087600000|100%| O|  |TAMS 0x0000000087500000| PB 0x0000000087500000| Untracked 
| 118|0x0000000087600000, 0x0000000087700000, 0x0000000087700000|100%| O|  |TAMS 0x0000000087600000| PB 0x0000000087600000| Untracked 
| 119|0x0000000087700000, 0x0000000087800000, 0x0000000087800000|100%|HS|  |TAMS 0x0000000087700000| PB 0x0000000087700000| Complete 
| 120|0x0000000087800000, 0x0000000087900000, 0x0000000087900000|100%|HC|  |TAMS 0x0000000087800000| PB 0x0000000087800000| Complete 
| 121|0x0000000087900000, 0x0000000087a00000, 0x0000000087a00000|100%|HS|  |TAMS 0x0000000087900000| PB 0x0000000087900000| Complete 
| 122|0x0000000087a00000, 0x0000000087b00000, 0x0000000087b00000|100%| O|  |TAMS 0x0000000087a00000| PB 0x0000000087a00000| Untracked 
| 123|0x0000000087b00000, 0x0000000087c00000, 0x0000000087c00000|100%| O|  |TAMS 0x0000000087b00000| PB 0x0000000087b00000| Untracked 
| 124|0x0000000087c00000, 0x0000000087d00000, 0x0000000087d00000|100%| O|  |TAMS 0x0000000087c00000| PB 0x0000000087c00000| Untracked 
| 125|0x0000000087d00000, 0x0000000087e00000, 0x0000000087e00000|100%| O|  |TAMS 0x0000000087d00000| PB 0x0000000087d00000| Untracked 
| 126|0x0000000087e00000, 0x0000000087f00000, 0x0000000087f00000|100%| O|  |TAMS 0x0000000087e00000| PB 0x0000000087e00000| Untracked 
| 127|0x0000000087f00000, 0x0000000088000000, 0x0000000088000000|100%| O|  |TAMS 0x0000000087f00000| PB 0x0000000087f00000| Untracked 
| 128|0x0000000088000000, 0x0000000088100000, 0x0000000088100000|100%| O|  |TAMS 0x0000000088000000| PB 0x0000000088000000| Untracked 
| 129|0x0000000088100000, 0x0000000088200000, 0x0000000088200000|100%| O|  |TAMS 0x0000000088100000| PB 0x0000000088100000| Untracked 
| 130|0x0000000088200000, 0x0000000088300000, 0x0000000088300000|100%| O|  |TAMS 0x0000000088200000| PB 0x0000000088200000| Untracked 
| 131|0x0000000088300000, 0x0000000088400000, 0x0000000088400000|100%| O|  |TAMS 0x0000000088300000| PB 0x0000000088300000| Untracked 
| 132|0x0000000088400000, 0x0000000088500000, 0x0000000088500000|100%| O|  |TAMS 0x0000000088400000| PB 0x0000000088400000| Untracked 
| 133|0x0000000088500000, 0x0000000088600000, 0x0000000088600000|100%| O|  |TAMS 0x0000000088500000| PB 0x0000000088500000| Untracked 
| 134|0x0000000088600000, 0x0000000088700000, 0x0000000088700000|100%| O|  |TAMS 0x0000000088600000| PB 0x0000000088600000| Untracked 
| 135|0x0000000088700000, 0x0000000088800000, 0x0000000088800000|100%| O|  |TAMS 0x0000000088700000| PB 0x0000000088700000| Untracked 
| 136|0x0000000088800000, 0x0000000088900000, 0x0000000088900000|100%| O|  |TAMS 0x0000000088800000| PB 0x0000000088800000| Untracked 
| 137|0x0000000088900000, 0x0000000088a00000, 0x0000000088a00000|100%| O|  |TAMS 0x0000000088900000| PB 0x0000000088900000| Untracked 
| 138|0x0000000088a00000, 0x0000000088b00000, 0x0000000088b00000|100%| O|  |TAMS 0x0000000088a00000| PB 0x0000000088a00000| Untracked 
| 139|0x0000000088b00000, 0x0000000088c00000, 0x0000000088c00000|100%| O|  |TAMS 0x0000000088b00000| PB 0x0000000088b00000| Untracked 
| 140|0x0000000088c00000, 0x0000000088d00000, 0x0000000088d00000|100%| O|  |TAMS 0x0000000088c00000| PB 0x0000000088c00000| Untracked 
| 141|0x0000000088d00000, 0x0000000088e00000, 0x0000000088e00000|100%| O|  |TAMS 0x0000000088d00000| PB 0x0000000088d00000| Untracked 
| 142|0x0000000088e00000, 0x0000000088f00000, 0x0000000088f00000|100%|HS|  |TAMS 0x0000000088e00000| PB 0x0000000088e00000| Complete 
| 143|0x0000000088f00000, 0x0000000089000000, 0x0000000089000000|100%|HS|  |TAMS 0x0000000088f00000| PB 0x0000000088f00000| Complete 
| 144|0x0000000089000000, 0x0000000089100000, 0x0000000089100000|100%|HS|  |TAMS 0x0000000089000000| PB 0x0000000089000000| Complete 
| 145|0x0000000089100000, 0x0000000089200000, 0x0000000089200000|100%|HS|  |TAMS 0x0000000089100000| PB 0x0000000089100000| Complete 
| 146|0x0000000089200000, 0x0000000089300000, 0x0000000089300000|100%|HS|  |TAMS 0x0000000089200000| PB 0x0000000089200000| Complete 
| 147|0x0000000089300000, 0x0000000089400000, 0x0000000089400000|100%| O|  |TAMS 0x0000000089300000| PB 0x0000000089300000| Untracked 
| 148|0x0000000089400000, 0x0000000089500000, 0x0000000089500000|100%| O|  |TAMS 0x0000000089400000| PB 0x0000000089400000| Untracked 
| 149|0x0000000089500000, 0x0000000089600000, 0x0000000089600000|100%| O|  |TAMS 0x0000000089500000| PB 0x0000000089500000| Untracked 
| 150|0x0000000089600000, 0x0000000089700000, 0x0000000089700000|100%| O|  |TAMS 0x0000000089600000| PB 0x0000000089600000| Untracked 
| 151|0x0000000089700000, 0x0000000089800000, 0x0000000089800000|100%| O|  |TAMS 0x0000000089700000| PB 0x0000000089700000| Untracked 
| 152|0x0000000089800000, 0x0000000089900000, 0x0000000089900000|100%|HS|  |TAMS 0x0000000089800000| PB 0x0000000089800000| Complete 
| 153|0x0000000089900000, 0x0000000089a00000, 0x0000000089a00000|100%|HC|  |TAMS 0x0000000089900000| PB 0x0000000089900000| Complete 
| 154|0x0000000089a00000, 0x0000000089b00000, 0x0000000089b00000|100%|HS|  |TAMS 0x0000000089a00000| PB 0x0000000089a00000| Complete 
| 155|0x0000000089b00000, 0x0000000089c00000, 0x0000000089c00000|100%|HS|  |TAMS 0x0000000089b00000| PB 0x0000000089b00000| Complete 
| 156|0x0000000089c00000, 0x0000000089d00000, 0x0000000089d00000|100%|HS|  |TAMS 0x0000000089c00000| PB 0x0000000089c00000| Complete 
| 157|0x0000000089d00000, 0x0000000089e00000, 0x0000000089e00000|100%|HC|  |TAMS 0x0000000089d00000| PB 0x0000000089d00000| Complete 
| 158|0x0000000089e00000, 0x0000000089f00000, 0x0000000089f00000|100%| O|  |TAMS 0x0000000089e00000| PB 0x0000000089e00000| Untracked 
| 159|0x0000000089f00000, 0x000000008a000000, 0x000000008a000000|100%| O|  |TAMS 0x0000000089f00000| PB 0x0000000089f00000| Untracked 
| 160|0x000000008a000000, 0x000000008a100000, 0x000000008a100000|100%| O|  |TAMS 0x000000008a000000| PB 0x000000008a000000| Untracked 
| 161|0x000000008a100000, 0x000000008a200000, 0x000000008a200000|100%| O|  |TAMS 0x000000008a100000| PB 0x000000008a100000| Untracked 
| 162|0x000000008a200000, 0x000000008a300000, 0x000000008a300000|100%| O|  |TAMS 0x000000008a200000| PB 0x000000008a200000| Untracked 
| 163|0x000000008a300000, 0x000000008a400000, 0x000000008a400000|100%| O|  |TAMS 0x000000008a300000| PB 0x000000008a300000| Untracked 
| 164|0x000000008a400000, 0x000000008a500000, 0x000000008a500000|100%| O|  |TAMS 0x000000008a400000| PB 0x000000008a400000| Untracked 
| 165|0x000000008a500000, 0x000000008a600000, 0x000000008a600000|100%| O|  |TAMS 0x000000008a500000| PB 0x000000008a500000| Untracked 
| 166|0x000000008a600000, 0x000000008a700000, 0x000000008a700000|100%| O|  |TAMS 0x000000008a600000| PB 0x000000008a600000| Untracked 
| 167|0x000000008a700000, 0x000000008a800000, 0x000000008a800000|100%|HS|  |TAMS 0x000000008a700000| PB 0x000000008a700000| Complete 
| 168|0x000000008a800000, 0x000000008a900000, 0x000000008a900000|100%|HC|  |TAMS 0x000000008a800000| PB 0x000000008a800000| Complete 
| 169|0x000000008a900000, 0x000000008aa00000, 0x000000008aa00000|100%|HC|  |TAMS 0x000000008a900000| PB 0x000000008a900000| Complete 
| 170|0x000000008aa00000, 0x000000008ab00000, 0x000000008ab00000|100%| O|  |TAMS 0x000000008aa00000| PB 0x000000008aa00000| Untracked 
| 171|0x000000008ab00000, 0x000000008ac00000, 0x000000008ac00000|100%| O|  |TAMS 0x000000008ab00000| PB 0x000000008ab00000| Untracked 
| 172|0x000000008ac00000, 0x000000008ad00000, 0x000000008ad00000|100%| O|  |TAMS 0x000000008ac00000| PB 0x000000008ac00000| Untracked 
| 173|0x000000008ad00000, 0x000000008ae00000, 0x000000008ae00000|100%| O|  |TAMS 0x000000008ad00000| PB 0x000000008ad00000| Untracked 
| 174|0x000000008ae00000, 0x000000008af00000, 0x000000008af00000|100%| O|  |TAMS 0x000000008ae00000| PB 0x000000008ae00000| Untracked 
| 175|0x000000008af00000, 0x000000008b000000, 0x000000008b000000|100%| O|  |TAMS 0x000000008af00000| PB 0x000000008af00000| Untracked 
| 176|0x000000008b000000, 0x000000008b100000, 0x000000008b100000|100%| O|  |TAMS 0x000000008b000000| PB 0x000000008b000000| Untracked 
| 177|0x000000008b100000, 0x000000008b200000, 0x000000008b200000|100%| O|  |TAMS 0x000000008b100000| PB 0x000000008b100000| Untracked 
| 178|0x000000008b200000, 0x000000008b300000, 0x000000008b300000|100%| O|  |TAMS 0x000000008b200000| PB 0x000000008b200000| Untracked 
| 179|0x000000008b300000, 0x000000008b400000, 0x000000008b400000|100%| O|  |TAMS 0x000000008b300000| PB 0x000000008b300000| Untracked 
| 180|0x000000008b400000, 0x000000008b500000, 0x000000008b500000|100%| O|  |TAMS 0x000000008b400000| PB 0x000000008b400000| Untracked 
| 181|0x000000008b500000, 0x000000008b600000, 0x000000008b600000|100%| O|  |TAMS 0x000000008b500000| PB 0x000000008b500000| Untracked 
| 182|0x000000008b600000, 0x000000008b700000, 0x000000008b700000|100%| O|  |TAMS 0x000000008b600000| PB 0x000000008b600000| Untracked 
| 183|0x000000008b700000, 0x000000008b800000, 0x000000008b800000|100%| O|  |TAMS 0x000000008b700000| PB 0x000000008b700000| Untracked 
| 184|0x000000008b800000, 0x000000008b900000, 0x000000008b900000|100%| O|  |TAMS 0x000000008b800000| PB 0x000000008b800000| Untracked 
| 185|0x000000008b900000, 0x000000008ba00000, 0x000000008ba00000|100%| O|  |TAMS 0x000000008b900000| PB 0x000000008b900000| Untracked 
| 186|0x000000008ba00000, 0x000000008bb00000, 0x000000008bb00000|100%| O|  |TAMS 0x000000008ba00000| PB 0x000000008ba00000| Untracked 
| 187|0x000000008bb00000, 0x000000008bc00000, 0x000000008bc00000|100%| O|  |TAMS 0x000000008bb00000| PB 0x000000008bb00000| Untracked 
| 188|0x000000008bc00000, 0x000000008bd00000, 0x000000008bd00000|100%| O|  |TAMS 0x000000008bc00000| PB 0x000000008bc00000| Untracked 
| 189|0x000000008bd00000, 0x000000008be00000, 0x000000008be00000|100%| O|  |TAMS 0x000000008bd00000| PB 0x000000008bd00000| Untracked 
| 190|0x000000008be00000, 0x000000008bf00000, 0x000000008bf00000|100%| O|  |TAMS 0x000000008be00000| PB 0x000000008be00000| Untracked 
| 191|0x000000008bf00000, 0x000000008c000000, 0x000000008c000000|100%|HS|  |TAMS 0x000000008bf00000| PB 0x000000008bf00000| Complete 
| 192|0x000000008c000000, 0x000000008c100000, 0x000000008c100000|100%| O|  |TAMS 0x000000008c000000| PB 0x000000008c000000| Untracked 
| 193|0x000000008c100000, 0x000000008c200000, 0x000000008c200000|100%|HS|  |TAMS 0x000000008c100000| PB 0x000000008c100000| Complete 
| 194|0x000000008c200000, 0x000000008c300000, 0x000000008c300000|100%|HS|  |TAMS 0x000000008c200000| PB 0x000000008c200000| Complete 
| 195|0x000000008c300000, 0x000000008c400000, 0x000000008c400000|100%|HC|  |TAMS 0x000000008c300000| PB 0x000000008c300000| Complete 
| 196|0x000000008c400000, 0x000000008c500000, 0x000000008c500000|100%| O|  |TAMS 0x000000008c400000| PB 0x000000008c400000| Untracked 
| 197|0x000000008c500000, 0x000000008c600000, 0x000000008c600000|100%| O|  |TAMS 0x000000008c500000| PB 0x000000008c500000| Untracked 
| 198|0x000000008c600000, 0x000000008c700000, 0x000000008c700000|100%| O|  |TAMS 0x000000008c600000| PB 0x000000008c600000| Untracked 
| 199|0x000000008c700000, 0x000000008c800000, 0x000000008c800000|100%| O|  |TAMS 0x000000008c700000| PB 0x000000008c700000| Untracked 
| 200|0x000000008c800000, 0x000000008c900000, 0x000000008c900000|100%| O|  |TAMS 0x000000008c800000| PB 0x000000008c800000| Untracked 
| 201|0x000000008c900000, 0x000000008ca00000, 0x000000008ca00000|100%| O|  |TAMS 0x000000008c900000| PB 0x000000008c900000| Untracked 
| 202|0x000000008ca00000, 0x000000008cb00000, 0x000000008cb00000|100%| O|  |TAMS 0x000000008ca00000| PB 0x000000008ca00000| Untracked 
| 203|0x000000008cb00000, 0x000000008cc00000, 0x000000008cc00000|100%| O|  |TAMS 0x000000008cb00000| PB 0x000000008cb00000| Untracked 
| 204|0x000000008cc00000, 0x000000008cd00000, 0x000000008cd00000|100%| O|  |TAMS 0x000000008cc00000| PB 0x000000008cc00000| Untracked 
| 205|0x000000008cd00000, 0x000000008ce00000, 0x000000008ce00000|100%| O|  |TAMS 0x000000008cd00000| PB 0x000000008cd00000| Untracked 
| 206|0x000000008ce00000, 0x000000008cf00000, 0x000000008cf00000|100%| O|  |TAMS 0x000000008ce00000| PB 0x000000008ce00000| Untracked 
| 207|0x000000008cf00000, 0x000000008d000000, 0x000000008d000000|100%| O|  |TAMS 0x000000008cf00000| PB 0x000000008cf00000| Untracked 
| 208|0x000000008d000000, 0x000000008d100000, 0x000000008d100000|100%| O|  |TAMS 0x000000008d000000| PB 0x000000008d000000| Untracked 
| 209|0x000000008d100000, 0x000000008d200000, 0x000000008d200000|100%| O|  |TAMS 0x000000008d100000| PB 0x000000008d100000| Untracked 
| 210|0x000000008d200000, 0x000000008d300000, 0x000000008d300000|100%| O|  |TAMS 0x000000008d200000| PB 0x000000008d200000| Untracked 
| 211|0x000000008d300000, 0x000000008d400000, 0x000000008d400000|100%| O|  |TAMS 0x000000008d300000| PB 0x000000008d300000| Untracked 
| 212|0x000000008d400000, 0x000000008d400000, 0x000000008d500000|  0%| F|  |TAMS 0x000000008d400000| PB 0x000000008d400000| Untracked 
| 213|0x000000008d500000, 0x000000008d600000, 0x000000008d600000|100%| O|  |TAMS 0x000000008d500000| PB 0x000000008d500000| Untracked 
| 214|0x000000008d600000, 0x000000008d700000, 0x000000008d700000|100%| O|  |TAMS 0x000000008d600000| PB 0x000000008d600000| Untracked 
| 215|0x000000008d700000, 0x000000008d800000, 0x000000008d800000|100%| O|  |TAMS 0x000000008d700000| PB 0x000000008d700000| Untracked 
| 216|0x000000008d800000, 0x000000008d900000, 0x000000008d900000|100%| O|  |TAMS 0x000000008d800000| PB 0x000000008d800000| Untracked 
| 217|0x000000008d900000, 0x000000008da00000, 0x000000008da00000|100%| O|  |TAMS 0x000000008d900000| PB 0x000000008d900000| Untracked 
| 218|0x000000008da00000, 0x000000008db00000, 0x000000008db00000|100%| O|  |TAMS 0x000000008da00000| PB 0x000000008da00000| Untracked 
| 219|0x000000008db00000, 0x000000008dc00000, 0x000000008dc00000|100%| O|  |TAMS 0x000000008db00000| PB 0x000000008db00000| Untracked 
| 220|0x000000008dc00000, 0x000000008dd00000, 0x000000008dd00000|100%| O|  |TAMS 0x000000008dc00000| PB 0x000000008dc00000| Untracked 
| 221|0x000000008dd00000, 0x000000008de00000, 0x000000008de00000|100%| O|  |TAMS 0x000000008dd00000| PB 0x000000008dd00000| Untracked 
| 222|0x000000008de00000, 0x000000008df00000, 0x000000008df00000|100%| O|  |TAMS 0x000000008de00000| PB 0x000000008de00000| Untracked 
| 223|0x000000008df00000, 0x000000008e000000, 0x000000008e000000|100%| O|  |TAMS 0x000000008df00000| PB 0x000000008df00000| Untracked 
| 224|0x000000008e000000, 0x000000008e100000, 0x000000008e100000|100%| O|  |TAMS 0x000000008e000000| PB 0x000000008e000000| Untracked 
| 225|0x000000008e100000, 0x000000008e200000, 0x000000008e200000|100%| O|  |TAMS 0x000000008e100000| PB 0x000000008e100000| Untracked 
| 226|0x000000008e200000, 0x000000008e300000, 0x000000008e300000|100%| O|  |TAMS 0x000000008e200000| PB 0x000000008e200000| Untracked 
| 227|0x000000008e300000, 0x000000008e400000, 0x000000008e400000|100%| O|  |TAMS 0x000000008e300000| PB 0x000000008e300000| Untracked 
| 228|0x000000008e400000, 0x000000008e500000, 0x000000008e500000|100%| O|  |TAMS 0x000000008e400000| PB 0x000000008e400000| Untracked 
| 229|0x000000008e500000, 0x000000008e600000, 0x000000008e600000|100%| O|  |TAMS 0x000000008e500000| PB 0x000000008e500000| Untracked 
| 230|0x000000008e600000, 0x000000008e700000, 0x000000008e700000|100%| O|  |TAMS 0x000000008e600000| PB 0x000000008e600000| Untracked 
| 231|0x000000008e700000, 0x000000008e800000, 0x000000008e800000|100%| O|  |TAMS 0x000000008e700000| PB 0x000000008e700000| Untracked 
| 232|0x000000008e800000, 0x000000008e900000, 0x000000008e900000|100%| O|  |TAMS 0x000000008e800000| PB 0x000000008e800000| Untracked 
| 233|0x000000008e900000, 0x000000008ea00000, 0x000000008ea00000|100%| O|  |TAMS 0x000000008e900000| PB 0x000000008e900000| Untracked 
| 234|0x000000008ea00000, 0x000000008eb00000, 0x000000008eb00000|100%| O|  |TAMS 0x000000008ea00000| PB 0x000000008ea00000| Untracked 
| 235|0x000000008eb00000, 0x000000008ec00000, 0x000000008ec00000|100%| O|  |TAMS 0x000000008eb00000| PB 0x000000008eb00000| Untracked 
| 236|0x000000008ec00000, 0x000000008ed00000, 0x000000008ed00000|100%| O|  |TAMS 0x000000008ec00000| PB 0x000000008ec00000| Untracked 
| 237|0x000000008ed00000, 0x000000008ee00000, 0x000000008ee00000|100%| O|  |TAMS 0x000000008ed00000| PB 0x000000008ed00000| Untracked 
| 238|0x000000008ee00000, 0x000000008ef00000, 0x000000008ef00000|100%| O|  |TAMS 0x000000008ee00000| PB 0x000000008ee00000| Untracked 
| 239|0x000000008ef00000, 0x000000008f000000, 0x000000008f000000|100%| O|  |TAMS 0x000000008ef00000| PB 0x000000008ef00000| Untracked 
| 240|0x000000008f000000, 0x000000008f100000, 0x000000008f100000|100%| O|  |TAMS 0x000000008f000000| PB 0x000000008f000000| Untracked 
| 241|0x000000008f100000, 0x000000008f200000, 0x000000008f200000|100%| O|  |TAMS 0x000000008f100000| PB 0x000000008f100000| Untracked 
| 242|0x000000008f200000, 0x000000008f300000, 0x000000008f300000|100%| O|  |TAMS 0x000000008f200000| PB 0x000000008f200000| Untracked 
| 243|0x000000008f300000, 0x000000008f400000, 0x000000008f400000|100%| O|  |TAMS 0x000000008f300000| PB 0x000000008f300000| Untracked 
| 244|0x000000008f400000, 0x000000008f500000, 0x000000008f500000|100%| O|  |TAMS 0x000000008f400000| PB 0x000000008f400000| Untracked 
| 245|0x000000008f500000, 0x000000008f600000, 0x000000008f600000|100%| O|  |TAMS 0x000000008f500000| PB 0x000000008f500000| Untracked 
| 246|0x000000008f600000, 0x000000008f700000, 0x000000008f700000|100%| O|  |TAMS 0x000000008f600000| PB 0x000000008f600000| Untracked 
| 247|0x000000008f700000, 0x000000008f800000, 0x000000008f800000|100%| O|  |TAMS 0x000000008f700000| PB 0x000000008f700000| Untracked 
| 248|0x000000008f800000, 0x000000008f900000, 0x000000008f900000|100%| O|  |TAMS 0x000000008f800000| PB 0x000000008f800000| Untracked 
| 249|0x000000008f900000, 0x000000008fa00000, 0x000000008fa00000|100%| O|  |TAMS 0x000000008f900000| PB 0x000000008f900000| Untracked 
| 250|0x000000008fa00000, 0x000000008fb00000, 0x000000008fb00000|100%|HS|  |TAMS 0x000000008fa00000| PB 0x000000008fa00000| Complete 
| 251|0x000000008fb00000, 0x000000008fc00000, 0x000000008fc00000|100%|HC|  |TAMS 0x000000008fb00000| PB 0x000000008fb00000| Complete 
| 252|0x000000008fc00000, 0x000000008fd00000, 0x000000008fd00000|100%| O|  |TAMS 0x000000008fc00000| PB 0x000000008fc00000| Untracked 
| 253|0x000000008fd00000, 0x000000008fe00000, 0x000000008fe00000|100%| O|  |TAMS 0x000000008fd00000| PB 0x000000008fd00000| Untracked 
| 254|0x000000008fe00000, 0x000000008ff00000, 0x000000008ff00000|100%| O|  |TAMS 0x000000008fe00000| PB 0x000000008fe00000| Untracked 
| 255|0x000000008ff00000, 0x0000000090000000, 0x0000000090000000|100%|HS|  |TAMS 0x000000008ff00000| PB 0x000000008ff00000| Complete 
| 256|0x0000000090000000, 0x0000000090100000, 0x0000000090100000|100%| O|  |TAMS 0x0000000090000000| PB 0x0000000090000000| Untracked 
| 257|0x0000000090100000, 0x0000000090200000, 0x0000000090200000|100%| O|  |TAMS 0x0000000090100000| PB 0x0000000090100000| Untracked 
| 258|0x0000000090200000, 0x0000000090300000, 0x0000000090300000|100%| O|  |TAMS 0x0000000090200000| PB 0x0000000090200000| Untracked 
| 259|0x0000000090300000, 0x0000000090400000, 0x0000000090400000|100%| O|  |TAMS 0x0000000090300000| PB 0x0000000090300000| Untracked 
| 260|0x0000000090400000, 0x0000000090500000, 0x0000000090500000|100%| O|  |TAMS 0x0000000090400000| PB 0x0000000090400000| Untracked 
| 261|0x0000000090500000, 0x0000000090600000, 0x0000000090600000|100%| O|  |TAMS 0x0000000090500000| PB 0x0000000090500000| Untracked 
| 262|0x0000000090600000, 0x0000000090700000, 0x0000000090700000|100%| O|  |TAMS 0x0000000090600000| PB 0x0000000090600000| Untracked 
| 263|0x0000000090700000, 0x0000000090800000, 0x0000000090800000|100%| O|  |TAMS 0x0000000090700000| PB 0x0000000090700000| Untracked 
| 264|0x0000000090800000, 0x0000000090900000, 0x0000000090900000|100%|HS|  |TAMS 0x0000000090800000| PB 0x0000000090800000| Complete 
| 265|0x0000000090900000, 0x0000000090a00000, 0x0000000090a00000|100%|HC|  |TAMS 0x0000000090900000| PB 0x0000000090900000| Complete 
| 266|0x0000000090a00000, 0x0000000090b00000, 0x0000000090b00000|100%|HC|  |TAMS 0x0000000090a00000| PB 0x0000000090a00000| Complete 
| 267|0x0000000090b00000, 0x0000000090c00000, 0x0000000090c00000|100%| O|  |TAMS 0x0000000090b00000| PB 0x0000000090b00000| Untracked 
| 268|0x0000000090c00000, 0x0000000090d00000, 0x0000000090d00000|100%| O|  |TAMS 0x0000000090c00000| PB 0x0000000090c00000| Untracked 
| 269|0x0000000090d00000, 0x0000000090e00000, 0x0000000090e00000|100%| O|  |TAMS 0x0000000090d00000| PB 0x0000000090d00000| Untracked 
| 270|0x0000000090e00000, 0x0000000090f00000, 0x0000000090f00000|100%| O|  |TAMS 0x0000000090e00000| PB 0x0000000090e00000| Untracked 
| 271|0x0000000090f00000, 0x0000000091000000, 0x0000000091000000|100%| O|  |TAMS 0x0000000090f00000| PB 0x0000000090f00000| Untracked 
| 272|0x0000000091000000, 0x0000000091100000, 0x0000000091100000|100%| O|  |TAMS 0x0000000091000000| PB 0x0000000091000000| Untracked 
| 273|0x0000000091100000, 0x0000000091200000, 0x0000000091200000|100%| O|  |TAMS 0x0000000091100000| PB 0x0000000091100000| Untracked 
| 274|0x0000000091200000, 0x0000000091300000, 0x0000000091300000|100%| O|  |TAMS 0x0000000091200000| PB 0x0000000091200000| Untracked 
| 275|0x0000000091300000, 0x0000000091400000, 0x0000000091400000|100%| O|  |TAMS 0x0000000091300000| PB 0x0000000091300000| Untracked 
| 276|0x0000000091400000, 0x0000000091500000, 0x0000000091500000|100%| O|  |TAMS 0x0000000091400000| PB 0x0000000091400000| Untracked 
| 277|0x0000000091500000, 0x0000000091600000, 0x0000000091600000|100%| O|  |TAMS 0x0000000091500000| PB 0x0000000091500000| Untracked 
| 278|0x0000000091600000, 0x0000000091700000, 0x0000000091700000|100%| O|  |TAMS 0x0000000091600000| PB 0x0000000091600000| Untracked 
| 279|0x0000000091700000, 0x0000000091800000, 0x0000000091800000|100%| O|  |TAMS 0x0000000091700000| PB 0x0000000091700000| Untracked 
| 280|0x0000000091800000, 0x0000000091900000, 0x0000000091900000|100%| O|  |TAMS 0x0000000091800000| PB 0x0000000091800000| Untracked 
| 281|0x0000000091900000, 0x0000000091a00000, 0x0000000091a00000|100%| O|  |TAMS 0x0000000091900000| PB 0x0000000091900000| Untracked 
| 282|0x0000000091a00000, 0x0000000091b00000, 0x0000000091b00000|100%| O|  |TAMS 0x0000000091a00000| PB 0x0000000091a00000| Untracked 
| 283|0x0000000091b00000, 0x0000000091c00000, 0x0000000091c00000|100%| O|  |TAMS 0x0000000091b00000| PB 0x0000000091b00000| Untracked 
| 284|0x0000000091c00000, 0x0000000091d00000, 0x0000000091d00000|100%| O|  |TAMS 0x0000000091c00000| PB 0x0000000091c00000| Untracked 
| 285|0x0000000091d00000, 0x0000000091e00000, 0x0000000091e00000|100%| O|  |TAMS 0x0000000091d00000| PB 0x0000000091d00000| Untracked 
| 286|0x0000000091e00000, 0x0000000091f00000, 0x0000000091f00000|100%| O|  |TAMS 0x0000000091e00000| PB 0x0000000091e00000| Untracked 
| 287|0x0000000091f00000, 0x0000000092000000, 0x0000000092000000|100%| O|  |TAMS 0x0000000091f00000| PB 0x0000000091f00000| Untracked 
| 288|0x0000000092000000, 0x0000000092100000, 0x0000000092100000|100%| O|  |TAMS 0x0000000092000000| PB 0x0000000092000000| Untracked 
| 289|0x0000000092100000, 0x0000000092200000, 0x0000000092200000|100%| O|  |TAMS 0x0000000092100000| PB 0x0000000092100000| Untracked 
| 290|0x0000000092200000, 0x0000000092300000, 0x0000000092300000|100%| O|  |TAMS 0x0000000092200000| PB 0x0000000092200000| Untracked 
| 291|0x0000000092300000, 0x0000000092400000, 0x0000000092400000|100%| O|  |TAMS 0x0000000092300000| PB 0x0000000092300000| Untracked 
| 292|0x0000000092400000, 0x0000000092500000, 0x0000000092500000|100%| O|  |TAMS 0x0000000092400000| PB 0x0000000092400000| Untracked 
| 293|0x0000000092500000, 0x0000000092600000, 0x0000000092600000|100%| O|  |TAMS 0x0000000092500000| PB 0x0000000092500000| Untracked 
| 294|0x0000000092600000, 0x0000000092700000, 0x0000000092700000|100%| O|  |TAMS 0x0000000092600000| PB 0x0000000092600000| Untracked 
| 295|0x0000000092700000, 0x0000000092800000, 0x0000000092800000|100%| O|  |TAMS 0x0000000092700000| PB 0x0000000092700000| Untracked 
| 296|0x0000000092800000, 0x0000000092900000, 0x0000000092900000|100%| O|  |TAMS 0x0000000092800000| PB 0x0000000092800000| Untracked 
| 297|0x0000000092900000, 0x0000000092a00000, 0x0000000092a00000|100%| O|  |TAMS 0x0000000092900000| PB 0x0000000092900000| Untracked 
| 298|0x0000000092a00000, 0x0000000092b00000, 0x0000000092b00000|100%| O|  |TAMS 0x0000000092a00000| PB 0x0000000092a00000| Untracked 
| 299|0x0000000092b00000, 0x0000000092c00000, 0x0000000092c00000|100%| O|  |TAMS 0x0000000092b00000| PB 0x0000000092b00000| Untracked 
| 300|0x0000000092c00000, 0x0000000092d00000, 0x0000000092d00000|100%| O|  |TAMS 0x0000000092c00000| PB 0x0000000092c00000| Untracked 
| 301|0x0000000092d00000, 0x0000000092e00000, 0x0000000092e00000|100%| O|  |TAMS 0x0000000092d00000| PB 0x0000000092d00000| Untracked 
| 302|0x0000000092e00000, 0x0000000092f00000, 0x0000000092f00000|100%| O|  |TAMS 0x0000000092e00000| PB 0x0000000092e00000| Untracked 
| 303|0x0000000092f00000, 0x0000000093000000, 0x0000000093000000|100%| O|  |TAMS 0x0000000092f00000| PB 0x0000000092f00000| Untracked 
| 304|0x0000000093000000, 0x0000000093000000, 0x0000000093100000|  0%| F|  |TAMS 0x0000000093000000| PB 0x0000000093000000| Untracked 
| 305|0x0000000093100000, 0x0000000093200000, 0x0000000093200000|100%| O|  |TAMS 0x0000000093100000| PB 0x0000000093100000| Untracked 
| 306|0x0000000093200000, 0x0000000093300000, 0x0000000093300000|100%| O|  |TAMS 0x0000000093200000| PB 0x0000000093200000| Untracked 
| 307|0x0000000093300000, 0x0000000093400000, 0x0000000093400000|100%| O|  |TAMS 0x0000000093300000| PB 0x0000000093300000| Untracked 
| 308|0x0000000093400000, 0x0000000093500000, 0x0000000093500000|100%| O|  |TAMS 0x0000000093400000| PB 0x0000000093400000| Untracked 
| 309|0x0000000093500000, 0x0000000093600000, 0x0000000093600000|100%| O|  |TAMS 0x0000000093500000| PB 0x0000000093500000| Untracked 
| 310|0x0000000093600000, 0x0000000093700000, 0x0000000093700000|100%| O|  |TAMS 0x0000000093600000| PB 0x0000000093600000| Untracked 
| 311|0x0000000093700000, 0x0000000093800000, 0x0000000093800000|100%| O|  |TAMS 0x0000000093700000| PB 0x0000000093700000| Untracked 
| 312|0x0000000093800000, 0x0000000093900000, 0x0000000093900000|100%| O|  |TAMS 0x0000000093800000| PB 0x0000000093800000| Untracked 
| 313|0x0000000093900000, 0x0000000093a00000, 0x0000000093a00000|100%| O|  |TAMS 0x0000000093900000| PB 0x0000000093900000| Untracked 
| 314|0x0000000093a00000, 0x0000000093b00000, 0x0000000093b00000|100%| O|  |TAMS 0x0000000093a00000| PB 0x0000000093a00000| Untracked 
| 315|0x0000000093b00000, 0x0000000093c00000, 0x0000000093c00000|100%| O|  |TAMS 0x0000000093b00000| PB 0x0000000093b00000| Untracked 
| 316|0x0000000093c00000, 0x0000000093d00000, 0x0000000093d00000|100%| O|  |TAMS 0x0000000093c00000| PB 0x0000000093c00000| Untracked 
| 317|0x0000000093d00000, 0x0000000093e00000, 0x0000000093e00000|100%| O|  |TAMS 0x0000000093d00000| PB 0x0000000093d00000| Untracked 
| 318|0x0000000093e00000, 0x0000000093f00000, 0x0000000093f00000|100%| O|  |TAMS 0x0000000093e00000| PB 0x0000000093e00000| Untracked 
| 319|0x0000000093f00000, 0x0000000094000000, 0x0000000094000000|100%| O|  |TAMS 0x0000000093f00000| PB 0x0000000093f00000| Untracked 
| 320|0x0000000094000000, 0x0000000094100000, 0x0000000094100000|100%| O|  |TAMS 0x0000000094000000| PB 0x0000000094000000| Untracked 
| 321|0x0000000094100000, 0x0000000094200000, 0x0000000094200000|100%| O|  |TAMS 0x0000000094100000| PB 0x0000000094100000| Untracked 
| 322|0x0000000094200000, 0x0000000094300000, 0x0000000094300000|100%| O|  |TAMS 0x0000000094200000| PB 0x0000000094200000| Untracked 
| 323|0x0000000094300000, 0x0000000094400000, 0x0000000094400000|100%| O|  |TAMS 0x0000000094300000| PB 0x0000000094300000| Untracked 
| 324|0x0000000094400000, 0x0000000094500000, 0x0000000094500000|100%| O|  |TAMS 0x0000000094400000| PB 0x0000000094400000| Untracked 
| 325|0x0000000094500000, 0x0000000094600000, 0x0000000094600000|100%| O|  |TAMS 0x0000000094500000| PB 0x0000000094500000| Untracked 
| 326|0x0000000094600000, 0x0000000094700000, 0x0000000094700000|100%| O|  |TAMS 0x0000000094600000| PB 0x0000000094600000| Untracked 
| 327|0x0000000094700000, 0x0000000094800000, 0x0000000094800000|100%| O|  |TAMS 0x0000000094700000| PB 0x0000000094700000| Untracked 
| 328|0x0000000094800000, 0x0000000094900000, 0x0000000094900000|100%| O|  |TAMS 0x0000000094800000| PB 0x0000000094800000| Untracked 
| 329|0x0000000094900000, 0x0000000094a00000, 0x0000000094a00000|100%| O|  |TAMS 0x0000000094900000| PB 0x0000000094900000| Untracked 
| 330|0x0000000094a00000, 0x0000000094b00000, 0x0000000094b00000|100%| O|  |TAMS 0x0000000094a00000| PB 0x0000000094a00000| Untracked 
| 331|0x0000000094b00000, 0x0000000094c00000, 0x0000000094c00000|100%|HS|  |TAMS 0x0000000094b00000| PB 0x0000000094b00000| Complete 
| 332|0x0000000094c00000, 0x0000000094d00000, 0x0000000094d00000|100%| O|  |TAMS 0x0000000094c00000| PB 0x0000000094c00000| Untracked 
| 333|0x0000000094d00000, 0x0000000094e00000, 0x0000000094e00000|100%| O|  |TAMS 0x0000000094d00000| PB 0x0000000094d00000| Untracked 
| 334|0x0000000094e00000, 0x0000000094f00000, 0x0000000094f00000|100%| O|  |TAMS 0x0000000094e00000| PB 0x0000000094e00000| Untracked 
| 335|0x0000000094f00000, 0x0000000095000000, 0x0000000095000000|100%| O|  |TAMS 0x0000000094f00000| PB 0x0000000094f00000| Untracked 
| 336|0x0000000095000000, 0x0000000095100000, 0x0000000095100000|100%| O|  |TAMS 0x0000000095000000| PB 0x0000000095000000| Untracked 
| 337|0x0000000095100000, 0x0000000095200000, 0x0000000095200000|100%| O|  |TAMS 0x0000000095100000| PB 0x0000000095100000| Untracked 
| 338|0x0000000095200000, 0x0000000095300000, 0x0000000095300000|100%| O|  |TAMS 0x0000000095200000| PB 0x0000000095200000| Untracked 
| 339|0x0000000095300000, 0x0000000095400000, 0x0000000095400000|100%| O|  |TAMS 0x0000000095300000| PB 0x0000000095300000| Untracked 
| 340|0x0000000095400000, 0x0000000095500000, 0x0000000095500000|100%| O|  |TAMS 0x0000000095400000| PB 0x0000000095400000| Untracked 
| 341|0x0000000095500000, 0x0000000095600000, 0x0000000095600000|100%| O|  |TAMS 0x0000000095500000| PB 0x0000000095500000| Untracked 
| 342|0x0000000095600000, 0x0000000095700000, 0x0000000095700000|100%| O|  |TAMS 0x0000000095600000| PB 0x0000000095600000| Untracked 
| 343|0x0000000095700000, 0x0000000095800000, 0x0000000095800000|100%| O|  |TAMS 0x0000000095700000| PB 0x0000000095700000| Untracked 
| 344|0x0000000095800000, 0x0000000095900000, 0x0000000095900000|100%| O|  |TAMS 0x0000000095800000| PB 0x0000000095800000| Untracked 
| 345|0x0000000095900000, 0x0000000095a00000, 0x0000000095a00000|100%| O|  |TAMS 0x0000000095900000| PB 0x0000000095900000| Untracked 
| 346|0x0000000095a00000, 0x0000000095b00000, 0x0000000095b00000|100%| O|  |TAMS 0x0000000095a00000| PB 0x0000000095a00000| Untracked 
| 347|0x0000000095b00000, 0x0000000095c00000, 0x0000000095c00000|100%| O|  |TAMS 0x0000000095b00000| PB 0x0000000095b00000| Untracked 
| 348|0x0000000095c00000, 0x0000000095d00000, 0x0000000095d00000|100%| O|  |TAMS 0x0000000095c00000| PB 0x0000000095c00000| Untracked 
| 349|0x0000000095d00000, 0x0000000095e00000, 0x0000000095e00000|100%| O|  |TAMS 0x0000000095d00000| PB 0x0000000095d00000| Untracked 
| 350|0x0000000095e00000, 0x0000000095f00000, 0x0000000095f00000|100%| O|  |TAMS 0x0000000095e00000| PB 0x0000000095e00000| Untracked 
| 351|0x0000000095f00000, 0x0000000096000000, 0x0000000096000000|100%| O|  |TAMS 0x0000000095f00000| PB 0x0000000095f00000| Untracked 
| 352|0x0000000096000000, 0x0000000096100000, 0x0000000096100000|100%| O|  |TAMS 0x0000000096000000| PB 0x0000000096000000| Untracked 
| 353|0x0000000096100000, 0x0000000096200000, 0x0000000096200000|100%| O|  |TAMS 0x0000000096100000| PB 0x0000000096100000| Untracked 
| 354|0x0000000096200000, 0x0000000096300000, 0x0000000096300000|100%| O|  |TAMS 0x0000000096200000| PB 0x0000000096200000| Untracked 
| 355|0x0000000096300000, 0x0000000096400000, 0x0000000096400000|100%| O|  |TAMS 0x0000000096300000| PB 0x0000000096300000| Untracked 
| 356|0x0000000096400000, 0x0000000096500000, 0x0000000096500000|100%| O|  |TAMS 0x0000000096400000| PB 0x0000000096400000| Untracked 
| 357|0x0000000096500000, 0x0000000096600000, 0x0000000096600000|100%| O|  |TAMS 0x0000000096500000| PB 0x0000000096500000| Untracked 
| 358|0x0000000096600000, 0x0000000096700000, 0x0000000096700000|100%| O|  |TAMS 0x0000000096600000| PB 0x0000000096600000| Untracked 
| 359|0x0000000096700000, 0x0000000096800000, 0x0000000096800000|100%| O|  |TAMS 0x0000000096700000| PB 0x0000000096700000| Untracked 
| 360|0x0000000096800000, 0x0000000096900000, 0x0000000096900000|100%| O|  |TAMS 0x0000000096800000| PB 0x0000000096800000| Untracked 
| 361|0x0000000096900000, 0x0000000096a00000, 0x0000000096a00000|100%| O|  |TAMS 0x0000000096900000| PB 0x0000000096900000| Untracked 
| 362|0x0000000096a00000, 0x0000000096b00000, 0x0000000096b00000|100%| O|  |TAMS 0x0000000096a00000| PB 0x0000000096a00000| Untracked 
| 363|0x0000000096b00000, 0x0000000096c00000, 0x0000000096c00000|100%| O|  |TAMS 0x0000000096b00000| PB 0x0000000096b00000| Untracked 
| 364|0x0000000096c00000, 0x0000000096d00000, 0x0000000096d00000|100%| O|  |TAMS 0x0000000096c00000| PB 0x0000000096c00000| Untracked 
| 365|0x0000000096d00000, 0x0000000096e00000, 0x0000000096e00000|100%| O|  |TAMS 0x0000000096d00000| PB 0x0000000096d00000| Untracked 
| 366|0x0000000096e00000, 0x0000000096f00000, 0x0000000096f00000|100%| O|  |TAMS 0x0000000096e00000| PB 0x0000000096e00000| Untracked 
| 367|0x0000000096f00000, 0x0000000097000000, 0x0000000097000000|100%| O|  |TAMS 0x0000000096f00000| PB 0x0000000096f00000| Untracked 
| 368|0x0000000097000000, 0x0000000097100000, 0x0000000097100000|100%| O|  |TAMS 0x0000000097000000| PB 0x0000000097000000| Untracked 
| 369|0x0000000097100000, 0x0000000097200000, 0x0000000097200000|100%| O|  |TAMS 0x0000000097100000| PB 0x0000000097100000| Untracked 
| 370|0x0000000097200000, 0x0000000097300000, 0x0000000097300000|100%| O|  |TAMS 0x0000000097200000| PB 0x0000000097200000| Untracked 
| 371|0x0000000097300000, 0x0000000097400000, 0x0000000097400000|100%| O|  |TAMS 0x0000000097300000| PB 0x0000000097300000| Untracked 
| 372|0x0000000097400000, 0x0000000097500000, 0x0000000097500000|100%| O|  |TAMS 0x0000000097400000| PB 0x0000000097400000| Untracked 
| 373|0x0000000097500000, 0x0000000097600000, 0x0000000097600000|100%| O|  |TAMS 0x0000000097500000| PB 0x0000000097500000| Untracked 
| 374|0x0000000097600000, 0x0000000097700000, 0x0000000097700000|100%| O|  |TAMS 0x0000000097600000| PB 0x0000000097600000| Untracked 
| 375|0x0000000097700000, 0x0000000097800000, 0x0000000097800000|100%| O|  |TAMS 0x0000000097700000| PB 0x0000000097700000| Untracked 
| 376|0x0000000097800000, 0x0000000097900000, 0x0000000097900000|100%| O|  |TAMS 0x0000000097800000| PB 0x0000000097800000| Untracked 
| 377|0x0000000097900000, 0x0000000097a00000, 0x0000000097a00000|100%| O|  |TAMS 0x0000000097900000| PB 0x0000000097900000| Untracked 
| 378|0x0000000097a00000, 0x0000000097b00000, 0x0000000097b00000|100%| O|  |TAMS 0x0000000097a00000| PB 0x0000000097a00000| Untracked 
| 379|0x0000000097b00000, 0x0000000097c00000, 0x0000000097c00000|100%| O|  |TAMS 0x0000000097b00000| PB 0x0000000097b00000| Untracked 
| 380|0x0000000097c00000, 0x0000000097d00000, 0x0000000097d00000|100%| O|  |TAMS 0x0000000097c00000| PB 0x0000000097c00000| Untracked 
| 381|0x0000000097d00000, 0x0000000097e00000, 0x0000000097e00000|100%| O|  |TAMS 0x0000000097d00000| PB 0x0000000097d00000| Untracked 
| 382|0x0000000097e00000, 0x0000000097f00000, 0x0000000097f00000|100%| O|  |TAMS 0x0000000097e00000| PB 0x0000000097e00000| Untracked 
| 383|0x0000000097f00000, 0x0000000098000000, 0x0000000098000000|100%| O|  |TAMS 0x0000000097f00000| PB 0x0000000097f00000| Untracked 
| 384|0x0000000098000000, 0x0000000098100000, 0x0000000098100000|100%| O|  |TAMS 0x0000000098000000| PB 0x0000000098000000| Untracked 
| 385|0x0000000098100000, 0x0000000098200000, 0x0000000098200000|100%| O|  |TAMS 0x0000000098100000| PB 0x0000000098100000| Untracked 
| 386|0x0000000098200000, 0x0000000098300000, 0x0000000098300000|100%| O|  |TAMS 0x0000000098200000| PB 0x0000000098200000| Untracked 
| 387|0x0000000098300000, 0x0000000098400000, 0x0000000098400000|100%| O|  |TAMS 0x0000000098300000| PB 0x0000000098300000| Untracked 
| 388|0x0000000098400000, 0x0000000098500000, 0x0000000098500000|100%| O|  |TAMS 0x0000000098400000| PB 0x0000000098400000| Untracked 
| 389|0x0000000098500000, 0x0000000098600000, 0x0000000098600000|100%| O|  |TAMS 0x0000000098500000| PB 0x0000000098500000| Untracked 
| 390|0x0000000098600000, 0x0000000098700000, 0x0000000098700000|100%| O|  |TAMS 0x0000000098600000| PB 0x0000000098600000| Untracked 
| 391|0x0000000098700000, 0x0000000098800000, 0x0000000098800000|100%| O|  |TAMS 0x0000000098700000| PB 0x0000000098700000| Untracked 
| 392|0x0000000098800000, 0x0000000098900000, 0x0000000098900000|100%| O|  |TAMS 0x0000000098800000| PB 0x0000000098800000| Untracked 
| 393|0x0000000098900000, 0x0000000098a00000, 0x0000000098a00000|100%| O|  |TAMS 0x0000000098900000| PB 0x0000000098900000| Untracked 
| 394|0x0000000098a00000, 0x0000000098b00000, 0x0000000098b00000|100%| O|  |TAMS 0x0000000098a00000| PB 0x0000000098a00000| Untracked 
| 395|0x0000000098b00000, 0x0000000098c00000, 0x0000000098c00000|100%| O|  |TAMS 0x0000000098b00000| PB 0x0000000098b00000| Untracked 
| 396|0x0000000098c00000, 0x0000000098d00000, 0x0000000098d00000|100%| O|  |TAMS 0x0000000098c00000| PB 0x0000000098c00000| Untracked 
| 397|0x0000000098d00000, 0x0000000098e00000, 0x0000000098e00000|100%| O|  |TAMS 0x0000000098d00000| PB 0x0000000098d00000| Untracked 
| 398|0x0000000098e00000, 0x0000000098f00000, 0x0000000098f00000|100%| O|  |TAMS 0x0000000098e00000| PB 0x0000000098e00000| Untracked 
| 399|0x0000000098f00000, 0x0000000099000000, 0x0000000099000000|100%| O|  |TAMS 0x0000000098f00000| PB 0x0000000098f00000| Untracked 
| 400|0x0000000099000000, 0x0000000099100000, 0x0000000099100000|100%| O|  |TAMS 0x0000000099000000| PB 0x0000000099000000| Untracked 
| 401|0x0000000099100000, 0x0000000099200000, 0x0000000099200000|100%| O|  |TAMS 0x0000000099100000| PB 0x0000000099100000| Untracked 
| 402|0x0000000099200000, 0x0000000099300000, 0x0000000099300000|100%| O|  |TAMS 0x0000000099200000| PB 0x0000000099200000| Untracked 
| 403|0x0000000099300000, 0x0000000099400000, 0x0000000099400000|100%| O|  |TAMS 0x0000000099300000| PB 0x0000000099300000| Untracked 
| 404|0x0000000099400000, 0x0000000099500000, 0x0000000099500000|100%| O|  |TAMS 0x0000000099400000| PB 0x0000000099400000| Untracked 
| 405|0x0000000099500000, 0x0000000099600000, 0x0000000099600000|100%| O|  |TAMS 0x0000000099500000| PB 0x0000000099500000| Untracked 
| 406|0x0000000099600000, 0x0000000099700000, 0x0000000099700000|100%| O|  |TAMS 0x0000000099600000| PB 0x0000000099600000| Untracked 
| 407|0x0000000099700000, 0x0000000099800000, 0x0000000099800000|100%| O|  |TAMS 0x0000000099700000| PB 0x0000000099700000| Untracked 
| 408|0x0000000099800000, 0x0000000099900000, 0x0000000099900000|100%| O|  |TAMS 0x0000000099800000| PB 0x0000000099800000| Untracked 
| 409|0x0000000099900000, 0x0000000099a00000, 0x0000000099a00000|100%| O|  |TAMS 0x0000000099900000| PB 0x0000000099900000| Untracked 
| 410|0x0000000099a00000, 0x0000000099b00000, 0x0000000099b00000|100%| O|  |TAMS 0x0000000099a00000| PB 0x0000000099a00000| Untracked 
| 411|0x0000000099b00000, 0x0000000099c00000, 0x0000000099c00000|100%| O|  |TAMS 0x0000000099b00000| PB 0x0000000099b00000| Untracked 
| 412|0x0000000099c00000, 0x0000000099d00000, 0x0000000099d00000|100%| O|  |TAMS 0x0000000099c00000| PB 0x0000000099c00000| Untracked 
| 413|0x0000000099d00000, 0x0000000099e00000, 0x0000000099e00000|100%| O|  |TAMS 0x0000000099d00000| PB 0x0000000099d00000| Untracked 
| 414|0x0000000099e00000, 0x0000000099f00000, 0x0000000099f00000|100%| O|  |TAMS 0x0000000099e00000| PB 0x0000000099e00000| Untracked 
| 415|0x0000000099f00000, 0x000000009a000000, 0x000000009a000000|100%| O|  |TAMS 0x0000000099f00000| PB 0x0000000099f00000| Untracked 
| 416|0x000000009a000000, 0x000000009a100000, 0x000000009a100000|100%| O|  |TAMS 0x000000009a000000| PB 0x000000009a000000| Untracked 
| 417|0x000000009a100000, 0x000000009a200000, 0x000000009a200000|100%| O|  |TAMS 0x000000009a100000| PB 0x000000009a100000| Untracked 
| 418|0x000000009a200000, 0x000000009a300000, 0x000000009a300000|100%| O|  |TAMS 0x000000009a200000| PB 0x000000009a200000| Untracked 
| 419|0x000000009a300000, 0x000000009a400000, 0x000000009a400000|100%| O|  |TAMS 0x000000009a300000| PB 0x000000009a300000| Untracked 
| 420|0x000000009a400000, 0x000000009a500000, 0x000000009a500000|100%| O|  |TAMS 0x000000009a400000| PB 0x000000009a400000| Untracked 
| 421|0x000000009a500000, 0x000000009a600000, 0x000000009a600000|100%|HS|  |TAMS 0x000000009a500000| PB 0x000000009a500000| Complete 
| 422|0x000000009a600000, 0x000000009a700000, 0x000000009a700000|100%|HC|  |TAMS 0x000000009a600000| PB 0x000000009a600000| Complete 
| 423|0x000000009a700000, 0x000000009a800000, 0x000000009a800000|100%|HS|  |TAMS 0x000000009a700000| PB 0x000000009a700000| Complete 
| 424|0x000000009a800000, 0x000000009a900000, 0x000000009a900000|100%|HC|  |TAMS 0x000000009a800000| PB 0x000000009a800000| Complete 
| 425|0x000000009a900000, 0x000000009aa00000, 0x000000009aa00000|100%|HS|  |TAMS 0x000000009a900000| PB 0x000000009a900000| Complete 
| 426|0x000000009aa00000, 0x000000009ab00000, 0x000000009ab00000|100%|HC|  |TAMS 0x000000009aa00000| PB 0x000000009aa00000| Complete 
| 427|0x000000009ab00000, 0x000000009ac00000, 0x000000009ac00000|100%|HS|  |TAMS 0x000000009ab00000| PB 0x000000009ab00000| Complete 
| 428|0x000000009ac00000, 0x000000009ad00000, 0x000000009ad00000|100%|HC|  |TAMS 0x000000009ac00000| PB 0x000000009ac00000| Complete 
| 429|0x000000009ad00000, 0x000000009ae00000, 0x000000009ae00000|100%|HS|  |TAMS 0x000000009ad00000| PB 0x000000009ad00000| Complete 
| 430|0x000000009ae00000, 0x000000009af00000, 0x000000009af00000|100%| O|  |TAMS 0x000000009ae00000| PB 0x000000009ae00000| Untracked 
| 431|0x000000009af00000, 0x000000009b000000, 0x000000009b000000|100%| O|  |TAMS 0x000000009af00000| PB 0x000000009af00000| Untracked 
| 432|0x000000009b000000, 0x000000009b100000, 0x000000009b100000|100%| O|  |TAMS 0x000000009b000000| PB 0x000000009b000000| Untracked 
| 433|0x000000009b100000, 0x000000009b200000, 0x000000009b200000|100%| O|  |TAMS 0x000000009b100000| PB 0x000000009b100000| Untracked 
| 434|0x000000009b200000, 0x000000009b300000, 0x000000009b300000|100%| O|  |TAMS 0x000000009b200000| PB 0x000000009b200000| Untracked 
| 435|0x000000009b300000, 0x000000009b400000, 0x000000009b400000|100%| O|  |TAMS 0x000000009b300000| PB 0x000000009b300000| Untracked 
| 436|0x000000009b400000, 0x000000009b500000, 0x000000009b500000|100%| O|  |TAMS 0x000000009b400000| PB 0x000000009b400000| Untracked 
| 437|0x000000009b500000, 0x000000009b600000, 0x000000009b600000|100%| O|  |TAMS 0x000000009b500000| PB 0x000000009b500000| Untracked 
| 438|0x000000009b600000, 0x000000009b677cc0, 0x000000009b700000| 46%| O|  |TAMS 0x000000009b600000| PB 0x000000009b600000| Untracked 
| 439|0x000000009b700000, 0x000000009b800000, 0x000000009b800000|100%| O|  |TAMS 0x000000009b700000| PB 0x000000009b700000| Untracked 
| 440|0x000000009b800000, 0x000000009b900000, 0x000000009b900000|100%| O|  |TAMS 0x000000009b800000| PB 0x000000009b800000| Untracked 
| 441|0x000000009b900000, 0x000000009ba00000, 0x000000009ba00000|100%| O|  |TAMS 0x000000009b900000| PB 0x000000009b900000| Untracked 
| 442|0x000000009ba00000, 0x000000009bb00000, 0x000000009bb00000|100%| O|  |TAMS 0x000000009ba00000| PB 0x000000009ba00000| Untracked 
| 443|0x000000009bb00000, 0x000000009bc00000, 0x000000009bc00000|100%| O|  |TAMS 0x000000009bb00000| PB 0x000000009bb00000| Untracked 
| 444|0x000000009bc00000, 0x000000009bd00000, 0x000000009bd00000|100%| O|  |TAMS 0x000000009bc00000| PB 0x000000009bc00000| Untracked 
| 445|0x000000009bd00000, 0x000000009be00000, 0x000000009be00000|100%| O|  |TAMS 0x000000009bd00000| PB 0x000000009bd00000| Untracked 
| 446|0x000000009be00000, 0x000000009bf00000, 0x000000009bf00000|100%| O|  |TAMS 0x000000009be00000| PB 0x000000009be00000| Untracked 
| 447|0x000000009bf00000, 0x000000009c000000, 0x000000009c000000|100%| O|  |TAMS 0x000000009bf00000| PB 0x000000009bf00000| Untracked 
| 448|0x000000009c000000, 0x000000009c100000, 0x000000009c100000|100%| O|  |TAMS 0x000000009c000000| PB 0x000000009c000000| Untracked 
| 449|0x000000009c100000, 0x000000009c200000, 0x000000009c200000|100%| O|  |TAMS 0x000000009c100000| PB 0x000000009c100000| Untracked 
| 450|0x000000009c200000, 0x000000009c300000, 0x000000009c300000|100%| O|  |TAMS 0x000000009c200000| PB 0x000000009c200000| Untracked 
| 451|0x000000009c300000, 0x000000009c400000, 0x000000009c400000|100%| O|  |TAMS 0x000000009c300000| PB 0x000000009c300000| Untracked 
| 452|0x000000009c400000, 0x000000009c500000, 0x000000009c500000|100%| O|  |TAMS 0x000000009c400000| PB 0x000000009c400000| Untracked 
| 453|0x000000009c500000, 0x000000009c600000, 0x000000009c600000|100%|HS|  |TAMS 0x000000009c500000| PB 0x000000009c500000| Complete 
| 454|0x000000009c600000, 0x000000009c700000, 0x000000009c700000|100%|HS|  |TAMS 0x000000009c600000| PB 0x000000009c600000| Complete 
| 455|0x000000009c700000, 0x000000009c800000, 0x000000009c800000|100%| O|  |TAMS 0x000000009c700000| PB 0x000000009c700000| Untracked 
| 456|0x000000009c800000, 0x000000009c800000, 0x000000009c900000|  0%| F|  |TAMS 0x000000009c800000| PB 0x000000009c800000| Untracked 
| 457|0x000000009c900000, 0x000000009ca00000, 0x000000009ca00000|100%| O|  |TAMS 0x000000009c900000| PB 0x000000009c900000| Untracked 
| 458|0x000000009ca00000, 0x000000009cb00000, 0x000000009cb00000|100%| O|  |TAMS 0x000000009ca00000| PB 0x000000009ca00000| Untracked 
| 459|0x000000009cb00000, 0x000000009cc00000, 0x000000009cc00000|100%|HS|  |TAMS 0x000000009cb00000| PB 0x000000009cb00000| Complete 
| 460|0x000000009cc00000, 0x000000009cc00000, 0x000000009cd00000|  0%| F|  |TAMS 0x000000009cc00000| PB 0x000000009cc00000| Untracked 
| 461|0x000000009cd00000, 0x000000009ce00000, 0x000000009ce00000|100%| O|  |TAMS 0x000000009cd00000| PB 0x000000009cd00000| Untracked 
| 462|0x000000009ce00000, 0x000000009ce00000, 0x000000009cf00000|  0%| F|  |TAMS 0x000000009ce00000| PB 0x000000009ce00000| Untracked 
| 463|0x000000009cf00000, 0x000000009d000000, 0x000000009d000000|100%| O|  |TAMS 0x000000009cf00000| PB 0x000000009cf00000| Untracked 
| 464|0x000000009d000000, 0x000000009d100000, 0x000000009d100000|100%| O|  |TAMS 0x000000009d000000| PB 0x000000009d000000| Untracked 
| 465|0x000000009d100000, 0x000000009d200000, 0x000000009d200000|100%| O|  |TAMS 0x000000009d100000| PB 0x000000009d100000| Untracked 
| 466|0x000000009d200000, 0x000000009d300000, 0x000000009d300000|100%| O|  |TAMS 0x000000009d200000| PB 0x000000009d200000| Untracked 
| 467|0x000000009d300000, 0x000000009d400000, 0x000000009d400000|100%| O|  |TAMS 0x000000009d300000| PB 0x000000009d300000| Untracked 
| 468|0x000000009d400000, 0x000000009d500000, 0x000000009d500000|100%| O|  |TAMS 0x000000009d400000| PB 0x000000009d400000| Untracked 
| 469|0x000000009d500000, 0x000000009d600000, 0x000000009d600000|100%| O|  |TAMS 0x000000009d500000| PB 0x000000009d500000| Untracked 
| 470|0x000000009d600000, 0x000000009d600000, 0x000000009d700000|  0%| F|  |TAMS 0x000000009d600000| PB 0x000000009d600000| Untracked 
| 471|0x000000009d700000, 0x000000009d800000, 0x000000009d800000|100%| O|  |TAMS 0x000000009d700000| PB 0x000000009d700000| Untracked 
| 472|0x000000009d800000, 0x000000009d900000, 0x000000009d900000|100%| O|  |TAMS 0x000000009d800000| PB 0x000000009d800000| Untracked 
| 473|0x000000009d900000, 0x000000009d900000, 0x000000009da00000|  0%| F|  |TAMS 0x000000009d900000| PB 0x000000009d900000| Untracked 
| 474|0x000000009da00000, 0x000000009da00000, 0x000000009db00000|  0%| F|  |TAMS 0x000000009da00000| PB 0x000000009da00000| Untracked 
| 475|0x000000009db00000, 0x000000009dc00000, 0x000000009dc00000|100%| O|  |TAMS 0x000000009db00000| PB 0x000000009db00000| Untracked 
| 476|0x000000009dc00000, 0x000000009dc00000, 0x000000009dd00000|  0%| F|  |TAMS 0x000000009dc00000| PB 0x000000009dc00000| Untracked 
| 477|0x000000009dd00000, 0x000000009de00000, 0x000000009de00000|100%| O|  |TAMS 0x000000009dd00000| PB 0x000000009dd00000| Untracked 
| 478|0x000000009de00000, 0x000000009df00000, 0x000000009df00000|100%| O|  |TAMS 0x000000009de00000| PB 0x000000009de00000| Untracked 
| 479|0x000000009df00000, 0x000000009e000000, 0x000000009e000000|100%| O|  |TAMS 0x000000009df00000| PB 0x000000009df00000| Untracked 
| 480|0x000000009e000000, 0x000000009e000000, 0x000000009e100000|  0%| F|  |TAMS 0x000000009e000000| PB 0x000000009e000000| Untracked 
| 481|0x000000009e100000, 0x000000009e100000, 0x000000009e200000|  0%| F|  |TAMS 0x000000009e100000| PB 0x000000009e100000| Untracked 
| 482|0x000000009e200000, 0x000000009e200000, 0x000000009e300000|  0%| F|  |TAMS 0x000000009e200000| PB 0x000000009e200000| Untracked 
| 483|0x000000009e300000, 0x000000009e300000, 0x000000009e400000|  0%| F|  |TAMS 0x000000009e300000| PB 0x000000009e300000| Untracked 
| 484|0x000000009e400000, 0x000000009e400000, 0x000000009e500000|  0%| F|  |TAMS 0x000000009e400000| PB 0x000000009e400000| Untracked 
| 485|0x000000009e500000, 0x000000009e500000, 0x000000009e600000|  0%| F|  |TAMS 0x000000009e500000| PB 0x000000009e500000| Untracked 
| 486|0x000000009e600000, 0x000000009e600000, 0x000000009e700000|  0%| F|  |TAMS 0x000000009e600000| PB 0x000000009e600000| Untracked 
| 487|0x000000009e700000, 0x000000009e700000, 0x000000009e800000|  0%| F|  |TAMS 0x000000009e700000| PB 0x000000009e700000| Untracked 
| 488|0x000000009e800000, 0x000000009e800000, 0x000000009e900000|  0%| F|  |TAMS 0x000000009e800000| PB 0x000000009e800000| Untracked 
| 489|0x000000009e900000, 0x000000009e900000, 0x000000009ea00000|  0%| F|  |TAMS 0x000000009e900000| PB 0x000000009e900000| Untracked 
| 490|0x000000009ea00000, 0x000000009ea00000, 0x000000009eb00000|  0%| F|  |TAMS 0x000000009ea00000| PB 0x000000009ea00000| Untracked 
| 491|0x000000009eb00000, 0x000000009ec00000, 0x000000009ec00000|100%|HS|  |TAMS 0x000000009eb00000| PB 0x000000009eb00000| Complete 
| 492|0x000000009ec00000, 0x000000009ed00000, 0x000000009ed00000|100%|HC|  |TAMS 0x000000009ec00000| PB 0x000000009ec00000| Complete 
| 493|0x000000009ed00000, 0x000000009ee00000, 0x000000009ee00000|100%|HC|  |TAMS 0x000000009ed00000| PB 0x000000009ed00000| Complete 
| 494|0x000000009ee00000, 0x000000009ee00000, 0x000000009ef00000|  0%| F|  |TAMS 0x000000009ee00000| PB 0x000000009ee00000| Untracked 
| 495|0x000000009ef00000, 0x000000009ef00000, 0x000000009f000000|  0%| F|  |TAMS 0x000000009ef00000| PB 0x000000009ef00000| Untracked 
| 496|0x000000009f000000, 0x000000009f000000, 0x000000009f100000|  0%| F|  |TAMS 0x000000009f000000| PB 0x000000009f000000| Untracked 
| 497|0x000000009f100000, 0x000000009f100000, 0x000000009f200000|  0%| F|  |TAMS 0x000000009f100000| PB 0x000000009f100000| Untracked 
| 498|0x000000009f200000, 0x000000009f200000, 0x000000009f300000|  0%| F|  |TAMS 0x000000009f200000| PB 0x000000009f200000| Untracked 
| 499|0x000000009f300000, 0x000000009f300000, 0x000000009f400000|  0%| F|  |TAMS 0x000000009f300000| PB 0x000000009f300000| Untracked 
| 500|0x000000009f400000, 0x000000009f400000, 0x000000009f500000|  0%| F|  |TAMS 0x000000009f400000| PB 0x000000009f400000| Untracked 
| 501|0x000000009f500000, 0x000000009f500000, 0x000000009f600000|  0%| F|  |TAMS 0x000000009f500000| PB 0x000000009f500000| Untracked 
| 502|0x000000009f600000, 0x000000009f600000, 0x000000009f700000|  0%| F|  |TAMS 0x000000009f600000| PB 0x000000009f600000| Untracked 
| 503|0x000000009f700000, 0x000000009f700000, 0x000000009f800000|  0%| F|  |TAMS 0x000000009f700000| PB 0x000000009f700000| Untracked 
| 504|0x000000009f800000, 0x000000009f800000, 0x000000009f900000|  0%| F|  |TAMS 0x000000009f800000| PB 0x000000009f800000| Untracked 
| 505|0x000000009f900000, 0x000000009f900000, 0x000000009fa00000|  0%| F|  |TAMS 0x000000009f900000| PB 0x000000009f900000| Untracked 
| 506|0x000000009fa00000, 0x000000009fa00000, 0x000000009fb00000|  0%| F|  |TAMS 0x000000009fa00000| PB 0x000000009fa00000| Untracked 
| 507|0x000000009fb00000, 0x000000009fb00000, 0x000000009fc00000|  0%| F|  |TAMS 0x000000009fb00000| PB 0x000000009fb00000| Untracked 
| 508|0x000000009fc00000, 0x000000009fc00000, 0x000000009fd00000|  0%| F|  |TAMS 0x000000009fc00000| PB 0x000000009fc00000| Untracked 
| 509|0x000000009fd00000, 0x000000009fd00000, 0x000000009fe00000|  0%| F|  |TAMS 0x000000009fd00000| PB 0x000000009fd00000| Untracked 
| 510|0x000000009fe00000, 0x000000009fe00000, 0x000000009ff00000|  0%| F|  |TAMS 0x000000009fe00000| PB 0x000000009fe00000| Untracked 
| 511|0x000000009ff00000, 0x000000009ff00000, 0x00000000a0000000|  0%| F|  |TAMS 0x000000009ff00000| PB 0x000000009ff00000| Untracked 
| 512|0x00000000a0000000, 0x00000000a0000000, 0x00000000a0100000|  0%| F|  |TAMS 0x00000000a0000000| PB 0x00000000a0000000| Untracked 
| 513|0x00000000a0100000, 0x00000000a0200000, 0x00000000a0200000|100%| O|  |TAMS 0x00000000a0100000| PB 0x00000000a0100000| Untracked 
| 514|0x00000000a0200000, 0x00000000a0300000, 0x00000000a0300000|100%| O|  |TAMS 0x00000000a0200000| PB 0x00000000a0200000| Untracked 
| 515|0x00000000a0300000, 0x00000000a0400000, 0x00000000a0400000|100%| O|  |TAMS 0x00000000a0300000| PB 0x00000000a0300000| Untracked 
| 516|0x00000000a0400000, 0x00000000a0500000, 0x00000000a0500000|100%| O|  |TAMS 0x00000000a0400000| PB 0x00000000a0400000| Untracked 
| 517|0x00000000a0500000, 0x00000000a0600000, 0x00000000a0600000|100%| O|  |TAMS 0x00000000a0500000| PB 0x00000000a0500000| Untracked 
| 518|0x00000000a0600000, 0x00000000a0700000, 0x00000000a0700000|100%| O|  |TAMS 0x00000000a0600000| PB 0x00000000a0600000| Untracked 
| 519|0x00000000a0700000, 0x00000000a0800000, 0x00000000a0800000|100%| O|  |TAMS 0x00000000a0700000| PB 0x00000000a0700000| Untracked 
| 520|0x00000000a0800000, 0x00000000a0900000, 0x00000000a0900000|100%| O|  |TAMS 0x00000000a0800000| PB 0x00000000a0800000| Untracked 
| 521|0x00000000a0900000, 0x00000000a0a00000, 0x00000000a0a00000|100%| O|  |TAMS 0x00000000a0900000| PB 0x00000000a0900000| Untracked 
| 522|0x00000000a0a00000, 0x00000000a0b00000, 0x00000000a0b00000|100%| O|  |TAMS 0x00000000a0a00000| PB 0x00000000a0a00000| Untracked 
| 523|0x00000000a0b00000, 0x00000000a0c00000, 0x00000000a0c00000|100%| O|  |TAMS 0x00000000a0b00000| PB 0x00000000a0b00000| Untracked 
| 524|0x00000000a0c00000, 0x00000000a0d00000, 0x00000000a0d00000|100%| O|  |TAMS 0x00000000a0c00000| PB 0x00000000a0c00000| Untracked 
| 525|0x00000000a0d00000, 0x00000000a0e00000, 0x00000000a0e00000|100%| O|  |TAMS 0x00000000a0d00000| PB 0x00000000a0d00000| Untracked 
| 526|0x00000000a0e00000, 0x00000000a0f00000, 0x00000000a0f00000|100%| O|  |TAMS 0x00000000a0e00000| PB 0x00000000a0e00000| Untracked 
| 527|0x00000000a0f00000, 0x00000000a1000000, 0x00000000a1000000|100%| O|  |TAMS 0x00000000a0f00000| PB 0x00000000a0f00000| Untracked 
| 528|0x00000000a1000000, 0x00000000a1100000, 0x00000000a1100000|100%| O|  |TAMS 0x00000000a1000000| PB 0x00000000a1000000| Untracked 
| 529|0x00000000a1100000, 0x00000000a1200000, 0x00000000a1200000|100%| O|  |TAMS 0x00000000a1100000| PB 0x00000000a1100000| Untracked 
| 530|0x00000000a1200000, 0x00000000a1300000, 0x00000000a1300000|100%| O|  |TAMS 0x00000000a1200000| PB 0x00000000a1200000| Untracked 
| 531|0x00000000a1300000, 0x00000000a1400000, 0x00000000a1400000|100%| O|  |TAMS 0x00000000a1300000| PB 0x00000000a1300000| Untracked 
| 532|0x00000000a1400000, 0x00000000a1500000, 0x00000000a1500000|100%| O|  |TAMS 0x00000000a1400000| PB 0x00000000a1400000| Untracked 
| 533|0x00000000a1500000, 0x00000000a1600000, 0x00000000a1600000|100%| O|  |TAMS 0x00000000a1500000| PB 0x00000000a1500000| Untracked 
| 534|0x00000000a1600000, 0x00000000a1700000, 0x00000000a1700000|100%| O|  |TAMS 0x00000000a1600000| PB 0x00000000a1600000| Untracked 
| 535|0x00000000a1700000, 0x00000000a1800000, 0x00000000a1800000|100%| O|  |TAMS 0x00000000a1700000| PB 0x00000000a1700000| Untracked 
| 536|0x00000000a1800000, 0x00000000a1900000, 0x00000000a1900000|100%| O|  |TAMS 0x00000000a1800000| PB 0x00000000a1800000| Untracked 
| 537|0x00000000a1900000, 0x00000000a1a00000, 0x00000000a1a00000|100%| O|  |TAMS 0x00000000a1900000| PB 0x00000000a1900000| Untracked 
| 538|0x00000000a1a00000, 0x00000000a1b00000, 0x00000000a1b00000|100%| O|  |TAMS 0x00000000a1a00000| PB 0x00000000a1a00000| Untracked 
| 539|0x00000000a1b00000, 0x00000000a1c00000, 0x00000000a1c00000|100%| O|  |TAMS 0x00000000a1b00000| PB 0x00000000a1b00000| Untracked 
| 540|0x00000000a1c00000, 0x00000000a1d00000, 0x00000000a1d00000|100%| O|  |TAMS 0x00000000a1c00000| PB 0x00000000a1c00000| Untracked 
| 541|0x00000000a1d00000, 0x00000000a1e00000, 0x00000000a1e00000|100%| O|  |TAMS 0x00000000a1d00000| PB 0x00000000a1d00000| Untracked 
| 542|0x00000000a1e00000, 0x00000000a1f00000, 0x00000000a1f00000|100%| O|  |TAMS 0x00000000a1e00000| PB 0x00000000a1e00000| Untracked 
| 543|0x00000000a1f00000, 0x00000000a2000000, 0x00000000a2000000|100%| O|  |TAMS 0x00000000a1f00000| PB 0x00000000a1f00000| Untracked 
| 544|0x00000000a2000000, 0x00000000a2100000, 0x00000000a2100000|100%| O|  |TAMS 0x00000000a2000000| PB 0x00000000a2000000| Untracked 
| 545|0x00000000a2100000, 0x00000000a2100000, 0x00000000a2200000|  0%| F|  |TAMS 0x00000000a2100000| PB 0x00000000a2100000| Untracked 
| 546|0x00000000a2200000, 0x00000000a2200000, 0x00000000a2300000|  0%| F|  |TAMS 0x00000000a2200000| PB 0x00000000a2200000| Untracked 
| 547|0x00000000a2300000, 0x00000000a2300000, 0x00000000a2400000|  0%| F|  |TAMS 0x00000000a2300000| PB 0x00000000a2300000| Untracked 
| 548|0x00000000a2400000, 0x00000000a2400000, 0x00000000a2500000|  0%| F|  |TAMS 0x00000000a2400000| PB 0x00000000a2400000| Untracked 
| 549|0x00000000a2500000, 0x00000000a2500000, 0x00000000a2600000|  0%| F|  |TAMS 0x00000000a2500000| PB 0x00000000a2500000| Untracked 
| 550|0x00000000a2600000, 0x00000000a2600000, 0x00000000a2700000|  0%| F|  |TAMS 0x00000000a2600000| PB 0x00000000a2600000| Untracked 
| 551|0x00000000a2700000, 0x00000000a27b49e8, 0x00000000a2800000| 70%| S|CS|TAMS 0x00000000a2700000| PB 0x00000000a2700000| Complete 
| 552|0x00000000a2800000, 0x00000000a2900000, 0x00000000a2900000|100%| S|CS|TAMS 0x00000000a2800000| PB 0x00000000a2800000| Complete 
| 553|0x00000000a2900000, 0x00000000a2a00000, 0x00000000a2a00000|100%| S|CS|TAMS 0x00000000a2900000| PB 0x00000000a2900000| Complete 
| 554|0x00000000a2a00000, 0x00000000a2a00000, 0x00000000a2b00000|  0%| F|  |TAMS 0x00000000a2a00000| PB 0x00000000a2a00000| Untracked 
| 555|0x00000000a2b00000, 0x00000000a2b00000, 0x00000000a2c00000|  0%| F|  |TAMS 0x00000000a2b00000| PB 0x00000000a2b00000| Untracked 
| 556|0x00000000a2c00000, 0x00000000a2c00000, 0x00000000a2d00000|  0%| F|  |TAMS 0x00000000a2c00000| PB 0x00000000a2c00000| Untracked 
| 557|0x00000000a2d00000, 0x00000000a2d00000, 0x00000000a2e00000|  0%| F|  |TAMS 0x00000000a2d00000| PB 0x00000000a2d00000| Untracked 
| 558|0x00000000a2e00000, 0x00000000a2e00000, 0x00000000a2f00000|  0%| F|  |TAMS 0x00000000a2e00000| PB 0x00000000a2e00000| Untracked 
| 559|0x00000000a2f00000, 0x00000000a2f00000, 0x00000000a3000000|  0%| F|  |TAMS 0x00000000a2f00000| PB 0x00000000a2f00000| Untracked 
| 560|0x00000000a3000000, 0x00000000a3000000, 0x00000000a3100000|  0%| F|  |TAMS 0x00000000a3000000| PB 0x00000000a3000000| Untracked 
| 561|0x00000000a3100000, 0x00000000a3100000, 0x00000000a3200000|  0%| F|  |TAMS 0x00000000a3100000| PB 0x00000000a3100000| Untracked 
| 562|0x00000000a3200000, 0x00000000a3200000, 0x00000000a3300000|  0%| F|  |TAMS 0x00000000a3200000| PB 0x00000000a3200000| Untracked 
| 563|0x00000000a3300000, 0x00000000a3300000, 0x00000000a3400000|  0%| F|  |TAMS 0x00000000a3300000| PB 0x00000000a3300000| Untracked 
| 564|0x00000000a3400000, 0x00000000a3400000, 0x00000000a3500000|  0%| F|  |TAMS 0x00000000a3400000| PB 0x00000000a3400000| Untracked 
| 565|0x00000000a3500000, 0x00000000a3500000, 0x00000000a3600000|  0%| F|  |TAMS 0x00000000a3500000| PB 0x00000000a3500000| Untracked 
| 566|0x00000000a3600000, 0x00000000a3600000, 0x00000000a3700000|  0%| F|  |TAMS 0x00000000a3600000| PB 0x00000000a3600000| Untracked 
| 567|0x00000000a3700000, 0x00000000a3700000, 0x00000000a3800000|  0%| F|  |TAMS 0x00000000a3700000| PB 0x00000000a3700000| Untracked 
| 568|0x00000000a3800000, 0x00000000a3800000, 0x00000000a3900000|  0%| F|  |TAMS 0x00000000a3800000| PB 0x00000000a3800000| Untracked 
| 569|0x00000000a3900000, 0x00000000a3900000, 0x00000000a3a00000|  0%| F|  |TAMS 0x00000000a3900000| PB 0x00000000a3900000| Untracked 
| 570|0x00000000a3a00000, 0x00000000a3a00000, 0x00000000a3b00000|  0%| F|  |TAMS 0x00000000a3a00000| PB 0x00000000a3a00000| Untracked 
| 571|0x00000000a3b00000, 0x00000000a3b00000, 0x00000000a3c00000|  0%| F|  |TAMS 0x00000000a3b00000| PB 0x00000000a3b00000| Untracked 
| 572|0x00000000a3c00000, 0x00000000a3c00000, 0x00000000a3d00000|  0%| F|  |TAMS 0x00000000a3c00000| PB 0x00000000a3c00000| Untracked 
| 573|0x00000000a3d00000, 0x00000000a3d00000, 0x00000000a3e00000|  0%| F|  |TAMS 0x00000000a3d00000| PB 0x00000000a3d00000| Untracked 
| 574|0x00000000a3e00000, 0x00000000a3e00000, 0x00000000a3f00000|  0%| F|  |TAMS 0x00000000a3e00000| PB 0x00000000a3e00000| Untracked 
| 575|0x00000000a3f00000, 0x00000000a3f00000, 0x00000000a4000000|  0%| F|  |TAMS 0x00000000a3f00000| PB 0x00000000a3f00000| Untracked 
| 576|0x00000000a4000000, 0x00000000a4000000, 0x00000000a4100000|  0%| F|  |TAMS 0x00000000a4000000| PB 0x00000000a4000000| Untracked 
| 577|0x00000000a4100000, 0x00000000a4100000, 0x00000000a4200000|  0%| F|  |TAMS 0x00000000a4100000| PB 0x00000000a4100000| Untracked 
| 578|0x00000000a4200000, 0x00000000a4200000, 0x00000000a4300000|  0%| F|  |TAMS 0x00000000a4200000| PB 0x00000000a4200000| Untracked 
| 579|0x00000000a4300000, 0x00000000a4300000, 0x00000000a4400000|  0%| F|  |TAMS 0x00000000a4300000| PB 0x00000000a4300000| Untracked 
| 580|0x00000000a4400000, 0x00000000a4400000, 0x00000000a4500000|  0%| F|  |TAMS 0x00000000a4400000| PB 0x00000000a4400000| Untracked 
| 581|0x00000000a4500000, 0x00000000a4500000, 0x00000000a4600000|  0%| F|  |TAMS 0x00000000a4500000| PB 0x00000000a4500000| Untracked 
| 582|0x00000000a4600000, 0x00000000a4600000, 0x00000000a4700000|  0%| F|  |TAMS 0x00000000a4600000| PB 0x00000000a4600000| Untracked 
| 583|0x00000000a4700000, 0x00000000a4700000, 0x00000000a4800000|  0%| F|  |TAMS 0x00000000a4700000| PB 0x00000000a4700000| Untracked 
| 584|0x00000000a4800000, 0x00000000a4800000, 0x00000000a4900000|  0%| F|  |TAMS 0x00000000a4800000| PB 0x00000000a4800000| Untracked 
| 585|0x00000000a4900000, 0x00000000a4900000, 0x00000000a4a00000|  0%| F|  |TAMS 0x00000000a4900000| PB 0x00000000a4900000| Untracked 
| 586|0x00000000a4a00000, 0x00000000a4a00000, 0x00000000a4b00000|  0%| F|  |TAMS 0x00000000a4a00000| PB 0x00000000a4a00000| Untracked 
| 587|0x00000000a4b00000, 0x00000000a4b00000, 0x00000000a4c00000|  0%| F|  |TAMS 0x00000000a4b00000| PB 0x00000000a4b00000| Untracked 
| 588|0x00000000a4c00000, 0x00000000a4c00000, 0x00000000a4d00000|  0%| F|  |TAMS 0x00000000a4c00000| PB 0x00000000a4c00000| Untracked 
| 589|0x00000000a4d00000, 0x00000000a4d00000, 0x00000000a4e00000|  0%| F|  |TAMS 0x00000000a4d00000| PB 0x00000000a4d00000| Untracked 
| 590|0x00000000a4e00000, 0x00000000a4e00000, 0x00000000a4f00000|  0%| F|  |TAMS 0x00000000a4e00000| PB 0x00000000a4e00000| Untracked 
| 591|0x00000000a4f00000, 0x00000000a4f00000, 0x00000000a5000000|  0%| F|  |TAMS 0x00000000a4f00000| PB 0x00000000a4f00000| Untracked 
| 592|0x00000000a5000000, 0x00000000a5000000, 0x00000000a5100000|  0%| F|  |TAMS 0x00000000a5000000| PB 0x00000000a5000000| Untracked 
| 593|0x00000000a5100000, 0x00000000a5100000, 0x00000000a5200000|  0%| F|  |TAMS 0x00000000a5100000| PB 0x00000000a5100000| Untracked 
| 594|0x00000000a5200000, 0x00000000a5200000, 0x00000000a5300000|  0%| F|  |TAMS 0x00000000a5200000| PB 0x00000000a5200000| Untracked 
| 595|0x00000000a5300000, 0x00000000a5300000, 0x00000000a5400000|  0%| F|  |TAMS 0x00000000a5300000| PB 0x00000000a5300000| Untracked 
| 596|0x00000000a5400000, 0x00000000a5400000, 0x00000000a5500000|  0%| F|  |TAMS 0x00000000a5400000| PB 0x00000000a5400000| Untracked 
| 597|0x00000000a5500000, 0x00000000a5500000, 0x00000000a5600000|  0%| F|  |TAMS 0x00000000a5500000| PB 0x00000000a5500000| Untracked 
| 598|0x00000000a5600000, 0x00000000a5600000, 0x00000000a5700000|  0%| F|  |TAMS 0x00000000a5600000| PB 0x00000000a5600000| Untracked 
| 599|0x00000000a5700000, 0x00000000a5700000, 0x00000000a5800000|  0%| F|  |TAMS 0x00000000a5700000| PB 0x00000000a5700000| Untracked 
| 600|0x00000000a5800000, 0x00000000a5800000, 0x00000000a5900000|  0%| F|  |TAMS 0x00000000a5800000| PB 0x00000000a5800000| Untracked 
| 601|0x00000000a5900000, 0x00000000a5900000, 0x00000000a5a00000|  0%| F|  |TAMS 0x00000000a5900000| PB 0x00000000a5900000| Untracked 
| 602|0x00000000a5a00000, 0x00000000a5a00000, 0x00000000a5b00000|  0%| F|  |TAMS 0x00000000a5a00000| PB 0x00000000a5a00000| Untracked 
| 603|0x00000000a5b00000, 0x00000000a5b00000, 0x00000000a5c00000|  0%| F|  |TAMS 0x00000000a5b00000| PB 0x00000000a5b00000| Untracked 
| 604|0x00000000a5c00000, 0x00000000a5c00000, 0x00000000a5d00000|  0%| F|  |TAMS 0x00000000a5c00000| PB 0x00000000a5c00000| Untracked 
| 605|0x00000000a5d00000, 0x00000000a5d00000, 0x00000000a5e00000|  0%| F|  |TAMS 0x00000000a5d00000| PB 0x00000000a5d00000| Untracked 
| 606|0x00000000a5e00000, 0x00000000a5e00000, 0x00000000a5f00000|  0%| F|  |TAMS 0x00000000a5e00000| PB 0x00000000a5e00000| Untracked 
| 607|0x00000000a5f00000, 0x00000000a5f00000, 0x00000000a6000000|  0%| F|  |TAMS 0x00000000a5f00000| PB 0x00000000a5f00000| Untracked 
| 608|0x00000000a6000000, 0x00000000a6000000, 0x00000000a6100000|  0%| F|  |TAMS 0x00000000a6000000| PB 0x00000000a6000000| Untracked 
| 609|0x00000000a6100000, 0x00000000a6100000, 0x00000000a6200000|  0%| F|  |TAMS 0x00000000a6100000| PB 0x00000000a6100000| Untracked 
| 610|0x00000000a6200000, 0x00000000a6200000, 0x00000000a6300000|  0%| F|  |TAMS 0x00000000a6200000| PB 0x00000000a6200000| Untracked 
| 611|0x00000000a6300000, 0x00000000a6300000, 0x00000000a6400000|  0%| F|  |TAMS 0x00000000a6300000| PB 0x00000000a6300000| Untracked 
| 612|0x00000000a6400000, 0x00000000a6400000, 0x00000000a6500000|  0%| F|  |TAMS 0x00000000a6400000| PB 0x00000000a6400000| Untracked 
| 613|0x00000000a6500000, 0x00000000a6500000, 0x00000000a6600000|  0%| F|  |TAMS 0x00000000a6500000| PB 0x00000000a6500000| Untracked 
| 614|0x00000000a6600000, 0x00000000a6600000, 0x00000000a6700000|  0%| F|  |TAMS 0x00000000a6600000| PB 0x00000000a6600000| Untracked 
| 615|0x00000000a6700000, 0x00000000a6700000, 0x00000000a6800000|  0%| F|  |TAMS 0x00000000a6700000| PB 0x00000000a6700000| Untracked 
| 616|0x00000000a6800000, 0x00000000a6800000, 0x00000000a6900000|  0%| F|  |TAMS 0x00000000a6800000| PB 0x00000000a6800000| Untracked 
| 617|0x00000000a6900000, 0x00000000a6900000, 0x00000000a6a00000|  0%| F|  |TAMS 0x00000000a6900000| PB 0x00000000a6900000| Untracked 
| 618|0x00000000a6a00000, 0x00000000a6a00000, 0x00000000a6b00000|  0%| F|  |TAMS 0x00000000a6a00000| PB 0x00000000a6a00000| Untracked 
| 619|0x00000000a6b00000, 0x00000000a6b00000, 0x00000000a6c00000|  0%| F|  |TAMS 0x00000000a6b00000| PB 0x00000000a6b00000| Untracked 
| 620|0x00000000a6c00000, 0x00000000a6c00000, 0x00000000a6d00000|  0%| F|  |TAMS 0x00000000a6c00000| PB 0x00000000a6c00000| Untracked 
| 621|0x00000000a6d00000, 0x00000000a6d00000, 0x00000000a6e00000|  0%| F|  |TAMS 0x00000000a6d00000| PB 0x00000000a6d00000| Untracked 
| 622|0x00000000a6e00000, 0x00000000a6e00000, 0x00000000a6f00000|  0%| F|  |TAMS 0x00000000a6e00000| PB 0x00000000a6e00000| Untracked 
| 623|0x00000000a6f00000, 0x00000000a6f00000, 0x00000000a7000000|  0%| F|  |TAMS 0x00000000a6f00000| PB 0x00000000a6f00000| Untracked 
| 624|0x00000000a7000000, 0x00000000a7000000, 0x00000000a7100000|  0%| F|  |TAMS 0x00000000a7000000| PB 0x00000000a7000000| Untracked 
| 625|0x00000000a7100000, 0x00000000a7100000, 0x00000000a7200000|  0%| F|  |TAMS 0x00000000a7100000| PB 0x00000000a7100000| Untracked 
| 626|0x00000000a7200000, 0x00000000a7200000, 0x00000000a7300000|  0%| F|  |TAMS 0x00000000a7200000| PB 0x00000000a7200000| Untracked 
| 627|0x00000000a7300000, 0x00000000a7300000, 0x00000000a7400000|  0%| F|  |TAMS 0x00000000a7300000| PB 0x00000000a7300000| Untracked 
| 628|0x00000000a7400000, 0x00000000a7400000, 0x00000000a7500000|  0%| F|  |TAMS 0x00000000a7400000| PB 0x00000000a7400000| Untracked 
| 629|0x00000000a7500000, 0x00000000a7600000, 0x00000000a7600000|100%| E|  |TAMS 0x00000000a7500000| PB 0x00000000a7500000| Complete 
| 630|0x00000000a7600000, 0x00000000a7700000, 0x00000000a7700000|100%| E|CS|TAMS 0x00000000a7600000| PB 0x00000000a7600000| Complete 
| 631|0x00000000a7700000, 0x00000000a7800000, 0x00000000a7800000|100%| E|CS|TAMS 0x00000000a7700000| PB 0x00000000a7700000| Complete 
| 632|0x00000000a7800000, 0x00000000a7900000, 0x00000000a7900000|100%| E|CS|TAMS 0x00000000a7800000| PB 0x00000000a7800000| Complete 
| 633|0x00000000a7900000, 0x00000000a7a00000, 0x00000000a7a00000|100%| E|CS|TAMS 0x00000000a7900000| PB 0x00000000a7900000| Complete 
| 634|0x00000000a7a00000, 0x00000000a7b00000, 0x00000000a7b00000|100%| E|CS|TAMS 0x00000000a7a00000| PB 0x00000000a7a00000| Complete 
| 635|0x00000000a7b00000, 0x00000000a7c00000, 0x00000000a7c00000|100%| E|CS|TAMS 0x00000000a7b00000| PB 0x00000000a7b00000| Complete 
| 636|0x00000000a7c00000, 0x00000000a7d00000, 0x00000000a7d00000|100%| E|CS|TAMS 0x00000000a7c00000| PB 0x00000000a7c00000| Complete 
| 637|0x00000000a7d00000, 0x00000000a7e00000, 0x00000000a7e00000|100%| E|CS|TAMS 0x00000000a7d00000| PB 0x00000000a7d00000| Complete 
| 638|0x00000000a7e00000, 0x00000000a7f00000, 0x00000000a7f00000|100%| E|CS|TAMS 0x00000000a7e00000| PB 0x00000000a7e00000| Complete 
| 639|0x00000000a7f00000, 0x00000000a8000000, 0x00000000a8000000|100%| E|CS|TAMS 0x00000000a7f00000| PB 0x00000000a7f00000| Complete 
| 640|0x00000000a8000000, 0x00000000a8100000, 0x00000000a8100000|100%| E|CS|TAMS 0x00000000a8000000| PB 0x00000000a8000000| Complete 
| 641|0x00000000a8100000, 0x00000000a8200000, 0x00000000a8200000|100%| E|CS|TAMS 0x00000000a8100000| PB 0x00000000a8100000| Complete 
| 642|0x00000000a8200000, 0x00000000a8300000, 0x00000000a8300000|100%| E|CS|TAMS 0x00000000a8200000| PB 0x00000000a8200000| Complete 
| 643|0x00000000a8300000, 0x00000000a8400000, 0x00000000a8400000|100%| E|CS|TAMS 0x00000000a8300000| PB 0x00000000a8300000| Complete 
| 644|0x00000000a8400000, 0x00000000a8500000, 0x00000000a8500000|100%| E|CS|TAMS 0x00000000a8400000| PB 0x00000000a8400000| Complete 
| 645|0x00000000a8500000, 0x00000000a8600000, 0x00000000a8600000|100%| E|CS|TAMS 0x00000000a8500000| PB 0x00000000a8500000| Complete 
| 646|0x00000000a8600000, 0x00000000a8700000, 0x00000000a8700000|100%| E|CS|TAMS 0x00000000a8600000| PB 0x00000000a8600000| Complete 
| 647|0x00000000a8700000, 0x00000000a8800000, 0x00000000a8800000|100%| E|CS|TAMS 0x00000000a8700000| PB 0x00000000a8700000| Complete 
| 648|0x00000000a8800000, 0x00000000a8900000, 0x00000000a8900000|100%| E|CS|TAMS 0x00000000a8800000| PB 0x00000000a8800000| Complete 
| 649|0x00000000a8900000, 0x00000000a8a00000, 0x00000000a8a00000|100%| E|CS|TAMS 0x00000000a8900000| PB 0x00000000a8900000| Complete 
| 650|0x00000000a8a00000, 0x00000000a8b00000, 0x00000000a8b00000|100%| E|CS|TAMS 0x00000000a8a00000| PB 0x00000000a8a00000| Complete 
| 651|0x00000000a8b00000, 0x00000000a8c00000, 0x00000000a8c00000|100%| E|CS|TAMS 0x00000000a8b00000| PB 0x00000000a8b00000| Complete 
| 652|0x00000000a8c00000, 0x00000000a8d00000, 0x00000000a8d00000|100%| E|CS|TAMS 0x00000000a8c00000| PB 0x00000000a8c00000| Complete 
| 653|0x00000000a8d00000, 0x00000000a8e00000, 0x00000000a8e00000|100%| E|CS|TAMS 0x00000000a8d00000| PB 0x00000000a8d00000| Complete 
| 654|0x00000000a8e00000, 0x00000000a8f00000, 0x00000000a8f00000|100%| E|CS|TAMS 0x00000000a8e00000| PB 0x00000000a8e00000| Complete 
| 655|0x00000000a8f00000, 0x00000000a9000000, 0x00000000a9000000|100%| E|CS|TAMS 0x00000000a8f00000| PB 0x00000000a8f00000| Complete 
| 656|0x00000000a9000000, 0x00000000a9100000, 0x00000000a9100000|100%| E|CS|TAMS 0x00000000a9000000| PB 0x00000000a9000000| Complete 
| 657|0x00000000a9100000, 0x00000000a9200000, 0x00000000a9200000|100%| E|CS|TAMS 0x00000000a9100000| PB 0x00000000a9100000| Complete 
| 658|0x00000000a9200000, 0x00000000a9300000, 0x00000000a9300000|100%| E|CS|TAMS 0x00000000a9200000| PB 0x00000000a9200000| Complete 
| 659|0x00000000a9300000, 0x00000000a9400000, 0x00000000a9400000|100%| E|CS|TAMS 0x00000000a9300000| PB 0x00000000a9300000| Complete 
| 660|0x00000000a9400000, 0x00000000a9500000, 0x00000000a9500000|100%| E|CS|TAMS 0x00000000a9400000| PB 0x00000000a9400000| Complete 
| 661|0x00000000a9500000, 0x00000000a9600000, 0x00000000a9600000|100%| E|CS|TAMS 0x00000000a9500000| PB 0x00000000a9500000| Complete 
| 662|0x00000000a9600000, 0x00000000a9700000, 0x00000000a9700000|100%| E|CS|TAMS 0x00000000a9600000| PB 0x00000000a9600000| Complete 
| 663|0x00000000a9700000, 0x00000000a9800000, 0x00000000a9800000|100%| E|CS|TAMS 0x00000000a9700000| PB 0x00000000a9700000| Complete 
| 664|0x00000000a9800000, 0x00000000a9900000, 0x00000000a9900000|100%| E|CS|TAMS 0x00000000a9800000| PB 0x00000000a9800000| Complete 
| 665|0x00000000a9900000, 0x00000000a9a00000, 0x00000000a9a00000|100%| E|CS|TAMS 0x00000000a9900000| PB 0x00000000a9900000| Complete 
| 666|0x00000000a9a00000, 0x00000000a9b00000, 0x00000000a9b00000|100%| E|CS|TAMS 0x00000000a9a00000| PB 0x00000000a9a00000| Complete 
| 667|0x00000000a9b00000, 0x00000000a9c00000, 0x00000000a9c00000|100%| E|CS|TAMS 0x00000000a9b00000| PB 0x00000000a9b00000| Complete 
| 668|0x00000000a9c00000, 0x00000000a9d00000, 0x00000000a9d00000|100%| E|CS|TAMS 0x00000000a9c00000| PB 0x00000000a9c00000| Complete 
| 669|0x00000000a9d00000, 0x00000000a9e00000, 0x00000000a9e00000|100%| E|CS|TAMS 0x00000000a9d00000| PB 0x00000000a9d00000| Complete 
| 670|0x00000000a9e00000, 0x00000000a9f00000, 0x00000000a9f00000|100%| E|CS|TAMS 0x00000000a9e00000| PB 0x00000000a9e00000| Complete 
| 671|0x00000000a9f00000, 0x00000000aa000000, 0x00000000aa000000|100%| E|CS|TAMS 0x00000000a9f00000| PB 0x00000000a9f00000| Complete 
| 672|0x00000000aa000000, 0x00000000aa100000, 0x00000000aa100000|100%| E|CS|TAMS 0x00000000aa000000| PB 0x00000000aa000000| Complete 
| 673|0x00000000aa100000, 0x00000000aa200000, 0x00000000aa200000|100%| E|CS|TAMS 0x00000000aa100000| PB 0x00000000aa100000| Complete 
| 674|0x00000000aa200000, 0x00000000aa300000, 0x00000000aa300000|100%| E|CS|TAMS 0x00000000aa200000| PB 0x00000000aa200000| Complete 
| 675|0x00000000aa300000, 0x00000000aa400000, 0x00000000aa400000|100%| E|CS|TAMS 0x00000000aa300000| PB 0x00000000aa300000| Complete 
| 676|0x00000000aa400000, 0x00000000aa500000, 0x00000000aa500000|100%| E|CS|TAMS 0x00000000aa400000| PB 0x00000000aa400000| Complete 
| 677|0x00000000aa500000, 0x00000000aa600000, 0x00000000aa600000|100%| E|CS|TAMS 0x00000000aa500000| PB 0x00000000aa500000| Complete 
| 678|0x00000000aa600000, 0x00000000aa700000, 0x00000000aa700000|100%| E|CS|TAMS 0x00000000aa600000| PB 0x00000000aa600000| Complete 
| 679|0x00000000aa700000, 0x00000000aa800000, 0x00000000aa800000|100%| E|CS|TAMS 0x00000000aa700000| PB 0x00000000aa700000| Complete 
| 680|0x00000000aa800000, 0x00000000aa900000, 0x00000000aa900000|100%| E|CS|TAMS 0x00000000aa800000| PB 0x00000000aa800000| Complete 
| 681|0x00000000aa900000, 0x00000000aaa00000, 0x00000000aaa00000|100%| E|CS|TAMS 0x00000000aa900000| PB 0x00000000aa900000| Complete 
| 682|0x00000000aaa00000, 0x00000000aab00000, 0x00000000aab00000|100%| E|CS|TAMS 0x00000000aaa00000| PB 0x00000000aaa00000| Complete 
| 683|0x00000000aab00000, 0x00000000aac00000, 0x00000000aac00000|100%| E|CS|TAMS 0x00000000aab00000| PB 0x00000000aab00000| Complete 
| 684|0x00000000aac00000, 0x00000000aad00000, 0x00000000aad00000|100%| E|CS|TAMS 0x00000000aac00000| PB 0x00000000aac00000| Complete 
| 685|0x00000000aad00000, 0x00000000aae00000, 0x00000000aae00000|100%| E|CS|TAMS 0x00000000aad00000| PB 0x00000000aad00000| Complete 
| 686|0x00000000aae00000, 0x00000000aaf00000, 0x00000000aaf00000|100%| E|CS|TAMS 0x00000000aae00000| PB 0x00000000aae00000| Complete 
| 687|0x00000000aaf00000, 0x00000000ab000000, 0x00000000ab000000|100%| E|CS|TAMS 0x00000000aaf00000| PB 0x00000000aaf00000| Complete 
| 688|0x00000000ab000000, 0x00000000ab100000, 0x00000000ab100000|100%| E|CS|TAMS 0x00000000ab000000| PB 0x00000000ab000000| Complete 
| 689|0x00000000ab100000, 0x00000000ab200000, 0x00000000ab200000|100%| E|CS|TAMS 0x00000000ab100000| PB 0x00000000ab100000| Complete 
| 690|0x00000000ab200000, 0x00000000ab300000, 0x00000000ab300000|100%| E|CS|TAMS 0x00000000ab200000| PB 0x00000000ab200000| Complete 
| 691|0x00000000ab300000, 0x00000000ab400000, 0x00000000ab400000|100%| E|CS|TAMS 0x00000000ab300000| PB 0x00000000ab300000| Complete 
| 692|0x00000000ab400000, 0x00000000ab500000, 0x00000000ab500000|100%| E|CS|TAMS 0x00000000ab400000| PB 0x00000000ab400000| Complete 
| 693|0x00000000ab500000, 0x00000000ab600000, 0x00000000ab600000|100%| E|CS|TAMS 0x00000000ab500000| PB 0x00000000ab500000| Complete 
| 694|0x00000000ab600000, 0x00000000ab700000, 0x00000000ab700000|100%| E|CS|TAMS 0x00000000ab600000| PB 0x00000000ab600000| Complete 
| 695|0x00000000ab700000, 0x00000000ab800000, 0x00000000ab800000|100%| E|CS|TAMS 0x00000000ab700000| PB 0x00000000ab700000| Complete 
| 696|0x00000000ab800000, 0x00000000ab900000, 0x00000000ab900000|100%| E|CS|TAMS 0x00000000ab800000| PB 0x00000000ab800000| Complete 
| 697|0x00000000ab900000, 0x00000000aba00000, 0x00000000aba00000|100%| E|CS|TAMS 0x00000000ab900000| PB 0x00000000ab900000| Complete 
| 698|0x00000000aba00000, 0x00000000abb00000, 0x00000000abb00000|100%| E|CS|TAMS 0x00000000aba00000| PB 0x00000000aba00000| Complete 
| 699|0x00000000abb00000, 0x00000000abc00000, 0x00000000abc00000|100%| E|CS|TAMS 0x00000000abb00000| PB 0x00000000abb00000| Complete 
| 700|0x00000000abc00000, 0x00000000abd00000, 0x00000000abd00000|100%| E|CS|TAMS 0x00000000abc00000| PB 0x00000000abc00000| Complete 
| 701|0x00000000abd00000, 0x00000000abe00000, 0x00000000abe00000|100%| E|CS|TAMS 0x00000000abd00000| PB 0x00000000abd00000| Complete 
| 702|0x00000000abe00000, 0x00000000abf00000, 0x00000000abf00000|100%| E|CS|TAMS 0x00000000abe00000| PB 0x00000000abe00000| Complete 
| 703|0x00000000abf00000, 0x00000000ac000000, 0x00000000ac000000|100%| E|CS|TAMS 0x00000000abf00000| PB 0x00000000abf00000| Complete 
| 704|0x00000000ac000000, 0x00000000ac100000, 0x00000000ac100000|100%| E|CS|TAMS 0x00000000ac000000| PB 0x00000000ac000000| Complete 
| 705|0x00000000ac100000, 0x00000000ac200000, 0x00000000ac200000|100%| E|CS|TAMS 0x00000000ac100000| PB 0x00000000ac100000| Complete 
| 706|0x00000000ac200000, 0x00000000ac300000, 0x00000000ac300000|100%| E|CS|TAMS 0x00000000ac200000| PB 0x00000000ac200000| Complete 
| 707|0x00000000ac300000, 0x00000000ac400000, 0x00000000ac400000|100%| E|CS|TAMS 0x00000000ac300000| PB 0x00000000ac300000| Complete 
| 708|0x00000000ac400000, 0x00000000ac500000, 0x00000000ac500000|100%| E|CS|TAMS 0x00000000ac400000| PB 0x00000000ac400000| Complete 
| 709|0x00000000ac500000, 0x00000000ac600000, 0x00000000ac600000|100%| E|CS|TAMS 0x00000000ac500000| PB 0x00000000ac500000| Complete 
| 710|0x00000000ac600000, 0x00000000ac700000, 0x00000000ac700000|100%| E|CS|TAMS 0x00000000ac600000| PB 0x00000000ac600000| Complete 
| 711|0x00000000ac700000, 0x00000000ac800000, 0x00000000ac800000|100%| E|CS|TAMS 0x00000000ac700000| PB 0x00000000ac700000| Complete 
| 712|0x00000000ac800000, 0x00000000ac900000, 0x00000000ac900000|100%| E|CS|TAMS 0x00000000ac800000| PB 0x00000000ac800000| Complete 
| 713|0x00000000ac900000, 0x00000000aca00000, 0x00000000aca00000|100%| E|CS|TAMS 0x00000000ac900000| PB 0x00000000ac900000| Complete 
| 714|0x00000000aca00000, 0x00000000acb00000, 0x00000000acb00000|100%| E|CS|TAMS 0x00000000aca00000| PB 0x00000000aca00000| Complete 
| 715|0x00000000acb00000, 0x00000000acc00000, 0x00000000acc00000|100%| E|CS|TAMS 0x00000000acb00000| PB 0x00000000acb00000| Complete 
| 716|0x00000000acc00000, 0x00000000acd00000, 0x00000000acd00000|100%| E|CS|TAMS 0x00000000acc00000| PB 0x00000000acc00000| Complete 
| 717|0x00000000acd00000, 0x00000000ace00000, 0x00000000ace00000|100%| E|CS|TAMS 0x00000000acd00000| PB 0x00000000acd00000| Complete 
| 718|0x00000000ace00000, 0x00000000acf00000, 0x00000000acf00000|100%| E|CS|TAMS 0x00000000ace00000| PB 0x00000000ace00000| Complete 
| 719|0x00000000acf00000, 0x00000000ad000000, 0x00000000ad000000|100%| E|CS|TAMS 0x00000000acf00000| PB 0x00000000acf00000| Complete 
| 720|0x00000000ad000000, 0x00000000ad100000, 0x00000000ad100000|100%| E|CS|TAMS 0x00000000ad000000| PB 0x00000000ad000000| Complete 
| 721|0x00000000ad100000, 0x00000000ad200000, 0x00000000ad200000|100%| E|CS|TAMS 0x00000000ad100000| PB 0x00000000ad100000| Complete 
| 722|0x00000000ad200000, 0x00000000ad300000, 0x00000000ad300000|100%| E|CS|TAMS 0x00000000ad200000| PB 0x00000000ad200000| Complete 
| 723|0x00000000ad300000, 0x00000000ad400000, 0x00000000ad400000|100%| E|CS|TAMS 0x00000000ad300000| PB 0x00000000ad300000| Complete 
| 724|0x00000000ad400000, 0x00000000ad500000, 0x00000000ad500000|100%| E|CS|TAMS 0x00000000ad400000| PB 0x00000000ad400000| Complete 
| 725|0x00000000ad500000, 0x00000000ad600000, 0x00000000ad600000|100%| E|CS|TAMS 0x00000000ad500000| PB 0x00000000ad500000| Complete 
| 726|0x00000000ad600000, 0x00000000ad700000, 0x00000000ad700000|100%| E|CS|TAMS 0x00000000ad600000| PB 0x00000000ad600000| Complete 
| 727|0x00000000ad700000, 0x00000000ad800000, 0x00000000ad800000|100%| E|CS|TAMS 0x00000000ad700000| PB 0x00000000ad700000| Complete 
| 728|0x00000000ad800000, 0x00000000ad900000, 0x00000000ad900000|100%| E|CS|TAMS 0x00000000ad800000| PB 0x00000000ad800000| Complete 
| 729|0x00000000ad900000, 0x00000000ada00000, 0x00000000ada00000|100%| E|CS|TAMS 0x00000000ad900000| PB 0x00000000ad900000| Complete 
| 730|0x00000000ada00000, 0x00000000adb00000, 0x00000000adb00000|100%| E|CS|TAMS 0x00000000ada00000| PB 0x00000000ada00000| Complete 
| 731|0x00000000adb00000, 0x00000000adc00000, 0x00000000adc00000|100%| E|CS|TAMS 0x00000000adb00000| PB 0x00000000adb00000| Complete 
| 732|0x00000000adc00000, 0x00000000add00000, 0x00000000add00000|100%| E|CS|TAMS 0x00000000adc00000| PB 0x00000000adc00000| Complete 
| 733|0x00000000add00000, 0x00000000ade00000, 0x00000000ade00000|100%| E|CS|TAMS 0x00000000add00000| PB 0x00000000add00000| Complete 
| 734|0x00000000ade00000, 0x00000000adf00000, 0x00000000adf00000|100%| E|CS|TAMS 0x00000000ade00000| PB 0x00000000ade00000| Complete 
| 735|0x00000000adf00000, 0x00000000ae000000, 0x00000000ae000000|100%| E|CS|TAMS 0x00000000adf00000| PB 0x00000000adf00000| Complete 
| 736|0x00000000ae000000, 0x00000000ae100000, 0x00000000ae100000|100%| E|CS|TAMS 0x00000000ae000000| PB 0x00000000ae000000| Complete 
| 737|0x00000000ae100000, 0x00000000ae200000, 0x00000000ae200000|100%| E|CS|TAMS 0x00000000ae100000| PB 0x00000000ae100000| Complete 
| 738|0x00000000ae200000, 0x00000000ae300000, 0x00000000ae300000|100%| E|CS|TAMS 0x00000000ae200000| PB 0x00000000ae200000| Complete 
| 739|0x00000000ae300000, 0x00000000ae400000, 0x00000000ae400000|100%| E|CS|TAMS 0x00000000ae300000| PB 0x00000000ae300000| Complete 
| 740|0x00000000ae400000, 0x00000000ae500000, 0x00000000ae500000|100%| E|CS|TAMS 0x00000000ae400000| PB 0x00000000ae400000| Complete 
| 741|0x00000000ae500000, 0x00000000ae600000, 0x00000000ae600000|100%| E|CS|TAMS 0x00000000ae500000| PB 0x00000000ae500000| Complete 
| 742|0x00000000ae600000, 0x00000000ae700000, 0x00000000ae700000|100%| E|CS|TAMS 0x00000000ae600000| PB 0x00000000ae600000| Complete 
| 743|0x00000000ae700000, 0x00000000ae800000, 0x00000000ae800000|100%| E|CS|TAMS 0x00000000ae700000| PB 0x00000000ae700000| Complete 
| 744|0x00000000ae800000, 0x00000000ae900000, 0x00000000ae900000|100%| E|CS|TAMS 0x00000000ae800000| PB 0x00000000ae800000| Complete 
| 745|0x00000000ae900000, 0x00000000aea00000, 0x00000000aea00000|100%| E|CS|TAMS 0x00000000ae900000| PB 0x00000000ae900000| Complete 
| 746|0x00000000aea00000, 0x00000000aeb00000, 0x00000000aeb00000|100%| E|CS|TAMS 0x00000000aea00000| PB 0x00000000aea00000| Complete 
| 747|0x00000000aeb00000, 0x00000000aec00000, 0x00000000aec00000|100%| E|CS|TAMS 0x00000000aeb00000| PB 0x00000000aeb00000| Complete 
| 748|0x00000000aec00000, 0x00000000aed00000, 0x00000000aed00000|100%| E|CS|TAMS 0x00000000aec00000| PB 0x00000000aec00000| Complete 
| 749|0x00000000aed00000, 0x00000000aee00000, 0x00000000aee00000|100%| E|CS|TAMS 0x00000000aed00000| PB 0x00000000aed00000| Complete 
| 750|0x00000000aee00000, 0x00000000aef00000, 0x00000000aef00000|100%| E|CS|TAMS 0x00000000aee00000| PB 0x00000000aee00000| Complete 
| 751|0x00000000aef00000, 0x00000000af000000, 0x00000000af000000|100%| E|CS|TAMS 0x00000000aef00000| PB 0x00000000aef00000| Complete 
| 752|0x00000000af000000, 0x00000000af100000, 0x00000000af100000|100%| E|CS|TAMS 0x00000000af000000| PB 0x00000000af000000| Complete 
| 753|0x00000000af100000, 0x00000000af200000, 0x00000000af200000|100%| E|CS|TAMS 0x00000000af100000| PB 0x00000000af100000| Complete 
| 754|0x00000000af200000, 0x00000000af300000, 0x00000000af300000|100%| E|CS|TAMS 0x00000000af200000| PB 0x00000000af200000| Complete 
| 755|0x00000000af300000, 0x00000000af400000, 0x00000000af400000|100%| E|CS|TAMS 0x00000000af300000| PB 0x00000000af300000| Complete 
| 756|0x00000000af400000, 0x00000000af500000, 0x00000000af500000|100%| E|CS|TAMS 0x00000000af400000| PB 0x00000000af400000| Complete 
| 757|0x00000000af500000, 0x00000000af600000, 0x00000000af600000|100%| E|CS|TAMS 0x00000000af500000| PB 0x00000000af500000| Complete 
| 758|0x00000000af600000, 0x00000000af700000, 0x00000000af700000|100%| E|CS|TAMS 0x00000000af600000| PB 0x00000000af600000| Complete 
| 759|0x00000000af700000, 0x00000000af800000, 0x00000000af800000|100%| E|CS|TAMS 0x00000000af700000| PB 0x00000000af700000| Complete 
| 760|0x00000000af800000, 0x00000000af900000, 0x00000000af900000|100%| E|CS|TAMS 0x00000000af800000| PB 0x00000000af800000| Complete 
| 761|0x00000000af900000, 0x00000000afa00000, 0x00000000afa00000|100%| E|CS|TAMS 0x00000000af900000| PB 0x00000000af900000| Complete 
| 762|0x00000000afa00000, 0x00000000afb00000, 0x00000000afb00000|100%| E|CS|TAMS 0x00000000afa00000| PB 0x00000000afa00000| Complete 
| 763|0x00000000afb00000, 0x00000000afc00000, 0x00000000afc00000|100%| E|CS|TAMS 0x00000000afb00000| PB 0x00000000afb00000| Complete 
| 764|0x00000000afc00000, 0x00000000afd00000, 0x00000000afd00000|100%| E|CS|TAMS 0x00000000afc00000| PB 0x00000000afc00000| Complete 
| 765|0x00000000afd00000, 0x00000000afe00000, 0x00000000afe00000|100%| E|CS|TAMS 0x00000000afd00000| PB 0x00000000afd00000| Complete 
| 766|0x00000000afe00000, 0x00000000aff00000, 0x00000000aff00000|100%| E|CS|TAMS 0x00000000afe00000| PB 0x00000000afe00000| Complete 
| 767|0x00000000aff00000, 0x00000000b0000000, 0x00000000b0000000|100%| E|CS|TAMS 0x00000000aff00000| PB 0x00000000aff00000| Complete 
| 768|0x00000000b0000000, 0x00000000b0100000, 0x00000000b0100000|100%| E|CS|TAMS 0x00000000b0000000| PB 0x00000000b0000000| Complete 
| 769|0x00000000b0100000, 0x00000000b0200000, 0x00000000b0200000|100%| E|CS|TAMS 0x00000000b0100000| PB 0x00000000b0100000| Complete 
| 770|0x00000000b0200000, 0x00000000b0300000, 0x00000000b0300000|100%| E|CS|TAMS 0x00000000b0200000| PB 0x00000000b0200000| Complete 
| 771|0x00000000b0300000, 0x00000000b0400000, 0x00000000b0400000|100%| E|CS|TAMS 0x00000000b0300000| PB 0x00000000b0300000| Complete 
| 772|0x00000000b0400000, 0x00000000b0500000, 0x00000000b0500000|100%| E|CS|TAMS 0x00000000b0400000| PB 0x00000000b0400000| Complete 
| 773|0x00000000b0500000, 0x00000000b0600000, 0x00000000b0600000|100%| E|CS|TAMS 0x00000000b0500000| PB 0x00000000b0500000| Complete 
| 774|0x00000000b0600000, 0x00000000b0700000, 0x00000000b0700000|100%| E|CS|TAMS 0x00000000b0600000| PB 0x00000000b0600000| Complete 
| 775|0x00000000b0700000, 0x00000000b0800000, 0x00000000b0800000|100%| E|CS|TAMS 0x00000000b0700000| PB 0x00000000b0700000| Complete 
| 776|0x00000000b0800000, 0x00000000b0900000, 0x00000000b0900000|100%| E|CS|TAMS 0x00000000b0800000| PB 0x00000000b0800000| Complete 
| 777|0x00000000b0900000, 0x00000000b0a00000, 0x00000000b0a00000|100%| E|CS|TAMS 0x00000000b0900000| PB 0x00000000b0900000| Complete 
| 778|0x00000000b0a00000, 0x00000000b0b00000, 0x00000000b0b00000|100%| E|CS|TAMS 0x00000000b0a00000| PB 0x00000000b0a00000| Complete 
| 779|0x00000000b0b00000, 0x00000000b0c00000, 0x00000000b0c00000|100%| E|CS|TAMS 0x00000000b0b00000| PB 0x00000000b0b00000| Complete 
| 780|0x00000000b0c00000, 0x00000000b0d00000, 0x00000000b0d00000|100%| E|CS|TAMS 0x00000000b0c00000| PB 0x00000000b0c00000| Complete 
| 781|0x00000000b0d00000, 0x00000000b0e00000, 0x00000000b0e00000|100%| E|CS|TAMS 0x00000000b0d00000| PB 0x00000000b0d00000| Complete 
| 782|0x00000000b0e00000, 0x00000000b0f00000, 0x00000000b0f00000|100%| E|CS|TAMS 0x00000000b0e00000| PB 0x00000000b0e00000| Complete 
| 783|0x00000000b0f00000, 0x00000000b1000000, 0x00000000b1000000|100%| E|CS|TAMS 0x00000000b0f00000| PB 0x00000000b0f00000| Complete 
| 784|0x00000000b1000000, 0x00000000b1100000, 0x00000000b1100000|100%| E|CS|TAMS 0x00000000b1000000| PB 0x00000000b1000000| Complete 
| 785|0x00000000b1100000, 0x00000000b1200000, 0x00000000b1200000|100%| E|CS|TAMS 0x00000000b1100000| PB 0x00000000b1100000| Complete 
| 786|0x00000000b1200000, 0x00000000b1300000, 0x00000000b1300000|100%| E|CS|TAMS 0x00000000b1200000| PB 0x00000000b1200000| Complete 
| 787|0x00000000b1300000, 0x00000000b1400000, 0x00000000b1400000|100%| E|CS|TAMS 0x00000000b1300000| PB 0x00000000b1300000| Complete 
| 788|0x00000000b1400000, 0x00000000b1500000, 0x00000000b1500000|100%| E|CS|TAMS 0x00000000b1400000| PB 0x00000000b1400000| Complete 
| 789|0x00000000b1500000, 0x00000000b1600000, 0x00000000b1600000|100%| E|CS|TAMS 0x00000000b1500000| PB 0x00000000b1500000| Complete 
| 790|0x00000000b1600000, 0x00000000b1700000, 0x00000000b1700000|100%| E|CS|TAMS 0x00000000b1600000| PB 0x00000000b1600000| Complete 
| 791|0x00000000b1700000, 0x00000000b1800000, 0x00000000b1800000|100%| E|CS|TAMS 0x00000000b1700000| PB 0x00000000b1700000| Complete 
| 792|0x00000000b1800000, 0x00000000b1900000, 0x00000000b1900000|100%| E|CS|TAMS 0x00000000b1800000| PB 0x00000000b1800000| Complete 
| 793|0x00000000b1900000, 0x00000000b1a00000, 0x00000000b1a00000|100%| E|CS|TAMS 0x00000000b1900000| PB 0x00000000b1900000| Complete 
| 794|0x00000000b1a00000, 0x00000000b1b00000, 0x00000000b1b00000|100%| E|CS|TAMS 0x00000000b1a00000| PB 0x00000000b1a00000| Complete 
| 795|0x00000000b1b00000, 0x00000000b1c00000, 0x00000000b1c00000|100%| E|CS|TAMS 0x00000000b1b00000| PB 0x00000000b1b00000| Complete 
| 796|0x00000000b1c00000, 0x00000000b1d00000, 0x00000000b1d00000|100%| E|CS|TAMS 0x00000000b1c00000| PB 0x00000000b1c00000| Complete 
| 797|0x00000000b1d00000, 0x00000000b1e00000, 0x00000000b1e00000|100%| E|CS|TAMS 0x00000000b1d00000| PB 0x00000000b1d00000| Complete 
| 798|0x00000000b1e00000, 0x00000000b1f00000, 0x00000000b1f00000|100%| E|CS|TAMS 0x00000000b1e00000| PB 0x00000000b1e00000| Complete 
| 799|0x00000000b1f00000, 0x00000000b2000000, 0x00000000b2000000|100%| E|CS|TAMS 0x00000000b1f00000| PB 0x00000000b1f00000| Complete 
| 800|0x00000000b2000000, 0x00000000b2100000, 0x00000000b2100000|100%| E|CS|TAMS 0x00000000b2000000| PB 0x00000000b2000000| Complete 
| 801|0x00000000b2100000, 0x00000000b2200000, 0x00000000b2200000|100%| E|CS|TAMS 0x00000000b2100000| PB 0x00000000b2100000| Complete 
| 802|0x00000000b2200000, 0x00000000b2300000, 0x00000000b2300000|100%| E|CS|TAMS 0x00000000b2200000| PB 0x00000000b2200000| Complete 
| 803|0x00000000b2300000, 0x00000000b2400000, 0x00000000b2400000|100%| E|CS|TAMS 0x00000000b2300000| PB 0x00000000b2300000| Complete 
| 804|0x00000000b2400000, 0x00000000b2500000, 0x00000000b2500000|100%| E|CS|TAMS 0x00000000b2400000| PB 0x00000000b2400000| Complete 
| 805|0x00000000b2500000, 0x00000000b2600000, 0x00000000b2600000|100%| E|CS|TAMS 0x00000000b2500000| PB 0x00000000b2500000| Complete 
| 806|0x00000000b2600000, 0x00000000b2700000, 0x00000000b2700000|100%| E|CS|TAMS 0x00000000b2600000| PB 0x00000000b2600000| Complete 
| 807|0x00000000b2700000, 0x00000000b2800000, 0x00000000b2800000|100%| E|CS|TAMS 0x00000000b2700000| PB 0x00000000b2700000| Complete 
| 808|0x00000000b2800000, 0x00000000b2900000, 0x00000000b2900000|100%| E|CS|TAMS 0x00000000b2800000| PB 0x00000000b2800000| Complete 
| 809|0x00000000b2900000, 0x00000000b2a00000, 0x00000000b2a00000|100%| E|CS|TAMS 0x00000000b2900000| PB 0x00000000b2900000| Complete 
| 810|0x00000000b2a00000, 0x00000000b2b00000, 0x00000000b2b00000|100%| E|CS|TAMS 0x00000000b2a00000| PB 0x00000000b2a00000| Complete 
| 811|0x00000000b2b00000, 0x00000000b2c00000, 0x00000000b2c00000|100%| E|CS|TAMS 0x00000000b2b00000| PB 0x00000000b2b00000| Complete 
| 812|0x00000000b2c00000, 0x00000000b2d00000, 0x00000000b2d00000|100%| E|CS|TAMS 0x00000000b2c00000| PB 0x00000000b2c00000| Complete 
| 813|0x00000000b2d00000, 0x00000000b2e00000, 0x00000000b2e00000|100%| E|CS|TAMS 0x00000000b2d00000| PB 0x00000000b2d00000| Complete 
| 814|0x00000000b2e00000, 0x00000000b2f00000, 0x00000000b2f00000|100%| E|CS|TAMS 0x00000000b2e00000| PB 0x00000000b2e00000| Complete 
| 815|0x00000000b2f00000, 0x00000000b3000000, 0x00000000b3000000|100%| E|CS|TAMS 0x00000000b2f00000| PB 0x00000000b2f00000| Complete 
| 816|0x00000000b3000000, 0x00000000b3100000, 0x00000000b3100000|100%| E|CS|TAMS 0x00000000b3000000| PB 0x00000000b3000000| Complete 
| 817|0x00000000b3100000, 0x00000000b3200000, 0x00000000b3200000|100%| E|CS|TAMS 0x00000000b3100000| PB 0x00000000b3100000| Complete 
| 818|0x00000000b3200000, 0x00000000b3300000, 0x00000000b3300000|100%| E|CS|TAMS 0x00000000b3200000| PB 0x00000000b3200000| Complete 
| 819|0x00000000b3300000, 0x00000000b3400000, 0x00000000b3400000|100%| E|CS|TAMS 0x00000000b3300000| PB 0x00000000b3300000| Complete 
| 820|0x00000000b3400000, 0x00000000b3500000, 0x00000000b3500000|100%| E|CS|TAMS 0x00000000b3400000| PB 0x00000000b3400000| Complete 
| 821|0x00000000b3500000, 0x00000000b3600000, 0x00000000b3600000|100%| E|CS|TAMS 0x00000000b3500000| PB 0x00000000b3500000| Complete 
| 822|0x00000000b3600000, 0x00000000b3700000, 0x00000000b3700000|100%| E|CS|TAMS 0x00000000b3600000| PB 0x00000000b3600000| Complete 
| 823|0x00000000b3700000, 0x00000000b3800000, 0x00000000b3800000|100%| E|CS|TAMS 0x00000000b3700000| PB 0x00000000b3700000| Complete 
| 824|0x00000000b3800000, 0x00000000b3900000, 0x00000000b3900000|100%| E|CS|TAMS 0x00000000b3800000| PB 0x00000000b3800000| Complete 
| 825|0x00000000b3900000, 0x00000000b3a00000, 0x00000000b3a00000|100%| E|CS|TAMS 0x00000000b3900000| PB 0x00000000b3900000| Complete 
| 826|0x00000000b3a00000, 0x00000000b3b00000, 0x00000000b3b00000|100%| E|CS|TAMS 0x00000000b3a00000| PB 0x00000000b3a00000| Complete 
| 827|0x00000000b3b00000, 0x00000000b3c00000, 0x00000000b3c00000|100%| E|CS|TAMS 0x00000000b3b00000| PB 0x00000000b3b00000| Complete 
| 828|0x00000000b3c00000, 0x00000000b3d00000, 0x00000000b3d00000|100%| E|CS|TAMS 0x00000000b3c00000| PB 0x00000000b3c00000| Complete 
| 829|0x00000000b3d00000, 0x00000000b3e00000, 0x00000000b3e00000|100%| E|CS|TAMS 0x00000000b3d00000| PB 0x00000000b3d00000| Complete 
| 830|0x00000000b3e00000, 0x00000000b3f00000, 0x00000000b3f00000|100%| E|CS|TAMS 0x00000000b3e00000| PB 0x00000000b3e00000| Complete 
| 831|0x00000000b3f00000, 0x00000000b4000000, 0x00000000b4000000|100%| E|CS|TAMS 0x00000000b3f00000| PB 0x00000000b3f00000| Complete 
| 832|0x00000000b4000000, 0x00000000b4100000, 0x00000000b4100000|100%| E|CS|TAMS 0x00000000b4000000| PB 0x00000000b4000000| Complete 
| 833|0x00000000b4100000, 0x00000000b4200000, 0x00000000b4200000|100%| E|CS|TAMS 0x00000000b4100000| PB 0x00000000b4100000| Complete 
| 834|0x00000000b4200000, 0x00000000b4300000, 0x00000000b4300000|100%| E|CS|TAMS 0x00000000b4200000| PB 0x00000000b4200000| Complete 
| 835|0x00000000b4300000, 0x00000000b4400000, 0x00000000b4400000|100%| E|CS|TAMS 0x00000000b4300000| PB 0x00000000b4300000| Complete 
| 836|0x00000000b4400000, 0x00000000b4500000, 0x00000000b4500000|100%| E|CS|TAMS 0x00000000b4400000| PB 0x00000000b4400000| Complete 
| 837|0x00000000b4500000, 0x00000000b4600000, 0x00000000b4600000|100%| E|CS|TAMS 0x00000000b4500000| PB 0x00000000b4500000| Complete 
| 838|0x00000000b4600000, 0x00000000b4700000, 0x00000000b4700000|100%| E|CS|TAMS 0x00000000b4600000| PB 0x00000000b4600000| Complete 
| 839|0x00000000b4700000, 0x00000000b4800000, 0x00000000b4800000|100%| E|CS|TAMS 0x00000000b4700000| PB 0x00000000b4700000| Complete 
| 840|0x00000000b4800000, 0x00000000b4900000, 0x00000000b4900000|100%| E|  |TAMS 0x00000000b4800000| PB 0x00000000b4800000| Complete 
| 841|0x00000000b4900000, 0x00000000b4a00000, 0x00000000b4a00000|100%| E|CS|TAMS 0x00000000b4900000| PB 0x00000000b4900000| Complete 
| 842|0x00000000b4a00000, 0x00000000b4b00000, 0x00000000b4b00000|100%| E|CS|TAMS 0x00000000b4a00000| PB 0x00000000b4a00000| Complete 
| 843|0x00000000b4b00000, 0x00000000b4c00000, 0x00000000b4c00000|100%| E|CS|TAMS 0x00000000b4b00000| PB 0x00000000b4b00000| Complete 
| 844|0x00000000b4c00000, 0x00000000b4d00000, 0x00000000b4d00000|100%| E|CS|TAMS 0x00000000b4c00000| PB 0x00000000b4c00000| Complete 
| 845|0x00000000b4d00000, 0x00000000b4e00000, 0x00000000b4e00000|100%| E|CS|TAMS 0x00000000b4d00000| PB 0x00000000b4d00000| Complete 
| 846|0x00000000b4e00000, 0x00000000b4f00000, 0x00000000b4f00000|100%| E|CS|TAMS 0x00000000b4e00000| PB 0x00000000b4e00000| Complete 
| 847|0x00000000b4f00000, 0x00000000b5000000, 0x00000000b5000000|100%| E|CS|TAMS 0x00000000b4f00000| PB 0x00000000b4f00000| Complete 
| 848|0x00000000b5000000, 0x00000000b5100000, 0x00000000b5100000|100%| E|CS|TAMS 0x00000000b5000000| PB 0x00000000b5000000| Complete 
| 849|0x00000000b5100000, 0x00000000b5200000, 0x00000000b5200000|100%| E|CS|TAMS 0x00000000b5100000| PB 0x00000000b5100000| Complete 
| 850|0x00000000b5200000, 0x00000000b5300000, 0x00000000b5300000|100%| E|CS|TAMS 0x00000000b5200000| PB 0x00000000b5200000| Complete 
| 851|0x00000000b5300000, 0x00000000b5400000, 0x00000000b5400000|100%| E|CS|TAMS 0x00000000b5300000| PB 0x00000000b5300000| Complete 
| 852|0x00000000b5400000, 0x00000000b5500000, 0x00000000b5500000|100%| E|CS|TAMS 0x00000000b5400000| PB 0x00000000b5400000| Complete 
| 853|0x00000000b5500000, 0x00000000b5600000, 0x00000000b5600000|100%| E|CS|TAMS 0x00000000b5500000| PB 0x00000000b5500000| Complete 
| 854|0x00000000b5600000, 0x00000000b5700000, 0x00000000b5700000|100%| E|CS|TAMS 0x00000000b5600000| PB 0x00000000b5600000| Complete 
| 855|0x00000000b5700000, 0x00000000b5800000, 0x00000000b5800000|100%| E|CS|TAMS 0x00000000b5700000| PB 0x00000000b5700000| Complete 
| 856|0x00000000b5800000, 0x00000000b5900000, 0x00000000b5900000|100%| E|CS|TAMS 0x00000000b5800000| PB 0x00000000b5800000| Complete 
| 857|0x00000000b5900000, 0x00000000b5a00000, 0x00000000b5a00000|100%| E|CS|TAMS 0x00000000b5900000| PB 0x00000000b5900000| Complete 
| 858|0x00000000b5a00000, 0x00000000b5b00000, 0x00000000b5b00000|100%| E|CS|TAMS 0x00000000b5a00000| PB 0x00000000b5a00000| Complete 
| 859|0x00000000b5b00000, 0x00000000b5c00000, 0x00000000b5c00000|100%| E|CS|TAMS 0x00000000b5b00000| PB 0x00000000b5b00000| Complete 
| 860|0x00000000b5c00000, 0x00000000b5d00000, 0x00000000b5d00000|100%| E|CS|TAMS 0x00000000b5c00000| PB 0x00000000b5c00000| Complete 
| 861|0x00000000b5d00000, 0x00000000b5e00000, 0x00000000b5e00000|100%| E|CS|TAMS 0x00000000b5d00000| PB 0x00000000b5d00000| Complete 
| 862|0x00000000b5e00000, 0x00000000b5f00000, 0x00000000b5f00000|100%| E|CS|TAMS 0x00000000b5e00000| PB 0x00000000b5e00000| Complete 
| 863|0x00000000b5f00000, 0x00000000b6000000, 0x00000000b6000000|100%| E|CS|TAMS 0x00000000b5f00000| PB 0x00000000b5f00000| Complete 
| 864|0x00000000b6000000, 0x00000000b6100000, 0x00000000b6100000|100%| E|CS|TAMS 0x00000000b6000000| PB 0x00000000b6000000| Complete 
| 865|0x00000000b6100000, 0x00000000b6200000, 0x00000000b6200000|100%| E|CS|TAMS 0x00000000b6100000| PB 0x00000000b6100000| Complete 
| 866|0x00000000b6200000, 0x00000000b6300000, 0x00000000b6300000|100%| E|CS|TAMS 0x00000000b6200000| PB 0x00000000b6200000| Complete 
| 867|0x00000000b6300000, 0x00000000b6400000, 0x00000000b6400000|100%| E|CS|TAMS 0x00000000b6300000| PB 0x00000000b6300000| Complete 
| 868|0x00000000b6400000, 0x00000000b6500000, 0x00000000b6500000|100%| E|CS|TAMS 0x00000000b6400000| PB 0x00000000b6400000| Complete 
| 869|0x00000000b6500000, 0x00000000b6600000, 0x00000000b6600000|100%| E|CS|TAMS 0x00000000b6500000| PB 0x00000000b6500000| Complete 
| 870|0x00000000b6600000, 0x00000000b6700000, 0x00000000b6700000|100%| E|CS|TAMS 0x00000000b6600000| PB 0x00000000b6600000| Complete 
| 871|0x00000000b6700000, 0x00000000b6800000, 0x00000000b6800000|100%| E|CS|TAMS 0x00000000b6700000| PB 0x00000000b6700000| Complete 
| 872|0x00000000b6800000, 0x00000000b6900000, 0x00000000b6900000|100%| E|CS|TAMS 0x00000000b6800000| PB 0x00000000b6800000| Complete 
| 873|0x00000000b6900000, 0x00000000b6a00000, 0x00000000b6a00000|100%| E|CS|TAMS 0x00000000b6900000| PB 0x00000000b6900000| Complete 
| 874|0x00000000b6a00000, 0x00000000b6b00000, 0x00000000b6b00000|100%| E|CS|TAMS 0x00000000b6a00000| PB 0x00000000b6a00000| Complete 
| 875|0x00000000b6b00000, 0x00000000b6c00000, 0x00000000b6c00000|100%| E|CS|TAMS 0x00000000b6b00000| PB 0x00000000b6b00000| Complete 
| 876|0x00000000b6c00000, 0x00000000b6d00000, 0x00000000b6d00000|100%| E|CS|TAMS 0x00000000b6c00000| PB 0x00000000b6c00000| Complete 
| 877|0x00000000b6d00000, 0x00000000b6e00000, 0x00000000b6e00000|100%| E|CS|TAMS 0x00000000b6d00000| PB 0x00000000b6d00000| Complete 
| 878|0x00000000b6e00000, 0x00000000b6f00000, 0x00000000b6f00000|100%| E|CS|TAMS 0x00000000b6e00000| PB 0x00000000b6e00000| Complete 
| 879|0x00000000b6f00000, 0x00000000b7000000, 0x00000000b7000000|100%| E|CS|TAMS 0x00000000b6f00000| PB 0x00000000b6f00000| Complete 
| 880|0x00000000b7000000, 0x00000000b7100000, 0x00000000b7100000|100%| E|CS|TAMS 0x00000000b7000000| PB 0x00000000b7000000| Complete 
| 881|0x00000000b7100000, 0x00000000b7200000, 0x00000000b7200000|100%| E|CS|TAMS 0x00000000b7100000| PB 0x00000000b7100000| Complete 
| 882|0x00000000b7200000, 0x00000000b7300000, 0x00000000b7300000|100%| E|CS|TAMS 0x00000000b7200000| PB 0x00000000b7200000| Complete 
| 883|0x00000000b7300000, 0x00000000b7400000, 0x00000000b7400000|100%| E|CS|TAMS 0x00000000b7300000| PB 0x00000000b7300000| Complete 
| 884|0x00000000b7400000, 0x00000000b7500000, 0x00000000b7500000|100%| E|CS|TAMS 0x00000000b7400000| PB 0x00000000b7400000| Complete 
| 885|0x00000000b7500000, 0x00000000b7600000, 0x00000000b7600000|100%| E|CS|TAMS 0x00000000b7500000| PB 0x00000000b7500000| Complete 
| 886|0x00000000b7600000, 0x00000000b7700000, 0x00000000b7700000|100%| E|CS|TAMS 0x00000000b7600000| PB 0x00000000b7600000| Complete 
| 887|0x00000000b7700000, 0x00000000b7800000, 0x00000000b7800000|100%| E|CS|TAMS 0x00000000b7700000| PB 0x00000000b7700000| Complete 
| 888|0x00000000b7800000, 0x00000000b7900000, 0x00000000b7900000|100%| E|CS|TAMS 0x00000000b7800000| PB 0x00000000b7800000| Complete 
| 889|0x00000000b7900000, 0x00000000b7a00000, 0x00000000b7a00000|100%| E|CS|TAMS 0x00000000b7900000| PB 0x00000000b7900000| Complete 
| 890|0x00000000b7a00000, 0x00000000b7b00000, 0x00000000b7b00000|100%| E|CS|TAMS 0x00000000b7a00000| PB 0x00000000b7a00000| Complete 
| 891|0x00000000b7b00000, 0x00000000b7c00000, 0x00000000b7c00000|100%| E|CS|TAMS 0x00000000b7b00000| PB 0x00000000b7b00000| Complete 
| 892|0x00000000b7c00000, 0x00000000b7d00000, 0x00000000b7d00000|100%| E|CS|TAMS 0x00000000b7c00000| PB 0x00000000b7c00000| Complete 
| 893|0x00000000b7d00000, 0x00000000b7e00000, 0x00000000b7e00000|100%| E|CS|TAMS 0x00000000b7d00000| PB 0x00000000b7d00000| Complete 
| 894|0x00000000b7e00000, 0x00000000b7f00000, 0x00000000b7f00000|100%| E|CS|TAMS 0x00000000b7e00000| PB 0x00000000b7e00000| Complete 
| 895|0x00000000b7f00000, 0x00000000b8000000, 0x00000000b8000000|100%| E|CS|TAMS 0x00000000b7f00000| PB 0x00000000b7f00000| Complete 
| 896|0x00000000b8000000, 0x00000000b8100000, 0x00000000b8100000|100%| E|CS|TAMS 0x00000000b8000000| PB 0x00000000b8000000| Complete 
| 897|0x00000000b8100000, 0x00000000b8200000, 0x00000000b8200000|100%| E|CS|TAMS 0x00000000b8100000| PB 0x00000000b8100000| Complete 
|1989|0x00000000fc500000, 0x00000000fc600000, 0x00000000fc600000|100%| E|CS|TAMS 0x00000000fc500000| PB 0x00000000fc500000| Complete 
|1990|0x00000000fc600000, 0x00000000fc700000, 0x00000000fc700000|100%| E|CS|TAMS 0x00000000fc600000| PB 0x00000000fc600000| Complete 
|1991|0x00000000fc700000, 0x00000000fc800000, 0x00000000fc800000|100%| O|  |TAMS 0x00000000fc700000| PB 0x00000000fc700000| Untracked 
|1992|0x00000000fc800000, 0x00000000fc900000, 0x00000000fc900000|100%| O|  |TAMS 0x00000000fc800000| PB 0x00000000fc800000| Untracked 
|1993|0x00000000fc900000, 0x00000000fca00000, 0x00000000fca00000|100%| O|  |TAMS 0x00000000fc900000| PB 0x00000000fc900000| Untracked 
|1994|0x00000000fca00000, 0x00000000fcb00000, 0x00000000fcb00000|100%| O|  |TAMS 0x00000000fca00000| PB 0x00000000fca00000| Untracked 
|1995|0x00000000fcb00000, 0x00000000fcc00000, 0x00000000fcc00000|100%| E|CS|TAMS 0x00000000fcb00000| PB 0x00000000fcb00000| Complete 
|1996|0x00000000fcc00000, 0x00000000fcd00000, 0x00000000fcd00000|100%| E|CS|TAMS 0x00000000fcc00000| PB 0x00000000fcc00000| Complete 
|1997|0x00000000fcd00000, 0x00000000fce00000, 0x00000000fce00000|100%| E|CS|TAMS 0x00000000fcd00000| PB 0x00000000fcd00000| Complete 
|1998|0x00000000fce00000, 0x00000000fcf00000, 0x00000000fcf00000|100%| E|CS|TAMS 0x00000000fce00000| PB 0x00000000fce00000| Complete 
|1999|0x00000000fcf00000, 0x00000000fd000000, 0x00000000fd000000|100%| E|CS|TAMS 0x00000000fcf00000| PB 0x00000000fcf00000| Complete 
|2000|0x00000000fd000000, 0x00000000fd100000, 0x00000000fd100000|100%| E|CS|TAMS 0x00000000fd000000| PB 0x00000000fd000000| Complete 
|2001|0x00000000fd100000, 0x00000000fd200000, 0x00000000fd200000|100%| E|CS|TAMS 0x00000000fd100000| PB 0x00000000fd100000| Complete 
|2002|0x00000000fd200000, 0x00000000fd300000, 0x00000000fd300000|100%| E|CS|TAMS 0x00000000fd200000| PB 0x00000000fd200000| Complete 
|2003|0x00000000fd300000, 0x00000000fd400000, 0x00000000fd400000|100%| E|CS|TAMS 0x00000000fd300000| PB 0x00000000fd300000| Complete 
|2004|0x00000000fd400000, 0x00000000fd500000, 0x00000000fd500000|100%| E|CS|TAMS 0x00000000fd400000| PB 0x00000000fd400000| Complete 
|2005|0x00000000fd500000, 0x00000000fd600000, 0x00000000fd600000|100%| E|CS|TAMS 0x00000000fd500000| PB 0x00000000fd500000| Complete 
|2006|0x00000000fd600000, 0x00000000fd700000, 0x00000000fd700000|100%| E|CS|TAMS 0x00000000fd600000| PB 0x00000000fd600000| Complete 
|2007|0x00000000fd700000, 0x00000000fd800000, 0x00000000fd800000|100%| E|CS|TAMS 0x00000000fd700000| PB 0x00000000fd700000| Complete 
|2008|0x00000000fd800000, 0x00000000fd900000, 0x00000000fd900000|100%| E|CS|TAMS 0x00000000fd800000| PB 0x00000000fd800000| Complete 
|2009|0x00000000fd900000, 0x00000000fda00000, 0x00000000fda00000|100%| E|CS|TAMS 0x00000000fd900000| PB 0x00000000fd900000| Complete 
|2010|0x00000000fda00000, 0x00000000fdb00000, 0x00000000fdb00000|100%| E|CS|TAMS 0x00000000fda00000| PB 0x00000000fda00000| Complete 
|2011|0x00000000fdb00000, 0x00000000fdc00000, 0x00000000fdc00000|100%| E|CS|TAMS 0x00000000fdb00000| PB 0x00000000fdb00000| Complete 
|2012|0x00000000fdc00000, 0x00000000fdd00000, 0x00000000fdd00000|100%| E|CS|TAMS 0x00000000fdc00000| PB 0x00000000fdc00000| Complete 
|2013|0x00000000fdd00000, 0x00000000fde00000, 0x00000000fde00000|100%| E|CS|TAMS 0x00000000fdd00000| PB 0x00000000fdd00000| Complete 
|2014|0x00000000fde00000, 0x00000000fdf00000, 0x00000000fdf00000|100%| E|CS|TAMS 0x00000000fde00000| PB 0x00000000fde00000| Complete 
|2015|0x00000000fdf00000, 0x00000000fe000000, 0x00000000fe000000|100%| E|CS|TAMS 0x00000000fdf00000| PB 0x00000000fdf00000| Complete 
|2016|0x00000000fe000000, 0x00000000fe100000, 0x00000000fe100000|100%| E|CS|TAMS 0x00000000fe000000| PB 0x00000000fe000000| Complete 
|2017|0x00000000fe100000, 0x00000000fe200000, 0x00000000fe200000|100%| E|CS|TAMS 0x00000000fe100000| PB 0x00000000fe100000| Complete 
|2018|0x00000000fe200000, 0x00000000fe300000, 0x00000000fe300000|100%| E|CS|TAMS 0x00000000fe200000| PB 0x00000000fe200000| Complete 
|2019|0x00000000fe300000, 0x00000000fe400000, 0x00000000fe400000|100%| E|CS|TAMS 0x00000000fe300000| PB 0x00000000fe300000| Complete 
|2020|0x00000000fe400000, 0x00000000fe500000, 0x00000000fe500000|100%| E|CS|TAMS 0x00000000fe400000| PB 0x00000000fe400000| Complete 
|2021|0x00000000fe500000, 0x00000000fe600000, 0x00000000fe600000|100%| E|CS|TAMS 0x00000000fe500000| PB 0x00000000fe500000| Complete 
|2022|0x00000000fe600000, 0x00000000fe700000, 0x00000000fe700000|100%| E|CS|TAMS 0x00000000fe600000| PB 0x00000000fe600000| Complete 
|2023|0x00000000fe700000, 0x00000000fe800000, 0x00000000fe800000|100%| E|CS|TAMS 0x00000000fe700000| PB 0x00000000fe700000| Complete 
|2024|0x00000000fe800000, 0x00000000fe900000, 0x00000000fe900000|100%| E|CS|TAMS 0x00000000fe800000| PB 0x00000000fe800000| Complete 
|2025|0x00000000fe900000, 0x00000000fea00000, 0x00000000fea00000|100%| E|CS|TAMS 0x00000000fe900000| PB 0x00000000fe900000| Complete 
|2026|0x00000000fea00000, 0x00000000feb00000, 0x00000000feb00000|100%| O|  |TAMS 0x00000000fea00000| PB 0x00000000fea00000| Untracked 
|2027|0x00000000feb00000, 0x00000000fec00000, 0x00000000fec00000|100%| E|CS|TAMS 0x00000000feb00000| PB 0x00000000feb00000| Complete 
|2028|0x00000000fec00000, 0x00000000fed00000, 0x00000000fed00000|100%| E|CS|TAMS 0x00000000fec00000| PB 0x00000000fec00000| Complete 
|2029|0x00000000fed00000, 0x00000000fee00000, 0x00000000fee00000|100%| E|CS|TAMS 0x00000000fed00000| PB 0x00000000fed00000| Complete 
|2030|0x00000000fee00000, 0x00000000fef00000, 0x00000000fef00000|100%| E|CS|TAMS 0x00000000fee00000| PB 0x00000000fee00000| Complete 
|2031|0x00000000fef00000, 0x00000000ff000000, 0x00000000ff000000|100%| O|  |TAMS 0x00000000fef00000| PB 0x00000000fef00000| Untracked 
|2032|0x00000000ff000000, 0x00000000ff100000, 0x00000000ff100000|100%| O|  |TAMS 0x00000000ff000000| PB 0x00000000ff000000| Untracked 
|2033|0x00000000ff100000, 0x00000000ff200000, 0x00000000ff200000|100%| E|CS|TAMS 0x00000000ff100000| PB 0x00000000ff100000| Complete 
|2034|0x00000000ff200000, 0x00000000ff300000, 0x00000000ff300000|100%| O|  |TAMS 0x00000000ff200000| PB 0x00000000ff200000| Untracked 
|2035|0x00000000ff300000, 0x00000000ff400000, 0x00000000ff400000|100%| O|  |TAMS 0x00000000ff300000| PB 0x00000000ff300000| Untracked 
|2036|0x00000000ff400000, 0x00000000ff500000, 0x00000000ff500000|100%| O|  |TAMS 0x00000000ff400000| PB 0x00000000ff400000| Untracked 
|2037|0x00000000ff500000, 0x00000000ff600000, 0x00000000ff600000|100%| O|  |TAMS 0x00000000ff500000| PB 0x00000000ff500000| Untracked 
|2038|0x00000000ff600000, 0x00000000ff700000, 0x00000000ff700000|100%| O|  |TAMS 0x00000000ff600000| PB 0x00000000ff600000| Untracked 
|2039|0x00000000ff700000, 0x00000000ff800000, 0x00000000ff800000|100%| O|  |TAMS 0x00000000ff700000| PB 0x00000000ff700000| Untracked 
|2040|0x00000000ff800000, 0x00000000ff900000, 0x00000000ff900000|100%| O|  |TAMS 0x00000000ff800000| PB 0x00000000ff800000| Untracked 
|2041|0x00000000ff900000, 0x00000000ffa00000, 0x00000000ffa00000|100%| O|  |TAMS 0x00000000ff900000| PB 0x00000000ff900000| Untracked 
|2042|0x00000000ffa00000, 0x00000000ffb00000, 0x00000000ffb00000|100%| O|  |TAMS 0x00000000ffa00000| PB 0x00000000ffa00000| Untracked 
|2043|0x00000000ffb00000, 0x00000000ffc00000, 0x00000000ffc00000|100%| E|CS|TAMS 0x00000000ffb00000| PB 0x00000000ffb00000| Complete 
|2044|0x00000000ffc00000, 0x00000000ffd00000, 0x00000000ffd00000|100%| E|CS|TAMS 0x00000000ffc00000| PB 0x00000000ffc00000| Complete 
|2045|0x00000000ffd00000, 0x00000000ffe00000, 0x00000000ffe00000|100%| E|CS|TAMS 0x00000000ffd00000| PB 0x00000000ffd00000| Complete 
|2046|0x00000000ffe00000, 0x00000000fff00000, 0x00000000fff00000|100%| E|CS|TAMS 0x00000000ffe00000| PB 0x00000000ffe00000| Complete 
|2047|0x00000000fff00000, 0x0000000100000000, 0x0000000100000000|100%| O|  |TAMS 0x00000000fff00000| PB 0x00000000fff00000| Untracked 

Card table byte_map: [0x0000021dd2440000,0x0000021dd2840000] _byte_map_base: 0x0000021dd2040000

Marking Bits: (CMBitMap*) 0x0000021dc0383970
 Bits: [0x0000021dd2840000, 0x0000021dd4840000)

Polling page: 0x0000021dbe0d0000

Metaspace:

Usage:
  Non-class:     30.55 MB used.
      Class:      3.36 MB used.
       Both:     33.91 MB used.

Virtual space:
  Non-class space:       64.00 MB reserved,      30.75 MB ( 48%) committed,  1 nodes.
      Class space:        1.00 GB reserved,       3.50 MB ( <1%) committed,  1 nodes.
             Both:        1.06 GB reserved,      34.25 MB (  3%) committed. 

Chunk freelists:
   Non-Class:  752.00 KB
       Class:  12.46 MB
        Both:  13.20 MB

MaxMetaspaceSize: unlimited
CompressedClassSpaceSize: 1.00 GB
Initial GC threshold: 21.00 MB
Current GC threshold: 57.00 MB
CDS: off
 - commit_granule_bytes: 65536.
 - commit_granule_words: 8192.
 - virtual_space_node_default_size: 8388608.
 - enlarge_chunks_in_place: 1.
 - use_allocation_guard: 0.


Internal statistics:

num_allocs_failed_limit: 3.
num_arena_births: 436.
num_arena_deaths: 0.
num_vsnodes_births: 2.
num_vsnodes_deaths: 0.
num_space_committed: 547.
num_space_uncommitted: 0.
num_chunks_returned_to_freelist: 3.
num_chunks_taken_from_freelist: 1264.
num_chunk_merges: 3.
num_chunk_splits: 790.
num_chunks_enlarged: 527.
num_inconsistent_stats: 0.

CodeHeap 'non-profiled nmethods': size=120000Kb used=5505Kb max_used=7867Kb free=114494Kb
 bounds [0x0000021dca7d0000, 0x0000021dcafa0000, 0x0000021dd1d00000]
CodeHeap 'profiled nmethods': size=120000Kb used=5331Kb max_used=11659Kb free=114668Kb
 bounds [0x0000021dc2d00000, 0x0000021dc3870000, 0x0000021dca230000]
CodeHeap 'non-nmethods': size=5760Kb used=1476Kb max_used=1565Kb free=4284Kb
 bounds [0x0000021dca230000, 0x0000021dca4a0000, 0x0000021dca7d0000]
CodeCache: size=245760Kb, used=12312Kb, max_used=21091Kb, free=233446Kb
 total_blobs=3944, nmethods=3313, adapters=535, full_count=0
Compilation: enabled, stopped_count=0, restarted_count=0

Compilation events (20 events):
Event: 611.102 Thread 0x0000021dd72fdee0 9351       1       org.languagetool.rules.patterns.AbstractPatternRule::getFilter (5 bytes)
Event: 611.102 Thread 0x0000021dd72fdee0 nmethod 9351 0x0000021dcaa46f90 code [0x0000021dcaa47120, 0x0000021dcaa471e8]
Event: 611.171 Thread 0x0000021dd72fdee0 9352       1       org.languagetool.rules.patterns.AbstractPatternRule::getMessage (5 bytes)
Event: 611.171 Thread 0x0000021dd72fdee0 nmethod 9352 0x0000021dcaa4d810 code [0x0000021dcaa4d9a0, 0x0000021dcaa4da68]
Event: 611.171 Thread 0x0000021dd72fdee0 9353       1       org.languagetool.rules.patterns.AbstractPatternRule::getSuggestionsOutMsg (5 bytes)
Event: 611.171 Thread 0x0000021dd72fdee0 nmethod 9353 0x0000021dcaa4e410 code [0x0000021dcaa4e5a0, 0x0000021dcaa4e668]
Event: 611.214 Thread 0x0000021dd72fdee0 9354       3       com.google.common.primitives.Ints::asList (18 bytes)
Event: 611.214 Thread 0x0000021dd72fdee0 nmethod 9354 0x0000021dc3356490 code [0x0000021dc3356660, 0x0000021dc3356aa8]
Event: 611.214 Thread 0x0000021dd72fdee0 9355       3       com.google.common.primitives.Ints$IntArrayAsList::<init> (9 bytes)
Event: 611.214 Thread 0x0000021dd72fdee0 nmethod 9355 0x0000021dc2d84090 code [0x0000021dc2d84260, 0x0000021dc2d84560]
Event: 611.214 Thread 0x0000021dd72fdee0 9356       3       com.google.common.primitives.Ints$IntArrayAsList::<init> (20 bytes)
Event: 611.214 Thread 0x0000021dd72fdee0 nmethod 9356 0x0000021dc2fb8010 code [0x0000021dc2fb81c0, 0x0000021dc2fb8450]
Event: 611.255 Thread 0x0000021dd72fdee0 9357       3       org.languagetool.rules.patterns.RuleFilterEvaluator::<init> (10 bytes)
Event: 611.255 Thread 0x0000021dd72fdee0 nmethod 9357 0x0000021dc30d9110 code [0x0000021dc30d92c0, 0x0000021dc30d9478]
Event: 611.306 Thread 0x0000021dd72fdee0 9358       3       java.util.Arrays::copyOfRange (11 bytes)
Event: 611.306 Thread 0x0000021dd72fdee0 nmethod 9358 0x0000021dc3106510 code [0x0000021dc31066c0, 0x0000021dc3106800]
Event: 611.317 Thread 0x0000021dd72fdee0 9359       1       org.languagetool.rules.patterns.AbstractPatternRule::getFilterArguments (5 bytes)
Event: 611.318 Thread 0x0000021dd72fdee0 nmethod 9359 0x0000021dcaa4ed10 code [0x0000021dcaa4eea0, 0x0000021dcaa4ef68]
Event: 611.444 Thread 0x0000021dd72fdee0 9360       3       org.bsplines.ltexls.tools.Logging::getLOGGER (4 bytes)
Event: 611.444 Thread 0x0000021dd72fdee0 nmethod 9360 0x0000021dc2d9ad10 code [0x0000021dc2d9aea0, 0x0000021dc2d9afb8]

GC Heap History (20 events):
Event: 496.407 GC heap before
{Heap before GC invocations=73 (full 0):
 garbage-first heap   total 979968K, used 927823K [0x0000000080000000, 0x0000000100000000)
  region size 1024K, 380 young (389120K), 2 survivors (2048K)
 Metaspace       used 34542K, committed 34880K, reserved 1114112K
  class space    used 3436K, committed 3584K, reserved 1048576K
}
Event: 496.422 GC heap after
{Heap after GC invocations=74 (full 0):
 garbage-first heap   total 979968K, used 539906K [0x0000000080000000, 0x0000000100000000)
  region size 1024K, 3 young (3072K), 3 survivors (3072K)
 Metaspace       used 34542K, committed 34880K, reserved 1114112K
  class space    used 3436K, committed 3584K, reserved 1048576K
}
Event: 509.573 GC heap before
{Heap before GC invocations=74 (full 0):
 garbage-first heap   total 979968K, used 926978K [0x0000000080000000, 0x0000000100000000)
  region size 1024K, 382 young (391168K), 3 survivors (3072K)
 Metaspace       used 34567K, committed 34944K, reserved 1114112K
  class space    used 3436K, committed 3584K, reserved 1048576K
}
Event: 509.576 GC heap after
{Heap after GC invocations=75 (full 0):
 garbage-first heap   total 979968K, used 540628K [0x0000000080000000, 0x0000000100000000)
  region size 1024K, 3 young (3072K), 3 survivors (3072K)
 Metaspace       used 34567K, committed 34944K, reserved 1114112K
  class space    used 3436K, committed 3584K, reserved 1048576K
}
Event: 515.380 GC heap before
{Heap before GC invocations=76 (full 0):
 garbage-first heap   total 979968K, used 927700K [0x0000000080000000, 0x0000000100000000)
  region size 1024K, 382 young (391168K), 3 survivors (3072K)
 Metaspace       used 34592K, committed 34944K, reserved 1114112K
  class space    used 3436K, committed 3584K, reserved 1048576K
}
Event: 515.386 GC heap after
{Heap after GC invocations=77 (full 0):
 garbage-first heap   total 979968K, used 541073K [0x0000000080000000, 0x0000000100000000)
  region size 1024K, 3 young (3072K), 3 survivors (3072K)
 Metaspace       used 34592K, committed 34944K, reserved 1114112K
  class space    used 3436K, committed 3584K, reserved 1048576K
}
Event: 530.535 GC heap before
{Heap before GC invocations=77 (full 0):
 garbage-first heap   total 979968K, used 928145K [0x0000000080000000, 0x0000000100000000)
  region size 1024K, 382 young (391168K), 3 survivors (3072K)
 Metaspace       used 34641K, committed 35008K, reserved 1114112K
  class space    used 3443K, committed 3584K, reserved 1048576K
}
Event: 530.547 GC heap after
{Heap after GC invocations=78 (full 0):
 garbage-first heap   total 979968K, used 538492K [0x0000000080000000, 0x0000000100000000)
  region size 1024K, 3 young (3072K), 3 survivors (3072K)
 Metaspace       used 34641K, committed 35008K, reserved 1114112K
  class space    used 3443K, committed 3584K, reserved 1048576K
}
Event: 557.321 GC heap before
{Heap before GC invocations=78 (full 0):
 garbage-first heap   total 979968K, used 927612K [0x0000000080000000, 0x0000000100000000)
  region size 1024K, 384 young (393216K), 3 survivors (3072K)
 Metaspace       used 34671K, committed 35008K, reserved 1114112K
  class space    used 3443K, committed 3584K, reserved 1048576K
}
Event: 557.324 GC heap after
{Heap after GC invocations=79 (full 0):
 garbage-first heap   total 979968K, used 539063K [0x0000000080000000, 0x0000000100000000)
  region size 1024K, 2 young (2048K), 2 survivors (2048K)
 Metaspace       used 34671K, committed 35008K, reserved 1114112K
  class space    used 3443K, committed 3584K, reserved 1048576K
}
Event: 588.274 GC heap before
{Heap before GC invocations=80 (full 0):
 garbage-first heap   total 979968K, used 928183K [0x0000000080000000, 0x0000000100000000)
  region size 1024K, 383 young (392192K), 2 survivors (2048K)
 Metaspace       used 34682K, committed 35008K, reserved 1114112K
  class space    used 3443K, committed 3584K, reserved 1048576K
}
Event: 588.279 GC heap after
{Heap after GC invocations=81 (full 0):
 garbage-first heap   total 979968K, used 539832K [0x0000000080000000, 0x0000000100000000)
  region size 1024K, 3 young (3072K), 3 survivors (3072K)
 Metaspace       used 34682K, committed 35008K, reserved 1114112K
  class space    used 3443K, committed 3584K, reserved 1048576K
}
Event: 592.885 GC heap before
{Heap before GC invocations=81 (full 0):
 garbage-first heap   total 979968K, used 927928K [0x0000000080000000, 0x0000000100000000)
  region size 1024K, 383 young (392192K), 3 survivors (3072K)
 Metaspace       used 34694K, committed 35008K, reserved 1114112K
  class space    used 3443K, committed 3584K, reserved 1048576K
}
Event: 592.894 GC heap after
{Heap after GC invocations=82 (full 0):
 garbage-first heap   total 979968K, used 537941K [0x0000000080000000, 0x0000000100000000)
  region size 1024K, 3 young (3072K), 3 survivors (3072K)
 Metaspace       used 34694K, committed 35008K, reserved 1114112K
  class space    used 3443K, committed 3584K, reserved 1048576K
}
Event: 601.419 GC heap before
{Heap before GC invocations=82 (full 0):
 garbage-first heap   total 979968K, used 928085K [0x0000000080000000, 0x0000000100000000)
  region size 1024K, 385 young (394240K), 3 survivors (3072K)
 Metaspace       used 34710K, committed 35008K, reserved 1114112K
  class space    used 3443K, committed 3584K, reserved 1048576K
}
Event: 601.422 GC heap after
{Heap after GC invocations=83 (full 0):
 garbage-first heap   total 979968K, used 538833K [0x0000000080000000, 0x0000000100000000)
  region size 1024K, 3 young (3072K), 3 survivors (3072K)
 Metaspace       used 34710K, committed 35008K, reserved 1114112K
  class space    used 3443K, committed 3584K, reserved 1048576K
}
Event: 604.804 GC heap before
{Heap before GC invocations=84 (full 0):
 garbage-first heap   total 979968K, used 927953K [0x0000000080000000, 0x0000000100000000)
  region size 1024K, 384 young (393216K), 3 survivors (3072K)
 Metaspace       used 34722K, committed 35072K, reserved 1114112K
  class space    used 3443K, committed 3584K, reserved 1048576K
}
Event: 604.810 GC heap after
{Heap after GC invocations=85 (full 0):
 garbage-first heap   total 979968K, used 538957K [0x0000000080000000, 0x0000000100000000)
  region size 1024K, 3 young (3072K), 3 survivors (3072K)
 Metaspace       used 34722K, committed 35072K, reserved 1114112K
  class space    used 3443K, committed 3584K, reserved 1048576K
}
Event: 607.978 GC heap before
{Heap before GC invocations=85 (full 0):
 garbage-first heap   total 979968K, used 928077K [0x0000000080000000, 0x0000000100000000)
  region size 1024K, 384 young (393216K), 3 survivors (3072K)
 Metaspace       used 34724K, committed 35072K, reserved 1114112K
  class space    used 3443K, committed 3584K, reserved 1048576K
}
Event: 607.989 GC heap after
{Heap after GC invocations=86 (full 0):
 garbage-first heap   total 979968K, used 536753K [0x0000000080000000, 0x0000000100000000)
  region size 1024K, 3 young (3072K), 3 survivors (3072K)
 Metaspace       used 34724K, committed 35072K, reserved 1114112K
  class space    used 3443K, committed 3584K, reserved 1048576K
}

Dll operation events (9 events):
Event: 0.015 Loaded shared library c:\Users\vi_ba\.vscode\extensions\ltex-plus.vscode-ltex-plus-15.7.1\lib\ltex-ls-plus-18.7.0\jdk-21.0.10+7\bin\java.dll
Event: 0.025 Loaded shared library c:\Users\vi_ba\.vscode\extensions\ltex-plus.vscode-ltex-plus-15.7.1\lib\ltex-ls-plus-18.7.0\jdk-21.0.10+7\bin\zip.dll
Event: 0.172 Loaded shared library c:\Users\vi_ba\.vscode\extensions\ltex-plus.vscode-ltex-plus-15.7.1\lib\ltex-ls-plus-18.7.0\jdk-21.0.10+7\bin\jsvml.dll
Event: 0.467 Loaded shared library C:\Users\vi_ba\.vscode\extensions\ltex-plus.vscode-ltex-plus-15.7.1\lib\ltex-ls-plus-18.7.0\jdk-21.0.10+7\bin\net.dll
Event: 0.471 Loaded shared library C:\Users\vi_ba\.vscode\extensions\ltex-plus.vscode-ltex-plus-15.7.1\lib\ltex-ls-plus-18.7.0\jdk-21.0.10+7\bin\nio.dll
Event: 0.487 Loaded shared library C:\Users\vi_ba\.vscode\extensions\ltex-plus.vscode-ltex-plus-15.7.1\lib\ltex-ls-plus-18.7.0\jdk-21.0.10+7\bin\zip.dll
Event: 0.905 Loaded shared library C:\Users\vi_ba\.vscode\extensions\ltex-plus.vscode-ltex-plus-15.7.1\lib\ltex-ls-plus-18.7.0\jdk-21.0.10+7\bin\jimage.dll
Event: 1.137 Loaded shared library C:\Temp\jansi-2.4.3-5c2d1ca4a1e8154d-jansi.dll
Event: 1.173 Loaded shared library c:\Users\vi_ba\.vscode\extensions\ltex-plus.vscode-ltex-plus-15.7.1\lib\ltex-ls-plus-18.7.0\jdk-21.0.10+7\bin\verify.dll

Deoptimization events (20 events):
Event: 583.466 Thread 0x0000021ddcd3fc60 DEOPT PACKING pc=0x0000021dca8c0bf4 sp=0x000000c6380feea0
Event: 583.466 Thread 0x0000021ddcd3fc60 DEOPT UNPACKING pc=0x0000021dca2843a2 sp=0x000000c6380fee58 mode 2
Event: 586.659 Thread 0x0000021ddcd3fc60 DEOPT PACKING pc=0x0000021dc2d7a697 sp=0x000000c6380fee10
Event: 586.659 Thread 0x0000021ddcd3fc60 DEOPT UNPACKING pc=0x0000021dca284b42 sp=0x000000c6380fe358 mode 0
Event: 587.347 Thread 0x0000021ddcd3fc60 DEOPT PACKING pc=0x0000021dc2d7a697 sp=0x000000c6380fee10
Event: 587.347 Thread 0x0000021ddcd3fc60 DEOPT UNPACKING pc=0x0000021dca284b42 sp=0x000000c6380fe358 mode 0
Event: 587.741 Thread 0x0000021ddcd3fc60 DEOPT PACKING pc=0x0000021dc2d7a697 sp=0x000000c6380fee10
Event: 587.741 Thread 0x0000021ddcd3fc60 DEOPT UNPACKING pc=0x0000021dca284b42 sp=0x000000c6380fe358 mode 0
Event: 591.869 Thread 0x0000021ddcd3fc60 DEOPT PACKING pc=0x0000021dc2ddb13f sp=0x000000c6380fe8a0
Event: 591.869 Thread 0x0000021ddcd3fc60 DEOPT UNPACKING pc=0x0000021dca284b42 sp=0x000000c6380fdcc0 mode 0
Event: 602.830 Thread 0x0000021ddcd3fc60 DEOPT PACKING pc=0x0000021dc3858ccb sp=0x000000c6380fe620
Event: 602.830 Thread 0x0000021ddcd3fc60 DEOPT UNPACKING pc=0x0000021dca284b42 sp=0x000000c6380fdb00 mode 0
Event: 604.223 Thread 0x0000021ddcd3fc60 DEOPT PACKING pc=0x0000021dc31894e9 sp=0x000000c6380fdfa0
Event: 604.223 Thread 0x0000021ddcd3fc60 DEOPT UNPACKING pc=0x0000021dca284b42 sp=0x000000c6380fd508 mode 0
Event: 607.991 Thread 0x0000021ddcd3fc60 DEOPT PACKING pc=0x0000021dc33a346a sp=0x000000c6380fe010
Event: 607.991 Thread 0x0000021ddcd3fc60 DEOPT UNPACKING pc=0x0000021dca284b42 sp=0x000000c6380fd570 mode 0
Event: 608.889 Thread 0x0000021ddcd3fc60 Uncommon trap: trap_request=0xffffff6e fr.pc=0x0000021dcaf231c0 relative=0x0000000000004d80
Event: 608.889 Thread 0x0000021ddcd3fc60 Uncommon trap: reason=loop_limit_check action=maybe_recompile pc=0x0000021dcaf231c0 method=org.languagetool.rules.patterns.PatternRuleMatcher.createRuleMatch([I[Lorg/languagetool/AnalyzedTokenReadings;IIIILorg/languagetool/AnalyzedSentence;)Lorg/languaget
Event: 608.889 Thread 0x0000021ddcd3fc60 DEOPT PACKING pc=0x0000021dcaf231c0 sp=0x000000c6380fdc90
Event: 608.889 Thread 0x0000021ddcd3fc60 DEOPT UNPACKING pc=0x0000021dca2843a2 sp=0x000000c6380fdc10 mode 2

Classes loaded (20 events):
Event: 52.572 Loading class java/util/concurrent/CompletableFuture$UniApply
Event: 52.572 Loading class java/util/concurrent/CompletableFuture$UniCompletion
Event: 52.572 Loading class java/util/concurrent/CompletableFuture$UniCompletion done
Event: 52.572 Loading class java/util/concurrent/CompletableFuture$UniApply done
Event: 52.574 Loading class java/util/concurrent/CompletableFuture$UniAccept
Event: 52.574 Loading class java/util/concurrent/CompletableFuture$UniAccept done
Event: 52.574 Loading class java/util/concurrent/CompletableFuture$UniExceptionally
Event: 52.575 Loading class java/util/concurrent/CompletableFuture$UniExceptionally done
Event: 430.733 Loading class sun/util/locale/LocaleExtensions
Event: 430.734 Loading class sun/util/locale/LocaleExtensions done
Event: 438.545 Loading class java/util/logging/LogManager$CloseOnReset
Event: 438.562 Loading class java/util/logging/LogManager$CloseOnReset done
Event: 516.069 Loading class java/lang/Thread$ThreadNumbering
Event: 516.069 Loading class java/lang/Thread$ThreadNumbering done
Event: 516.071 Loading class java/time/Instant$1
Event: 516.072 Loading class java/time/Instant$1 done
Event: 516.072 Loading class jdk/internal/event/ThreadSleepEvent
Event: 516.074 Loading class jdk/internal/event/ThreadSleepEvent done
Event: 517.887 Loading class java/util/concurrent/CompletionException
Event: 517.907 Loading class java/util/concurrent/CompletionException done

Classes unloaded (0 events):
No events

Classes redefined (0 events):
No events

Internal exceptions (20 events):
Event: 37.006 Thread 0x0000021ddcd3fc60 Exception <a 'java/lang/NoSuchMethodError'{0x000000009f32f6e0}: 'java.lang.Object java.lang.invoke.DirectMethodHandle$Holder.newInvokeSpecial(java.lang.Object, java.lang.Object, java.lang.Object, int)'> (0x000000009f32f6e0) 
thrown [s\src\hotspot\share\interpreter\linkResolver.cpp, line 773]
Event: 37.006 Thread 0x0000021ddcd3fc60 Exception <a 'java/lang/NoSuchMethodError'{0x000000009f333838}: 'java.lang.Object java.lang.invoke.DirectMethodHandle$Holder.invokeSpecial(java.lang.Object, java.lang.Object, java.lang.Object, java.lang.Object, int)'> (0x000000009f333838) 
thrown [s\src\hotspot\share\interpreter\linkResolver.cpp, line 773]
Event: 37.007 Thread 0x0000021ddcd3fc60 Exception <a 'java/lang/NoSuchMethodError'{0x000000009f337190}: 'java.lang.Object java.lang.invoke.Invokers$Holder.linkToTargetMethod(java.lang.Object, java.lang.Object, int, java.lang.Object)'> (0x000000009f337190) 
thrown [s\src\hotspot\share\interpreter\linkResolver.cpp, line 773]
Event: 37.502 Thread 0x0000021ddcd3fc60 Exception <a 'java/lang/NoSuchMethodError'{0x000000009ec4adb8}: 'java.lang.Object java.lang.invoke.DirectMethodHandle$Holder.invokeVirtual(java.lang.Object, java.lang.Object, java.lang.Object, java.lang.Object)'> (0x000000009ec4adb8) 
thrown [s\src\hotspot\share\interpreter\linkResolver.cpp, line 773]
Event: 37.722 Thread 0x0000021ddcd3fc60 Implicit null exception at 0x0000021dca89eeba to 0x0000021dca89eef4
Event: 38.910 Thread 0x0000021ddcd3fc60 Exception <a 'java/lang/NoSuchMethodError'{0x00000000a86bf988}: 'java.lang.Object java.lang.invoke.DirectMethodHandle$Holder.newInvokeSpecial(java.lang.Object, java.lang.Object, java.lang.Object, java.lang.Object, java.lang.Object, java.lang.Object)'> (0x00000000a86bf988) 
thrown [s\src\hotspot\share\interpreter\linkResolver.cpp, line 773]
Event: 38.929 Thread 0x0000021ddcd3fc60 Implicit null exception at 0x0000021dcad162ba to 0x0000021dcad16334
Event: 39.244 Thread 0x0000021ddcd3fc60 Implicit null exception at 0x0000021dcab11f00 to 0x0000021dcab11fb4
Event: 39.423 Thread 0x0000021ddcd3fc60 Implicit null exception at 0x0000021dca907480 to 0x0000021dca907534
Event: 40.322 Thread 0x0000021ddcd3fc60 Implicit null exception at 0x0000021dca98b954 to 0x0000021dca98b9d9
Event: 41.649 Thread 0x0000021ddcd3fc60 Exception <a 'java/lang/NoSuchMethodError'{0x00000000af11c188}: 'java.lang.Object java.lang.invoke.DirectMethodHandle$Holder.newInvokeSpecial(java.lang.Object, java.lang.Object, long, java.lang.Object, java.lang.Object, java.lang.Object, java.lang.Object, java.lang.Object, java.lang.Object, java.lang.Object, java.lang.Object, java.lang.Object, java.lang.Object, java.lang.Object, java.lang.Object)'> (0x00000000af11c188) 
thrown [s\src\hotspot\share\interpreter\linkResolver.cpp, line 773]
Event: 41.687 Thread 0x0000021ddcd3fc60 Implicit null exception at 0x0000021dca90a27b to 0x0000021dca90b0d0
Event: 41.987 Thread 0x0000021ddcd3fc60 Exception <a 'java/lang/NoSuchMethodError'{0x00000000ae4ffa88}: 'java.lang.Object java.lang.invoke.DirectMethodHandle$Holder.newInvokeSpecial(java.lang.Object, java.lang.Object, java.lang.Object, int, java.lang.Object, java.lang.Object, java.lang.Object)'> (0x00000000ae4ffa88) 
thrown [s\src\hotspot\share\interpreter\linkResolver.cpp, line 773]
Event: 41.991 Thread 0x0000021ddcd3fc60 Exception <a 'java/lang/NoSuchMethodError'{0x00000000ae30ea90}: 'int java.lang.invoke.DirectMethodHandle$Holder.invokeVirtual(java.lang.Object, java.lang.Object, java.lang.Object, java.lang.Object)'> (0x00000000ae30ea90) 
thrown [s\src\hotspot\share\interpreter\linkResolver.cpp, line 773]
Event: 43.540 Thread 0x0000021ddcd3fc60 Exception <a 'java/lang/NoSuchMethodError'{0x00000000a6a6b3c8}: 'java.lang.Object java.lang.invoke.DirectMethodHandle$Holder.invokeSpecial(java.lang.Object, java.lang.Object, int, int, float, float, float)'> (0x00000000a6a6b3c8) 
thrown [s\src\hotspot\share\interpreter\linkResolver.cpp, line 773]
Event: 43.570 Thread 0x0000021ddcd3fc60 Exception <a 'java/lang/NoSuchMethodError'{0x00000000a6986308}: 'int java.lang.invoke.DirectMethodHandle$Holder.invokeSpecial(java.lang.Object, java.lang.Object, java.lang.Object, java.lang.Object)'> (0x00000000a6986308) 
thrown [s\src\hotspot\share\interpreter\linkResolver.cpp, line 773]
Event: 43.641 Thread 0x0000021ddcd3fc60 Exception <a 'java/lang/NoSuchMethodError'{0x00000000a665c5d8}: 'int java.lang.invoke.DirectMethodHandle$Holder.invokeVirtual(java.lang.Object, java.lang.Object)'> (0x00000000a665c5d8) 
thrown [s\src\hotspot\share\interpreter\linkResolver.cpp, line 773]
Event: 90.399 Thread 0x0000021ddcf52a20 Exception <a 'java/lang/NoSuchMethodError'{0x00000000b5806600}: 'java.lang.Object java.lang.invoke.DirectMethodHandle$Holder.newInvokeSpecial(java.lang.Object, long)'> (0x00000000b5806600) 
thrown [s\src\hotspot\share\interpreter\linkResolver.cpp, line 773]
Event: 434.489 Thread 0x0000021ddd41f990 Exception <a 'java/lang/IncompatibleClassChangeError'{0x00000000ad3056d0}: Found class java.lang.Object, but interface was expected> (0x00000000ad3056d0) 
thrown [s\src\hotspot\share\interpreter\linkResolver.cpp, line 840]
Event: 469.388 Thread 0x0000021ddcd3fc60 Implicit null exception at 0x0000021dcaecfec4 to 0x0000021dcaed0080

ZGC Phase Switch (0 events):
No events

VM Operations (20 events):
Event: 600.962 Executing safepoint VM operation: Cleanup
Event: 600.962 Executing safepoint VM operation: Cleanup done
Event: 601.419 Executing safepoint VM operation: G1CollectForAllocation (G1 Evacuation Pause)
Event: 601.423 Executing safepoint VM operation: G1CollectForAllocation (G1 Evacuation Pause) done
Event: 602.201 Executing safepoint VM operation: G1PauseRemark
Event: 602.205 Executing safepoint VM operation: G1PauseRemark done
Event: 602.795 Executing safepoint VM operation: G1PauseCleanup
Event: 602.795 Executing safepoint VM operation: G1PauseCleanup done
Event: 603.802 Executing safepoint VM operation: Cleanup
Event: 603.802 Executing safepoint VM operation: Cleanup done
Event: 604.804 Executing safepoint VM operation: G1CollectForAllocation (G1 Evacuation Pause)
Event: 604.810 Executing safepoint VM operation: G1CollectForAllocation (G1 Evacuation Pause) done
Event: 605.818 Executing safepoint VM operation: Cleanup
Event: 605.818 Executing safepoint VM operation: Cleanup done
Event: 607.832 Executing safepoint VM operation: Cleanup
Event: 607.832 Executing safepoint VM operation: Cleanup done
Event: 607.978 Executing safepoint VM operation: G1CollectForAllocation (G1 Evacuation Pause)
Event: 607.989 Executing safepoint VM operation: G1CollectForAllocation (G1 Evacuation Pause) done
Event: 609.991 Executing safepoint VM operation: Cleanup
Event: 609.991 Executing safepoint VM operation: Cleanup done

Memory protections (0 events):
No events

Nmethod flushes (20 events):
Event: 602.204 Thread 0x0000021dd724d980 flushing  nmethod 0x0000021dc2dd0e10
Event: 602.204 Thread 0x0000021dd724d980 flushing  nmethod 0x0000021dc2e3ed10
Event: 602.204 Thread 0x0000021dd724d980 flushing  nmethod 0x0000021dc2ee1b10
Event: 602.204 Thread 0x0000021dd724d980 flushing  nmethod 0x0000021dc2f86110
Event: 602.204 Thread 0x0000021dd724d980 flushing  nmethod 0x0000021dc2f91410
Event: 602.204 Thread 0x0000021dd724d980 flushing  nmethod 0x0000021dc3012890
Event: 602.204 Thread 0x0000021dd724d980 flushing  nmethod 0x0000021dc301fd10
Event: 602.204 Thread 0x0000021dd724d980 flushing  nmethod 0x0000021dc3021910
Event: 602.204 Thread 0x0000021dd724d980 flushing  nmethod 0x0000021dc3022010
Event: 602.204 Thread 0x0000021dd724d980 flushing  nmethod 0x0000021dc312da90
Event: 602.204 Thread 0x0000021dd724d980 flushing  nmethod 0x0000021dc3316090
Event: 602.204 Thread 0x0000021dd724d980 flushing  nmethod 0x0000021dc3316a10
Event: 602.204 Thread 0x0000021dd724d980 flushing  nmethod 0x0000021dc3319390
Event: 602.204 Thread 0x0000021dd724d980 flushing  nmethod 0x0000021dc33cd290
Event: 602.204 Thread 0x0000021dd724d980 flushing  nmethod 0x0000021dc33cd610
Event: 602.204 Thread 0x0000021dd724d980 flushing  nmethod 0x0000021dc33cff90
Event: 602.204 Thread 0x0000021dd724d980 flushing osr nmethod 0x0000021dc33eeb10
Event: 602.204 Thread 0x0000021dd724d980 flushing  nmethod 0x0000021dc3826f90
Event: 602.204 Thread 0x0000021dd724d980 flushing  nmethod 0x0000021dc3827490
Event: 602.204 Thread 0x0000021dd724d980 flushing  nmethod 0x0000021dc3828790

Events (20 events):
Event: 52.273 Thread 0x0000021dd72fdee0 Thread added: 0x0000021ddd0d73a0
Event: 52.568 Thread 0x0000021ddd0d73a0 Thread exited: 0x0000021ddd0d73a0
Event: 429.427 Thread 0x0000021dd72f99f0 Thread added: 0x0000021ddd811580
Event: 431.444 Thread 0x0000021ddd811580 Thread exited: 0x0000021ddd811580
Event: 431.470 Thread 0x0000021dd72f99f0 Thread added: 0x0000021ddd398e90
Event: 433.109 Thread 0x0000021ddd398e90 Thread exited: 0x0000021ddd398e90
Event: 434.491 Thread 0x0000021dd72fdee0 Thread added: 0x0000021dde331c20
Event: 434.678 Thread 0x0000021dde331c20 Thread exited: 0x0000021dde331c20
Event: 435.303 Thread 0x0000021dd72fdee0 Thread added: 0x0000021ddd0d7a70
Event: 436.178 Thread 0x0000021ddd0d7a70 Thread exited: 0x0000021ddd0d7a70
Event: 442.422 Thread 0x0000021dd72fdee0 Thread added: 0x0000021dde331c20
Event: 444.101 Thread 0x0000021dde331c20 Thread exited: 0x0000021dde331c20
Event: 447.847 Thread 0x0000021dd72fdee0 Thread added: 0x0000021ddd8129f0
Event: 450.390 Thread 0x0000021ddd8129f0 Thread exited: 0x0000021ddd8129f0
Event: 484.714 Thread 0x0000021dd72fdee0 Thread added: 0x0000021ddd985630
Event: 486.468 Thread 0x0000021ddd985630 Thread exited: 0x0000021ddd985630
Event: 516.070 Thread 0x0000021ddcd3fc60 Thread added: 0x0000021ddce72d30
Event: 516.640 Thread 0x0000021ddce72d30 Thread exited: 0x0000021ddce72d30
Event: 520.053 Thread 0x0000021ddcd3fc60 Thread added: 0x0000021ddce72d30
Event: 521.643 Thread 0x0000021ddce72d30 Thread exited: 0x0000021ddce72d30


Dynamic libraries:
0x00007ff617c80000 - 0x00007ff617c8e000 	c:\Users\vi_ba\.vscode\extensions\ltex-plus.vscode-ltex-plus-15.7.1\lib\ltex-ls-plus-18.7.0\jdk-21.0.10+7\bin\java.exe
0x00007ffa40060000 - 0x00007ffa402c6000 	C:\WINDOWS\SYSTEM32\ntdll.dll
0x00007ffa3e520000 - 0x00007ffa3e5e9000 	C:\WINDOWS\System32\KERNEL32.DLL
0x00007ffa3d550000 - 0x00007ffa3d94f000 	C:\WINDOWS\System32\KERNELBASE.dll
0x00007ffa3d270000 - 0x00007ffa3d3bc000 	C:\WINDOWS\System32\ucrtbase.dll
0x00007ff9d1800000 - 0x00007ff9d1818000 	c:\Users\vi_ba\.vscode\extensions\ltex-plus.vscode-ltex-plus-15.7.1\lib\ltex-ls-plus-18.7.0\jdk-21.0.10+7\bin\jli.dll
0x00007ff9ef6c0000 - 0x00007ff9ef6de000 	c:\Users\vi_ba\.vscode\extensions\ltex-plus.vscode-ltex-plus-15.7.1\lib\ltex-ls-plus-18.7.0\jdk-21.0.10+7\bin\VCRUNTIME140.dll
0x00007ffa3ecd0000 - 0x00007ffa3ee96000 	C:\WINDOWS\System32\USER32.dll
0x00007ffa3da10000 - 0x00007ffa3da37000 	C:\WINDOWS\System32\win32u.dll
0x00007ffa25e60000 - 0x00007ffa260f1000 	C:\WINDOWS\WinSxS\amd64_microsoft.windows.common-controls_6595b64144ccf1df_6.0.26100.8972_none_3e0da176e32f9d4b\COMCTL32.dll
0x00007ffa3dea0000 - 0x00007ffa3decb000 	C:\WINDOWS\System32\GDI32.dll
0x00007ffa3dad0000 - 0x00007ffa3dbf9000 	C:\WINDOWS\System32\gdi32full.dll
0x00007ffa3df20000 - 0x00007ffa3dfc9000 	C:\WINDOWS\System32\msvcrt.dll
0x00007ffa3d960000 - 0x00007ffa3da03000 	C:\WINDOWS\System32\msvcp_win.dll
0x00007ffa3e3a0000 - 0x00007ffa3e3d2000 	C:\WINDOWS\System32\IMM32.DLL
0x00007ffa10600000 - 0x00007ffa1060c000 	c:\Users\vi_ba\.vscode\extensions\ltex-plus.vscode-ltex-plus-15.7.1\lib\ltex-ls-plus-18.7.0\jdk-21.0.10+7\bin\vcruntime140_1.dll
0x00007ff9b8b00000 - 0x00007ff9b8b8d000 	c:\Users\vi_ba\.vscode\extensions\ltex-plus.vscode-ltex-plus-15.7.1\lib\ltex-ls-plus-18.7.0\jdk-21.0.10+7\bin\msvcp140.dll
0x00007ff96d510000 - 0x00007ff96e2b1000 	c:\Users\vi_ba\.vscode\extensions\ltex-plus.vscode-ltex-plus-15.7.1\lib\ltex-ls-plus-18.7.0\jdk-21.0.10+7\bin\server\jvm.dll
0x00007ffa3efe0000 - 0x00007ffa3f09c000 	C:\WINDOWS\System32\ADVAPI32.dll
0x00007ffa3e790000 - 0x00007ffa3e83a000 	C:\WINDOWS\System32\sechost.dll
0x00007ffa3f2a0000 - 0x00007ffa3f3b8000 	C:\WINDOWS\System32\RPCRT4.dll
0x00007ffa3e3e0000 - 0x00007ffa3e462000 	C:\WINDOWS\System32\WS2_32.dll
0x00007ffa3bd90000 - 0x00007ffa3bdee000 	C:\WINDOWS\SYSTEM32\POWRPROF.dll
0x00007ffa2e730000 - 0x00007ffa2e766000 	C:\WINDOWS\SYSTEM32\WINMM.dll
0x00007ffa349f0000 - 0x00007ffa349fb000 	C:\WINDOWS\SYSTEM32\VERSION.dll
0x00007ffa3bd70000 - 0x00007ffa3bd85000 	C:\WINDOWS\SYSTEM32\UMPDC.dll
0x00007ffa3c060000 - 0x00007ffa3c07b000 	C:\WINDOWS\SYSTEM32\kernel.appcore.dll
0x00007ff9d22a0000 - 0x00007ff9d22aa000 	c:\Users\vi_ba\.vscode\extensions\ltex-plus.vscode-ltex-plus-15.7.1\lib\ltex-ls-plus-18.7.0\jdk-21.0.10+7\bin\jimage.dll
0x00007ffa3a860000 - 0x00007ffa3aaa2000 	C:\WINDOWS\SYSTEM32\DBGHELP.DLL
0x00007ffa3fb60000 - 0x00007ffa3fee5000 	C:\WINDOWS\System32\combase.dll
0x00007ffa3dd90000 - 0x00007ffa3de69000 	C:\WINDOWS\System32\OLEAUT32.dll
0x00007ffa08c20000 - 0x00007ffa08c5b000 	C:\WINDOWS\SYSTEM32\dbgcore.DLL
0x00007ffa3d3d0000 - 0x00007ffa3d47c000 	C:\WINDOWS\System32\bcryptPrimitives.dll
0x00007ff9b8ae0000 - 0x00007ff9b8b00000 	c:\Users\vi_ba\.vscode\extensions\ltex-plus.vscode-ltex-plus-15.7.1\lib\ltex-ls-plus-18.7.0\jdk-21.0.10+7\bin\java.dll
0x00007ff9b8ac0000 - 0x00007ff9b8ad8000 	c:\Users\vi_ba\.vscode\extensions\ltex-plus.vscode-ltex-plus-15.7.1\lib\ltex-ls-plus-18.7.0\jdk-21.0.10+7\bin\zip.dll
0x00007ffa3f3d0000 - 0x00007ffa3fb58000 	C:\WINDOWS\System32\SHELL32.dll
0x00007ffa3ad20000 - 0x00007ffa3b5bb000 	C:\WINDOWS\SYSTEM32\windows.storage.dll
0x00007ffa3e2a0000 - 0x00007ffa3e399000 	C:\WINDOWS\System32\SHCORE.dll
0x00007ffa3e030000 - 0x00007ffa3e096000 	C:\WINDOWS\System32\shlwapi.dll
0x00007ffa3d190000 - 0x00007ffa3d1b9000 	C:\WINDOWS\SYSTEM32\profapi.dll
0x00007ff9b89e0000 - 0x00007ff9b8ab7000 	c:\Users\vi_ba\.vscode\extensions\ltex-plus.vscode-ltex-plus-15.7.1\lib\ltex-ls-plus-18.7.0\jdk-21.0.10+7\bin\jsvml.dll
0x00007ff9d14e0000 - 0x00007ff9d14f0000 	C:\Users\vi_ba\.vscode\extensions\ltex-plus.vscode-ltex-plus-15.7.1\lib\ltex-ls-plus-18.7.0\jdk-21.0.10+7\bin\net.dll
0x00007ffa34e90000 - 0x00007ffa34fb8000 	C:\WINDOWS\SYSTEM32\WINHTTP.dll
0x00007ffa3c630000 - 0x00007ffa3c69c000 	C:\WINDOWS\system32\mswsock.dll
0x00007ff9b89c0000 - 0x00007ff9b89d6000 	C:\Users\vi_ba\.vscode\extensions\ltex-plus.vscode-ltex-plus-15.7.1\lib\ltex-ls-plus-18.7.0\jdk-21.0.10+7\bin\nio.dll
0x00007ff9b8990000 - 0x00007ff9b89b4000 	C:\Temp\jansi-2.4.3-5c2d1ca4a1e8154d-jansi.dll
0x00007ff9cadc0000 - 0x00007ff9cadd0000 	c:\Users\vi_ba\.vscode\extensions\ltex-plus.vscode-ltex-plus-15.7.1\lib\ltex-ls-plus-18.7.0\jdk-21.0.10+7\bin\verify.dll

JVMTI agents: none

dbghelp: loaded successfully - version: 4.0.5 - missing functions: none
symbol engine: initialized successfully - sym options: 0x614 - pdb path: .;c:\Users\vi_ba\.vscode\extensions\ltex-plus.vscode-ltex-plus-15.7.1\lib\ltex-ls-plus-18.7.0\jdk-21.0.10+7\bin;C:\WINDOWS\SYSTEM32;C:\WINDOWS\WinSxS\amd64_microsoft.windows.common-controls_6595b64144ccf1df_6.0.26100.8972_none_3e0da176e32f9d4b;c:\Users\vi_ba\.vscode\extensions\ltex-plus.vscode-ltex-plus-15.7.1\lib\ltex-ls-plus-18.7.0\jdk-21.0.10+7\bin\server;C:\Temp

VM Arguments:
jvm_args: -Xms64m -Xmx2048m -Dapp.name=ltex-ls-plus -Dapp.repo=c:\Users\vi_ba\.vscode\extensions\ltex-plus.vscode-ltex-plus-15.7.1\lib\ltex-ls-plus-18.7.0\lib -Dapp.home=c:\Users\vi_ba\.vscode\extensions\ltex-plus.vscode-ltex-plus-15.7.1\lib\ltex-ls-plus-18.7.0 -Dbasedir=c:\Users\vi_ba\.vscode\extensions\ltex-plus.vscode-ltex-plus-15.7.1\lib\ltex-ls-plus-18.7.0 
java_command: org.bsplines.ltexls.LtexLanguageServerLauncher
java_class_path (initial): c:\Users\vi_ba\.vscode\extensions\ltex-plus.vscode-ltex-plus-15.7.1\lib\ltex-ls-plus-18.7.0\etc;c:\Users\vi_ba\.vscode\extensions\ltex-plus.vscode-ltex-plus-15.7.1\lib\ltex-ls-plus-18.7.0\lib\aho-corasick-double-array-trie-1.2.2.jar;c:\Users\vi_ba\.vscode\extensions\ltex-plus.vscode-ltex-plus-15.7.1\lib\ltex-ls-plus-18.7.0\lib\angus-activation-2.0.2.jar;c:\Users\vi_ba\.vscode\extensions\ltex-plus.vscode-ltex-plus-15.7.1\lib\ltex-ls-plus-18.7.0\lib\animal-sniffer-annotations-1.24.jar;c:\Users\vi_ba\.vscode\extensions\ltex-plus.vscode-ltex-plus-15.7.1\lib\ltex-ls-plus-18.7.0\lib\annotations-12.0.jar;c:\Users\vi_ba\.vscode\extensions\ltex-plus.vscode-ltex-plus-15.7.1\lib\ltex-ls-plus-18.7.0\lib\annotations-13.0.jar;c:\Users\vi_ba\.vscode\extensions\ltex-plus.vscode-ltex-plus-15.7.1\lib\ltex-ls-plus-18.7.0\lib\annotations-4.1.1.4.jar;c:\Users\vi_ba\.vscode\extensions\ltex-plus.vscode-ltex-plus-15.7.1\lib\ltex-ls-plus-18.7.0\lib\asturian-pos-dict-0.1.jar;c:\Users\vi_ba\.vscode\extensions\ltex-plus.vscode-ltex-plus-15.7.1\lib\ltex-ls-plus-18.7.0\lib\catalan-pos-dict-3.3.jar;c:\Users\vi_ba\.vscode\extensions\ltex-plus.vscode-ltex-plus-15.7.1\lib\ltex-ls-plus-18.7.0\lib\commons-digester-2.1.jar;c:\Users\vi_ba\.vscode\extensions\ltex-plus.vscode-ltex-plus-15.7.1\lib\ltex-ls-plus-18.7.0\lib\commons-lang3-3.18.0.jar;c:\Users\vi_ba\.vscode\extensions\ltex-plus.vscode-ltex-plus-15.7.1\lib\ltex-ls-plus-18.7.0\lib\commons-logging-1.3.4.jar;c:\Users\vi_ba\.vscode\extensions\ltex-plus.vscode-ltex-plus-15.7.1\lib\ltex-ls-plus-18.7.0\lib\commons-pool2-2.12.0.jar;c:\Users\vi_ba\.vscode\extensions\ltex-plus.vscode-ltex-plus-15.7.1\lib\ltex-ls-plus-18.7.0\lib\commons-text-1.12.0.jar;c:\Users\vi_ba\.vscode\extensions\ltex-plus.vscode-ltex-plus-15.7.1\lib\ltex-ls-plus-18.7.0\lib\commons-validator-1.9.0.jar;c:\Users\vi_ba\.vscode\extensions\ltex-plus.vscode-ltex-plus-15.7.1\lib\ltex-ls-plus-18.7.0\lib\dutch-pos-dict-0.1.jar;c:\Users\vi_ba\.vscode\extensions\ltex-plus.vscode-ltex-plus-15.7.1\lib\ltex-ls-plus-18.7.0\lib\english-pos-dict-0.6.jar;c:\Users\vi_ba\.vscode\extensions\ltex-plus.vscode-ltex-plus-15.7.1\lib\ltex-ls-plus-18.7.0\lib\error_prone_annotations-2.48.0.jar;c:\Users\vi_ba\.vscode\extensions\ltex-plus.vscode-ltex-plus-15.7.1\lib\ltex-ls-plus-18.7.0\lib\failureaccess-1.0.3.jar;c:\Users\vi_ba\.vscode\extensions\ltex-plus.vscode-ltex-plus-15.7.1\lib\ltex-ls-plus-18.7.0\lib\fastutil-core-8.5.14.jar;c:\Users\vi_ba\.vscode\extensions\ltex-plus.vscode-ltex-plus-15.7.1\lib\ltex-ls-plus-18.7.0\lib\flexmark-0.64.8.jar;c:\Users\vi_ba\.vscode\extensions\ltex-plus.vscode-ltex-plus-15.7.1\lib\ltex-ls-plus-18.7.0\lib\flexmark-ext-definition-0.64.8.jar;c:\Users\vi_ba\.vscode\extensions\ltex-plus.vscode-ltex-plus-15.7.1\lib\ltex-ls-plus-18.7.0\lib\flexmark-ext-gfm-strikethrough-0.64.8.jar;c:\Users\vi_ba\.vscode\extensions\ltex-plus.vscode-ltex-plus-15.7.1\lib\ltex-ls-plus-18.7.0\lib\flexmark-ext-gitlab-0.64.8.jar;c:\Users\vi_ba\.vscode\extensions\ltex-plus.vscode-ltex-plus-15.7.1\lib\ltex-ls-plus-18.7.0\lib\flexmark-ext-tables-0.64.8.jar;c:\Users\vi_ba\.vscode\extensions\ltex-plus.vscode-ltex-plus-15.7.1\lib\ltex-ls-plus-18.7.0\lib\flexmark-ext-yaml-front-matter-0.64.8.jar;c:\Users\vi_ba\.vscode\extensions\ltex-plus.vscode-ltex-plus-15.7.1\lib\ltex-ls-plus-18.7.0\lib\flexmark-test-util-0.64.8.jar;c:\Users\vi_ba\.vscode\extensions\ltex-plus.vscode-ltex-plus-15.7.1\lib\ltex-ls-plus-18.7.0\lib\flexmark-util-0.64.8.jar;c:\Users\vi_ba\.vscode\extensions\ltex-plus.vscode-ltex-plus-15.7.1\lib\ltex-ls-plus-18.7.0\lib\flexmark-util-ast-0.64.8.jar;c:\Users\vi_ba\.vscode\extensions\ltex-plus.vscode-ltex-plus-15.7.1\lib\ltex-ls-plus-18.7.0\lib\flexmark-util-builder-0.64.8.jar;c:\Users\vi_ba\.vscode\extensions\ltex-plus.vscode-ltex-plus-15.7.1\lib\ltex-ls-plus-18.7.0\lib\flexmark-util-collection-0.64.8.jar;c:\Users\vi_ba\.vscode\extensions\ltex-plus.vscode-ltex-plus-15.7.1\lib\ltex-ls-plus-18.7.0\lib\flexmark-util-data-0.64.8.jar;c:\Users\vi_ba\.vscode\extensions\ltex-plus.vscode-ltex-plus-15.7.1\lib\ltex-ls-plus-18.7.0\lib\flexmark-util-dependency-0.64.8.jar;c:\Users\vi_ba\.vscode\extensions\ltex-plus.vscode-ltex-plus-15.7.1\lib\ltex-ls-plus-18.7.0\lib\flexmark-util-format-0.64.8.jar;c:\Users\vi_ba\.vscode\extensions\ltex-plus.vscode-ltex-plus-15.7.1\lib\ltex-ls-plus-18.7.0\lib\flexmark-util-html-0.64.8.jar;c:\Users\vi_ba\.vscode\extensions\ltex-plus.vscode-ltex-plus-15.7.1\lib\ltex-ls-plus-18.7.0\lib\flexmark-util-misc-0.64.8.jar;c:\Users\vi_ba\.vscode\extensions\ltex-plus.vscode-ltex-plus-15.7.1\lib\ltex-ls-plus-18.7.0\lib\flexmark-util-options-0.64.8.jar;c:\Users\vi_ba\.vscode\extensions\ltex-plus.vscode-ltex-plus-15.7.1\lib\ltex-ls-plus-18.7.0\lib\flexmark-util-sequence-0.64.8.jar;c:\Users\vi_ba\.vscode\extensions\ltex-plus.vscode-ltex-plus-15.7.1\lib\ltex-ls-plus-18.7.0\lib\flexmark-util-visitor-0.64.8.jar;c:\Users\vi_ba\.vscode\extensions\ltex-plus.vscode-ltex-plus-15.7.1\lib\ltex-ls-plus-18.7.0\lib\french-pos-dict-0.7.jar;c:\Users\vi_ba\.vscode\extensions\ltex-plus.vscode-ltex-plus-15.7.1\lib\ltex-ls-plus-18.7.0\lib\german-pos-dict-1.2.4.jar;c:\Users\vi_ba\.vscode\extensions\ltex-plus.vscode-ltex-plus-15.7.1\lib\ltex-ls-plus-18.7.0\lib\grpc-api-1.75.0.jar;c:\Users\vi_ba\.vscode\extensions\ltex-plus.vscode-ltex-plus-15.7.1\lib\ltex-ls-plus-18.7.0\lib\grpc-context-1.75.0.jar;c:\Users\vi_ba\.vscode\extensions\ltex-plus.vscode-ltex-plus-15.7.1\lib\ltex-ls-plus-18.7.0\lib\grpc-core-1.75.0.jar;c:\Users\vi_ba\.vscode\extensions\ltex-plus.vscode-ltex-plus-15.7.1\lib\ltex-ls-plus-18.7.0\lib\grpc-netty-shaded-1.75.0.jar;c:\Users\vi_ba\.vscode\extensions\ltex-plus.vscode-ltex-plus-15.7.1\lib\ltex-ls-plus-18.7.0\lib\grpc-protobuf-1.75.0.jar;c:\Users\vi_ba\.vscode\extensions\ltex-plus.vscode-ltex-plus-15.7.1\lib\ltex-ls-plus-18.7.0\lib\grpc-protobuf-lite-1.75.0.jar;c:\Users\vi_ba\.vscode\extensions\ltex-plus.vscode-ltex-plus-15.7.1\lib\ltex-ls-plus-18.7.0\lib\grpc-stub-1.75.0.jar;c:\Users\vi_ba\.vscode\extensions\ltex-plus.vscode-ltex-plus-15.7.1\lib\ltex-ls-plus-18.7.0\lib\grpc-util-1.75.0.jar;c:\Users\vi_ba\.vscode\extensions\ltex-plus.vscode-ltex-plus-15.7.1\lib\ltex-ls-plus-18.7.0\lib\gson-2.14.0.jar;c:\Users\vi_ba\.vscode\extensions\ltex-plus.vscode-ltex-plus-15.7.1\lib\ltex-ls-plus-18.7.0\lib\guava-33.5.0-jre.jar;c:\Users\vi_ba\.vscode\extensions\ltex-plus.vscode-ltex-plus-15.7.1\lib\ltex-ls-plus-18.7.0\lib\hamcrest-core-1.3.jar;c:\Users\vi_ba\.vscode\extensions\ltex-plus.vscode-ltex-plus-15.7.1\lib\ltex-ls-plus-18.7.0\lib\hanlp-portable-1.8.2.jar;c:\Users\vi_ba\.vscode\extensions\ltex-plus.vscode-ltex-plus-15.7.1\lib\ltex-ls-plus-18.7.0\lib\HdrHistogram-2.1.12.jar;c:\Users\vi_ba\.vscode\extensions\ltex-plus.vscode-ltex-plus-15.7.1\lib\ltex-ls-plus-18.7.0\lib\hppc-0.8.2.jar;c:\Users\vi_ba\.vscode\extensions\ltex-plus.vscode-ltex-plus-15.7.1\lib\ltex-ls-plus-18.7.0\lib\hunspell-2.1.2.jar;c:\Users\vi_ba\.vscode\extensions\ltex-plus.vscode-ltex-plus-15.7.1\lib\ltex-ls-plus-18.7.0\lib\icu4j-77.1.jar;c:\Users\vi_ba\.vscode\extensions\ltex-plus.vscode-ltex-plus-15.7.1\lib\ltex-ls-plus-18.7.0\lib\indriya-1.3.jar;c:\Users\vi_ba\.vscode\extensions\ltex-plus.vscode-ltex-plus-15.7.1\lib\ltex-ls-plus-18.7.0\lib\istack-commons-runtime-4.1.2.jar;c:\Users\vi_ba\.vscode\extensions\ltex-plus.vscode-ltex-plus-15.7.1\lib\ltex-ls-plus-18.7.0\lib\j2objc-annotations-3.1.jar;c:\Users\vi_ba\.vscode\extensions\ltex-plus.vscode-ltex-plus-15.7.1\lib\ltex-ls-plus-18.7.0\lib\jackson-annotations-2.18.0.jar;c:\Users\vi_ba\.vscode\extensions\ltex-plus.vscode-ltex-plus-15.7.1\lib\ltex-ls-plus-18.7.0\lib\jackson-core-2.18.0.jar;c:\Users\vi_ba\.vscode\extensions\ltex-plus.vscode-ltex-plus-15.7.1\lib\ltex-ls-plus-18.7.0\lib\jackson-databind-2.18.0.jar;c:\Users\vi_ba\.vscode\extensions\ltex-plus.vscode-ltex-plus-15.7.1\lib\ltex-ls-plus-18.7.0\lib\jakarta.activation-1.2.2.jar;c:\Users\vi_ba\.vscode\extensions\ltex-plus.vscode-ltex-plus-15.7.1\lib\ltex-ls-plus-18.7.0\lib\jakarta.activation-api-2.1.3.jar;c:\Users\vi_ba\.vscode\extensions\ltex-plus.vscode-ltex-plus-15.7.1\lib\ltex-ls-plus-18.7.0\lib\jakarta.xml.bind-api-2.3.3.jar;c:\Users\vi_ba\.vscode\extensions\ltex-plus.vscode-ltex-plus-15.7.1\lib\ltex-ls-plus-18.7.0\lib\jansi-2.4.3.jar;c:\Users\vi_ba\.vscode\extensions\ltex-plus.vscode-ltex-plus-15.7.1\lib\ltex-ls-plus-18.7.0\lib\java-diff-utils-4.12.jar;c:\Users\vi_ba\.vscode\extensions\ltex-plus.vscode-ltex-plus-15.7.1\lib\ltex-ls-plus-18.7.0\lib\javax.activation-api-1.2.0.jar;c:\Users\vi_ba\.vscode\extensions\ltex-plus.vscode-ltex-plus-15.7.1\lib\ltex-ls-plus-18.7.0\lib\javax.annotation-api-1.3.2.jar;c:\Users\vi_ba\.vscode\extensions\ltex-plus.vscode-ltex-plus-15.7.1\lib\ltex-ls-plus-18.7.0\lib\jaxb-api-2.3.1.jar;c:\Users\vi_ba\.vscode\extensions\ltex-plus.vscode-ltex-plus-15.7.1\lib\ltex-ls-plus-18.7.0\lib\jaxb-core-2.3.0.1.jar;c:\Users\vi_ba\.vscode\extensions\ltex-plus.vscode-ltex-plus-15.7.1\lib\ltex-ls-plus-18.7.0\lib\jaxb-core-4.0.5.jar;c:\Users\vi_ba\.vscode\extensions\ltex-plus.vscode-ltex-plus-15.7.1\lib\ltex-ls-plus-18.7.0\lib\jaxb-impl-2.3.3.jar;c:\Users\vi_ba\.vscode\extensions\ltex-plus.vscode-ltex-plus-15.7.1\lib\ltex-ls-plus-18.7.0\lib\jaxb-runtime-4.0.5.jar;c:\Users\vi_ba\.vscode\extensions\ltex-plus.vscode-ltex-plus-15.7.1\lib\ltex-ls-plus-18.7.0\lib\jna-5.12.1.jar;c:\Users\vi_ba\.vscode\extensions\ltex-plus.vscode-ltex-plus-15.7.1\lib\ltex-ls-plus-18.7.0\lib\jna-platform-5.12.1.jar;c:\Users\vi_ba\.vscode\extensions\ltex-plus.vscode-ltex-plus-15.7.1\lib\ltex-ls-plus-18.7.0\lib\json-20240303.jar;c:\Users\vi_ba\.vscode\extensions\ltex-plus.vscode-ltex-plus-15.7.1\lib\ltex-ls-plus-18.7.0\lib\jsonic-1.2.11.jar;c:\Users\vi_ba\.vscode\extensions\ltex-plus.vscode-ltex-plus-15.7.1\lib\ltex-ls-plus-18.7.0\lib\jspecify-1.0.0.jar;c:\Users\vi_ba\.vscode\extensions\ltex-plus.vscode-ltex-plus-15.7.1\lib\ltex-ls-plus-18.7.0\lib\jsr305-3.0.2.jar;c:\Users\vi_ba\.vscode\extensions\ltex-plus.vscode-ltex-plus-15.7.1\lib\ltex-ls-plus-18.7.0\lib\junit-4.13.2.jar;c:\Users\vi_ba\.vscode\extensions\ltex-plus.vscode-ltex-plus-15.7.1\lib\ltex-ls-plus-18.7.0\lib\jwordsplitter-4.7.jar;c:\Users\vi_ba\.vscode\extensions\ltex-plus.vscode-ltex-plus-15.7.1\lib\ltex-ls-plus-18.7.0\lib\kotlin-stdlib-2.3.21.jar;c:\Users\vi_ba\.vscode\extensions\ltex-plus.vscode-ltex-plus-15.7.1\lib\ltex-ls-plus-18.7.0\lib\language-all-6.8.jar;c:\Users\vi_ba\.vscode\extensions\ltex-plus.vscode-ltex-plus-15.7.1\lib\ltex-ls-plus-18.7.0\lib\language-ar-6.8.jar;c:\Users\vi_ba\.vscode\extensions\ltex-plus.vscode-ltex-plus-15.7.1\lib\ltex-ls-plus-18.7.0\lib\language-ast-6.8.jar;c:\Users\vi_ba\.vscode\extensions\ltex-plus.vscode-ltex-plus-15.7.1\lib\ltex-ls-plus-18.7.0\lib\language-be-6.8.jar;c:\Users\vi_ba\.vscode\extensions\ltex-plus.vscode-ltex-plus-15.7.1\lib\ltex-ls-plus-18.7.0\lib\language-br-6.8.jar;c:\Users\vi_ba\.vscode\extensions\ltex-plus.vscode-ltex-plus-15.7.1\lib\ltex-ls-plus-18.7.0\lib\language-ca-6.8.jar;c:\Users\vi_ba\.vscode\extensions\ltex-plus.vscode-ltex-plus-15.7.1\lib\ltex-ls-plus-18.7.0\lib\language-crh-6.8.jar;c:\Users\vi_ba\.vscode\extensions\ltex-plus.vscode-ltex-plus-15.7.1\lib\ltex-ls-plus-18.7.0\lib\language-da-6.8.jar;c:\Users\vi_ba\.vscode\extensions\ltex-plus.vscode-ltex-plus-15.7.1\lib\ltex-ls-plus-18.7.0\lib\language-de-6.8.jar;c:\Users\vi_ba\.vscode\extensions\ltex-plus.vscode-ltex-plus-15.7.1\lib\ltex-ls-plus-18.7.0\lib\language-de-DE-x-simple-language-6.8.jar;c:\Users\vi_ba\.vscode\extensions\ltex-plus.vscode-ltex-plus-15.7.1\lib\ltex-ls-plus-18.7.0\lib\language-detector-0.6.jar;c:\Users\vi_ba\.vscode\extensions\ltex-plus.vscode-ltex-plus-15.7.1\lib\ltex-ls-plus-18.7.0\lib\language-el-6.8.jar;c:\Users\vi_ba\.vscode\extensions\ltex-plus.vscode-ltex-plus-15.7.1\lib\ltex-ls-plus-18.7.0\lib\language-en-6.8.jar;c:\Users\vi_ba\.vscode\extensions\ltex-plus.vscode-ltex-plus-15.7.1\lib\ltex-ls-plus-18.7.0\lib\language-eo-6.8.jar;c:\Users\vi_ba\.vscode\extensions\ltex-plus.vscode-ltex-plus-15.7.1\lib\ltex-ls-plus-18.7.0\lib\language-es-6.8.jar;c:\Users\vi_ba\.vscode\extensions\ltex-plus.vscode-ltex-plus-15.7.1\lib\ltex-ls-plus-18.7.0\lib\language-fa-6.8.jar;c:\Users\vi_ba\.vscode\extensions\ltex-plus.vscode-ltex-plus-15.7.1\lib\ltex-ls-plus-18.7.0\lib\language-fr-6.8.jar;c:\Users\vi_ba\.vscode\extensions\ltex-plus.vscode-ltex-plus-15.7.1\lib\ltex-ls-plus-18.7.0\lib\language-ga-6.8.jar;c:\Users\vi_ba\.vscode\extensions\ltex-plus.vscode-ltex-plus-15.7.1\lib\ltex-ls-plus-18.7.0\lib\language-gl-6.8.jar;c:\Users\vi_ba\.vscode\extensions\ltex-plus.vscode-ltex-plus-15.7.1\lib\ltex-ls-plus-18.7.0\lib\language-it-6.8.jar;c:\Users\vi_ba\.vscode\extensions\ltex-plus.vscode-ltex-plus-15.7.1\lib\ltex-ls-plus-18.7.0\lib\language-ja-6.8.jar;c:\Users\vi_ba\.vscode\extensions\ltex-plus.vscode-ltex-plus-15.7.1\lib\ltex-ls-plus-18.7.0\lib\language-km-6.8.jar;c:\Users\vi_ba\.vscode\extensions\ltex-plus.vscode-ltex-plus-15.7.1\lib\ltex-ls-plus-18.7.0\lib\language-nl-6.8.jar;c:\Users\vi_ba\.vscode\extensions\ltex-plus.vscode-ltex-plus-15.7.1\lib\ltex-ls-plus-18.7.0\lib\language-pl-6.8.jar;c:\Users\vi_ba\.vscode\extensions\ltex-plus.vscode-ltex-plus-15.7.1\lib\ltex-ls-plus-18.7.0\lib\language-pt-6.8.jar;c:\Users\vi_ba\.vscode\extensions\ltex-plus.vscode-ltex-plus-15.7.1\lib\ltex-ls-plus-18.7.0\lib\language-ro-6.8.jar;c:\Users\vi_ba\.vscode\extensions\ltex-plus.vscode-ltex-plus-15.7.1\lib\ltex-ls-plus-18.7.0\lib\language-ru-6.8.jar;c:\Users\vi_ba\.vscode\extensions\ltex-plus.vscode-ltex-plus-15.7.1\lib\ltex-ls-plus-18.7.0\lib\language-sk-6.8.jar;c:\Users\vi_ba\.vscode\extensions\ltex-plus.vscode-ltex-plus-15.7.1\lib\ltex-ls-plus-18.7.0\lib\language-sl-6.8.jar;c:\Users\vi_ba\.vscode\extensions\ltex-plus.vscode-ltex-plus-15.7.1\lib\ltex-ls-plus-18.7.0\lib\language-sv-6.8.jar;c:\Users\vi_ba\.vscode\extensions\ltex-plus.vscode-ltex-plus-15.7.1\lib\ltex-ls-plus-18.7.0\lib\language-ta-6.8.jar;c:\Users\vi_ba\.vscode\extensions\ltex-plus.vscode-ltex-plus-15.7.1\lib\ltex-ls-plus-18.7.0\lib\language-tl-6.8.jar;c:\Users\vi_ba\.vscode\extensions\ltex-plus.vscode-ltex-plus-15.7.1\lib\ltex-ls-plus-18.7.0\lib\language-uk-6.8.jar;c:\Users\vi_ba\.vscode\extensions\ltex-plus.vscode-ltex-plus-15.7.1\lib\ltex-ls-plus-18.7.0\lib\language-zh-6.8.jar;c:\Users\vi_ba\.vscode\extensions\ltex-plus.vscode-ltex-plus-15.7.1\lib\ltex-ls-plus-18.7.0\lib\languagetool-core-6.8.jar;c:\Users\vi_ba\.vscode\extensions\ltex-plus.vscode-ltex-plus-15.7.1\lib\ltex-ls-plus-18.7.0\lib\languagetool-ga-dicts-0.02.jar;c:\Users\vi_ba\.vscode\extensions\ltex-plus.vscode-ltex-plus-15.7.1\lib\ltex-ls-plus-18.7.0\lib\LatencyUtils-2.0.3.jar;c:\Users\vi_ba\.vscode\extensions\ltex-plus.vscode-ltex-plus-15.7.1\lib\ltex-ls-plus-18.7.0\lib\linguistics.grammardb.spell.languagetool-1.0.2.jar;c:\Users\vi_ba\.vscode\extensions\ltex-plus.vscode-ltex-plus-15.7.1\lib\ltex-ls-plus-18.7.0\lib\listenablefuture-9999.0-empty-to-avoid-conflict-with-guava.jar;c:\Users\vi_ba\.vscode\extensions\ltex-plus.vscode-ltex-plus-15.7.1\lib\ltex-ls-plus-18.7.0\lib\lspcli-2.3.0.jar;c:\Users\vi_ba\.vscode\extensions\ltex-plus.vscode-ltex-plus-15.7.1\lib\ltex-ls-plus-18.7.0\lib\ltexls-plus-18.7.0.jar;c:\Users\vi_ba\.vscode\extensions\ltex-plus.vscode-ltex-plus-15.7.1\lib\ltex-ls-plus-18.7.0\lib\lucene-backward-codecs-5.5.5.jar;c:\Users\vi_ba\.vscode\extensions\ltex-plus.vscode-ltex-plus-15.7.1\lib\ltex-ls-plus-18.7.0\lib\lucene-core-5.5.5.jar;c:\Users\vi_ba\.vscode\extensions\ltex-plus.vscode-ltex-plus-15.7.1\lib\ltex-ls-plus-18.7.0\lib\lucene-gosen-6.2.1-ipadic.jar;c:\Users\vi_ba\.vscode\extensions\ltex-plus.vscode-ltex-plus-15.7.1\lib\ltex-ls-plus-18.7.0\lib\micrometer-core-1.7.12.jar;c:\Users\vi_ba\.vscode\extensions\ltex-plus.vscode-ltex-plus-15.7.1\lib\ltex-ls-plus-18.7.0\lib\micrometer-registry-prometheus-1.7.12.jar;c:\Users\vi_ba\.vscode\extensions\ltex-plus.vscode-ltex-plus-15.7.1\lib\ltex-ls-plus-18.7.0\lib\morfologik-crh-lt-1.0.1.jar;c:\Users\vi_ba\.vscode\extensions\ltex-plus.vscode-ltex-plus-15.7.1\lib\ltex-ls-plus-18.7.0\lib\morfologik-fsa-2.1.9.jar;c:\Users\vi_ba\.vscode\extensions\ltex-plus.vscode-ltex-plus-15.7.1\lib\ltex-ls-plus-18.7.0\lib\morfologik-fsa-builders-2.1.9.jar;c:\Users\vi_ba\.vscode\extensions\ltex-plus.vscode-ltex-plus-15.7.1\lib\ltex-ls-plus-18.7.0\lib\morfologik-speller-2.1.9.jar;c:\Users\vi_ba\.vscode\extensions\ltex-plus.vscode-ltex-plus-15.7.1\lib\ltex-ls-plus-18.7.0\lib\morfologik-stemming-2.1.9.jar;c:\Users\vi_ba\.vscode\extensions\ltex-plus.vscode-ltex-plus-15.7.1\lib\ltex-ls-plus-18.7.0\lib\morfologik-ukrainian-lt-6.8.0.jar;c:\Users\vi_ba\.vscode\extensions\ltex-plus.vscode-ltex-plus-15.7.1\lib\ltex-ls-plus-18.7.0\lib\morphology-el-1.0.0.jar;c:\Users\vi_ba\.vscode\extensions\ltex-plus.vscode-ltex-plus-15.7.1\lib\ltex-ls-plus-18.7.0\lib\opennlp-chunk-models-1.5.jar;c:\Users\vi_ba\.vscode\extensions\ltex-plus.vscode-ltex-plus-15.7.1\lib\ltex-ls-plus-18.7.0\lib\opennlp-postag-models-1.5.jar;c:\Users\vi_ba\.vscode\extensions\ltex-plus.vscode-ltex-plus-15.7.1\lib\ltex-ls-plus-18.7.0\lib\opennlp-tokenize-models-1.5.jar;c:\Users\vi_ba\.vscode\extensions\ltex-plus.vscode-ltex-plus-15.7.1\lib\ltex-ls-plus-18.7.0\lib\opennlp-tools-1.9.4.jar;c:\Users\vi_ba\.vscode\extensions\ltex-plus.vscode-ltex-plus-15.7.1\lib\ltex-ls-plus-18.7.0\lib\openregex-1.1.1.jar;c:\Users\vi_ba\.vscode\extensions\ltex-plus.vscode-ltex-plus-15.7.1\lib\ltex-ls-plus-18.7.0\lib\opentelemetry-api-1.42.1.jar;c:\Users\vi_ba\.vscode\extensions\ltex-plus.vscode-ltex-plus-15.7.1\lib\ltex-ls-plus-18.7.0\lib\opentelemetry-context-1.42.1.jar;c:\Users\vi_ba\.vscode\extensions\ltex-plus.vscode-ltex-plus-15.7.1\lib\ltex-ls-plus-18.7.0\lib\opentelemetry-semconv-1.30.1-alpha.jar;c:\Users\vi_ba\.vscode\extensions\ltex-plus.vscode-ltex-plus-15.7.1\lib\ltex-ls-plus-18.7.0\lib\org.eclipse.lsp4j-0.24.0.jar;c:\Users\vi_ba\.vscode\extensions\ltex-plus.vscode-ltex-plus-15.7.1\lib\ltex-ls-plus-18.7.0\lib\org.eclipse.lsp4j.jsonrpc-0.24.0.jar;c:\Users\vi_ba\.vscode\extensions\ltex-plus.vscode-ltex-plus-15.7.1\lib\ltex-ls-plus-18.7.0\lib\perfmark-api-0.27.0.jar;c:\Users\vi_ba\.vscode\extensions\ltex-plus.vscode-ltex-plus-15.7.1\lib\ltex-ls-plus-18.7.0\lib\picocli-4.7.7.jar;c:\Users\vi_ba\.vscode\extensions\ltex-plus.vscode-ltex-plus-15.7.1\lib\ltex-ls-plus-18.7.0\lib\portuguese-pos-dict-1.2.0.jar;c:\Users\vi_ba\.vscode\extensions\ltex-plus.vscode-ltex-plus-15.7.1\lib\ltex-ls-plus-18.7.0\lib\proto-google-common-protos-2.59.2.jar;c:\Users\vi_ba\.vscode\extensions\ltex-plus.vscode-ltex-plus-15.7.1\lib\ltex-ls-plus-18.7.0\lib\protobuf-java-3.25.8.jar;c:\Users\vi_ba\.vscode\extensions\ltex-plus.vscode-ltex-plus-15.7.1\lib\ltex-ls-plus-18.7.0\lib\resilience4j-circuitbreaker-1.7.1.jar;c:\Users\vi_ba\.vscode\extensions\ltex-plus.vscode-ltex-plus-15.7.1\lib\ltex-ls-plus-18.7.0\lib\resilience4j-core-1.7.1.jar;c:\Users\vi_ba\.vscode\extensions\ltex-plus.vscode-ltex-plus-15.7.1\lib\ltex-ls-plus-18.7.0\lib\resilience4j-micrometer-1.7.1.jar;c:\Users\vi_ba\.vscode\extensions\ltex-plus.vscode-ltex-plus-15.7.1\lib\ltex-ls-plus-18.7.0\lib\segment-2.0.3.jar;c:\Users\vi_ba\.vscode\extensions\ltex-plus.vscode-ltex-plus-15.7.1\lib\ltex-ls-plus-18.7.0\lib\simpleclient-0.16.0.jar;c:\Users\vi_ba\.vscode\extensions\ltex-plus.vscode-ltex-plus-15.7.1\lib\ltex-ls-plus-18.7.0\lib\simpleclient_common-0.10.0.jar;c:\Users\vi_ba\.vscode\extensions\ltex-plus.vscode-ltex-plus-15.7.1\lib\ltex-ls-plus-18.7.0\lib\simpleclient_guava-0.16.0.jar;c:\Users\vi_ba\.vscode\extensions\ltex-plus.vscode-ltex-plus-15.7.1\lib\ltex-ls-plus-18.7.0\lib\simpleclient_tracer_common-0.16.0.jar;c:\Users\vi_ba\.vscode\extensions\ltex-plus.vscode-ltex-plus-15.7.1\lib\ltex-ls-plus-18.7.0\lib\simpleclient_tracer_otel-0.16.0.jar;c:\Users\vi_ba\.vscode\extensions\ltex-plus.vscode-ltex-plus-15.7.1\lib\ltex-ls-plus-18.7.0\lib\simpleclient_tracer_otel_agent-0.16.0.jar;c:\Users\vi_ba\.vscode\extensions\ltex-plus.vscode-ltex-plus-15.7.1\lib\ltex-ls-plus-18.7.0\lib\slf4j-api-2.0.16.jar;c:\Users\vi_ba\.vscode\extensions\ltex-plus.vscode-ltex-plus-15.7.1\lib\ltex-ls-plus-18.7.0\lib\slf4j-nop-2.0.18.jar;c:\Users\vi_ba\.vscode\extensions\ltex-plus.vscode-ltex-plus-15.7.1\lib\ltex-ls-plus-18.7.0\lib\spanish-pos-dict-2.5.jar;c:\Users\vi_ba\.vscode\extensions\ltex-plus.vscode-ltex-plus-15.7.1\lib\ltex-ls-plus-18.7.0\lib\stax2-api-4.3.0.jar;c:\Users\vi_ba\.vscode\extensions\ltex-plus.vscode-ltex-plus-15.7.1\lib\ltex-ls-plus-18.7.0\lib\txw2-4.0.5.jar;c:\Users\vi_ba\.vscode\extensions\ltex-plus.vscode-ltex-plus-15.7.1\lib\ltex-ls-plus-18.7.0\lib\unit-api-1.0.jar;c:\Users\vi_ba\.vscode\extensions\ltex-plus.vscode-ltex-plus-15.7.1\lib\ltex-ls-plus-18.7.0\lib\uom-lib-common-1.1.jar;c:\Users\vi_ba\.vscode\extensions\ltex-plus.vscode-ltex-plus-15.7.1\lib\ltex-ls-plus-18.7.0\lib\vavr-0.10.2.jar;c:\Users\vi_ba\.vscode\extensions\ltex-plus.vscode-ltex-plus-15.7.1\lib\ltex-ls-plus-18.7.0\lib\vavr-match-0.10.2.jar;c:\Users\vi_ba\.vscode\extensions\ltex-plus.vscode-ltex-plus-15.7.1\lib\ltex-ls-plus-18.7.0\lib\woodstox-core-7.2.0.jar
Launcher Type: SUN_STANDARD

[Global flags]
     intx CICompilerCount                          = 4                                         {product} {ergonomic}
     uint ConcGCThreads                            = 2                                         {product} {ergonomic}
     uint G1ConcRefinementThreads                  = 8                                         {product} {ergonomic}
   size_t G1HeapRegionSize                         = 1048576                                   {product} {ergonomic}
    uintx GCDrainStackTargetSize                   = 64                                        {product} {ergonomic}
   size_t InitialHeapSize                          = 67108864                                  {product} {command line}
   size_t MarkStackSize                            = 4194304                                   {product} {ergonomic}
   size_t MaxHeapSize                              = 2147483648                                {product} {command line}
   size_t MaxNewSize                               = 1287651328                                {product} {ergonomic}
   size_t MinHeapDeltaBytes                        = 1048576                                   {product} {ergonomic}
   size_t MinHeapSize                              = 67108864                                  {product} {command line}
    uintx NonNMethodCodeHeapSize                   = 5839372                                {pd product} {ergonomic}
    uintx NonProfiledCodeHeapSize                  = 122909434                              {pd product} {ergonomic}
    uintx ProfiledCodeHeapSize                     = 122909434                              {pd product} {ergonomic}
    uintx ReservedCodeCacheSize                    = 251658240                              {pd product} {ergonomic}
     bool SegmentedCodeCache                       = true                                      {product} {ergonomic}
   size_t SoftMaxHeapSize                          = 2147483648                             {manageable} {ergonomic}
     bool UseCompressedOops                        = true                           {product lp64_product} {ergonomic}
     bool UseG1GC                                  = true                                      {product} {ergonomic}
     bool UseLargePagesIndividualAllocation        = false                                  {pd product} {ergonomic}

Logging:
Log output configuration:
 #0: stdout all=warning uptime,level,tags foldmultilines=false
 #1: stderr all=off uptime,level,tags foldmultilines=false

Release file:
JAVA_VERSION="21.0.10"
MODULES="java.base java.compiler java.datatransfer java.xml java.prefs java.desktop java.instrument java.logging java.management java.security.sasl java.naming java.rmi java.management.rmi java.net.http java.scripting java.security.jgss java.transaction.xa java.sql java.sql.rowset java.xml.crypto java.se java.smartcardio jdk.accessibility jdk.charsets jdk.crypto.ec jdk.crypto.cryptoki jdk.dynalink jdk.httpserver jdk.incubator.vector jdk.internal.vm.ci jdk.internal.vm.compiler jdk.internal.vm.compiler.management jdk.jdwp.agent jdk.jfr jdk.jsobject jdk.localedata jdk.management jdk.management.agent jdk.naming.dns jdk.naming.rmi jdk.net jdk.nio.mapmode jdk.sctp jdk.security.auth jdk.security.jgss jdk.unsupported jdk.xml.dom jdk.zipfs"

Environment Variables:
JAVA_HOME=c:\Users\vi_ba\.vscode\extensions\ltex-plus.vscode-ltex-plus-15.7.1\lib\ltex-ls-plus-18.7.0\jdk-21.0.10+7
CLASSPATH="c:\Users\vi_ba\.vscode\extensions\ltex-plus.vscode-ltex-plus-15.7.1\lib\ltex-ls-plus-18.7.0"\etc;"c:\Users\vi_ba\.vscode\extensions\ltex-plus.vscode-ltex-plus-15.7.1\lib\ltex-ls-plus-18.7.0\lib"\*
JAVA_OPTS=-Xms64m -Xmx2048m
PATH=D:\programas\gnu fortran compiler\gcc\bin;D:\programas\gnu fortran compiler\gcc\libexec\gcc\x86_64-w64-mingw32\13.2.0;C:\Program Files (x86)\Common Files\Oracle\Java\javapath;C:\Program Files\Microsoft MPI\Bin\;C:\Windows\system32;C:\Windows;C:\Windows\System32\Wbem;C:\Windows\System32\WindowsPowerShell\v1.0\;C:\Windows\System32\OpenSSH\;C:\Program Files (x86)\NVIDIA Corporation\PhysX\Common;C:\Program Files\NVIDIA Corporation\NVIDIA NvDLISR;C:\Program Files\MATLAB\R2017b\runtime\win64;C:\Program Files\MATLAB\R2017b\bin;C:\Program Files\dotnet\;C:\Program Files\Microsoft SQL Server\120\Tools\Binn\;C:\Program Files\Common Files\Autodesk Shared\;C:\Users\vi_ba\Downloads\programas\compilador intel\CMAKE\cmake-3.23.0-rc4-windows-x86_64\bin;C:\Program Files\Microsoft SQL Server\150\Tools\Binn\;C:\Program Files\Calibre2\;C:\WINDOWS\system32;C:\WINDOWS;C:\WINDOWS\System32\Wbem;C:\WINDOWS\System32\WindowsPowerShell\v1.0\;C:\WINDOWS\System32\OpenSSH\;C:\Program Files\Git\cmd;D;C:\Program Files\gnuplot\bin;D:\programas\LESM\Matlab\v97\runtime\win64;C:\Users\vi_ba\AppData\Local\Programs\Python\Python313\Scripts\;C:\Users\vi_ba\AppData\Local\Programs\Python\Python313\;C:\Users\vi_ba\AppData\Local\Programs\Python\Launcher\;C:\Users\vi_ba\AppData\Local\Microsoft\WindowsApps;C:\texlive\2023\bin\windows;C:\Users\vi_ba\AppData\Local\GitHubDesktop\bin;C:\Users\vi_ba\AppData\Local\Programs\Microsoft VS Code\bin;C:\texlive\2024\bin\windows;
USERNAME=vi_ba
OS=Windows_NT
PROCESSOR_IDENTIFIER=Intel64 Family 6 Model 165 Stepping 2, GenuineIntel
TMP=C:\Temp
TEMP=C:\Temp




Periodic native trim disabled

---------------  S Y S T E M  ---------------

OS:
 Windows 11 , 64 bit Build 26100 (10.0.26100.9168)
OS uptime: 0 days 0:14 hours
Hyper-V role detected

CPU: total 8 (initial active 8) (4 cores per cpu, 2 threads per core) family 6 model 165 stepping 2 microcode 0xec, cx8, cmov, fxsr, ht, mmx, 3dnowpref, sse, sse2, sse3, ssse3, sse4.1, sse4.2, popcnt, lzcnt, tsc, tscinvbit, avx, avx2, aes, erms, clmul, bmi1, bmi2, adx, fma, vzeroupper, clflush, clflushopt, hv, rdtscp, f16c
Processor Information for the first 8 processors :
  Max Mhz: 2496, Current Mhz: 2496, Mhz Limit: 2496

Memory: 4k page, system-wide physical 8059M (1082M free)
TotalPageFile size 32635M (AvailPageFile size 8M)
current process WorkingSet (physical memory assigned to process): 1042M, peak: 1076M
current process commit charge ("private bytes"): 1167M, peak: 1182M

vm_info: OpenJDK 64-Bit Server VM (21.0.10+7-LTS) for windows-amd64 JRE (21.0.10+7-LTS), built on 2026-01-20T00:00:00Z by "admin" with MS VC++ 17.12 (VS2022)

END.
