#
# There is insufficient memory for the Java Runtime Environment to continue.
# Native memory allocation (mmap) failed to map 90177536 bytes. Error detail: G1 virtual space
# Possible reasons:
#   The system is out of physical RAM or swap space
#   This process is running with CompressedOops enabled, and the Java Heap may be blocking the growth of the native heap
# Possible solutions:
#   Reduce memory load on the system
#   Increase physical memory or swap space
#   Check if swap backing store is full
#   Decrease Java heap size (-Xmx/-Xms)
#   Decrease number of Java threads
#   Decrease Java thread stack sizes (-Xss)
#   Set larger code cache with -XX:ReservedCodeCacheSize=
#   JVM is running with Unscaled Compressed Oops mode in which the Java heap is
#     placed in the first 4GB address space. The Java Heap base address is the
#     maximum limit for the native heap growth. Please use -XX:HeapBaseMinAddress
#     to set the Java Heap base and to place the Java Heap above 4GB virtual address.
# This output file may be truncated or incomplete.
#
#  Out of Memory Error (os_windows.cpp:3714), pid=17248, tid=13076
#
# JRE version: OpenJDK Runtime Environment Temurin-21.0.10+7 (21.0.10+7) (build 21.0.10+7-LTS)
# Java VM: OpenJDK 64-Bit Server VM Temurin-21.0.10+7 (21.0.10+7-LTS, mixed mode, tiered, compressed oops, compressed class ptrs, g1 gc, windows-amd64)
# No core dump will be written. Minidumps are not enabled by default on client versions of Windows
#

---------------  S U M M A R Y ------------

Command Line: -Xms64m -Xmx2048m -Dapp.name=ltex-ls-plus -Dapp.repo=c:\Users\vi_ba\.vscode\extensions\ltex-plus.vscode-ltex-plus-15.7.1\lib\ltex-ls-plus-18.7.0\lib -Dapp.home=c:\Users\vi_ba\.vscode\extensions\ltex-plus.vscode-ltex-plus-15.7.1\lib\ltex-ls-plus-18.7.0 -Dbasedir=c:\Users\vi_ba\.vscode\extensions\ltex-plus.vscode-ltex-plus-15.7.1\lib\ltex-ls-plus-18.7.0 org.bsplines.ltexls.LtexLanguageServerLauncher

Host: Intel(R) Core(TM) i5-10300H CPU @ 2.50GHz, 8 cores, 7G,  Windows 11 , 64 bit Build 26100 (10.0.26100.9168)
Time: Thu Sep  3 01:12:01 2026 Hora oficial do Brasil elapsed time: 23.044040 seconds (0d 0h 0m 23s)

---------------  T H R E A D  ---------------

Current thread (0x0000011b4cbd11f0):  VMThread "VM Thread"          [id=13076, stack(0x0000000ea6000000,0x0000000ea6100000) (1024K)]

Stack: [0x0000000ea6000000,0x0000000ea6100000]
Native frames: (J=compiled Java code, j=interpreted, Vv=VM code, C=native code)
V  [jvm.dll+0x6d7a39]
V  [jvm.dll+0x8b4b26]
V  [jvm.dll+0x8b70de]
V  [jvm.dll+0x8b77c3]
V  [jvm.dll+0x284346]
V  [jvm.dll+0x6d4355]
V  [jvm.dll+0x6c808a]
V  [jvm.dll+0x35edb8]
V  [jvm.dll+0x3669f6]
V  [jvm.dll+0x3b7afe]
V  [jvm.dll+0x3b7da8]
V  [jvm.dll+0x332fbc]
V  [jvm.dll+0x333047]
V  [jvm.dll+0x376e1c]
V  [jvm.dll+0x3755be]
V  [jvm.dll+0x332701]
V  [jvm.dll+0x374c2a]
V  [jvm.dll+0x8bd4b0]
V  [jvm.dll+0x8be824]
V  [jvm.dll+0x8bed50]
V  [jvm.dll+0x8beff3]
V  [jvm.dll+0x85f59d]
V  [jvm.dll+0x6d626d]
C  [ucrtbase.dll+0x2cd30]
C  [KERNEL32.DLL+0x2ccb7]
C  [ntdll.dll+0xaad6c]

VM_Operation (0x0000000ea59fe470): G1CollectForAllocation, mode: safepoint, requested by thread 0x0000011b35c50cd0


---------------  P R O C E S S  ---------------

Threads class SMR info:
_java_thread_list=0x0000011b5137c430, length=11, elements={
0x0000011b35c50cd0, 0x0000011b4cc3f160, 0x0000011b4cc43860, 0x0000011b4cc20660,
0x0000011b4cc20cd0, 0x0000011b4cc4bf80, 0x0000011b4cc50600, 0x0000011b4cc5bcf0,
0x0000011b4cc5d040, 0x0000011b4cebbbb0, 0x0000011b4ceca1d0
}

Java Threads: ( => current thread )
  0x0000011b35c50cd0 JavaThread "main"                              [_thread_blocked, id=18960, stack(0x0000000ea5900000,0x0000000ea5a00000) (1024K)]
  0x0000011b4cc3f160 JavaThread "Reference Handler"          daemon [_thread_blocked, id=12708, stack(0x0000000ea6100000,0x0000000ea6200000) (1024K)]
  0x0000011b4cc43860 JavaThread "Finalizer"                  daemon [_thread_blocked, id=9532, stack(0x0000000ea6200000,0x0000000ea6300000) (1024K)]
  0x0000011b4cc20660 JavaThread "Signal Dispatcher"          daemon [_thread_blocked, id=9484, stack(0x0000000ea6300000,0x0000000ea6400000) (1024K)]
  0x0000011b4cc20cd0 JavaThread "Attach Listener"            daemon [_thread_blocked, id=4084, stack(0x0000000ea6400000,0x0000000ea6500000) (1024K)]
  0x0000011b4cc4bf80 JavaThread "Service Thread"             daemon [_thread_blocked, id=3200, stack(0x0000000ea6500000,0x0000000ea6600000) (1024K)]
  0x0000011b4cc50600 JavaThread "Monitor Deflation Thread"   daemon [_thread_blocked, id=2640, stack(0x0000000ea6600000,0x0000000ea6700000) (1024K)]
  0x0000011b4cc5bcf0 JavaThread "C2 CompilerThread0"         daemon [_thread_blocked, id=4808, stack(0x0000000ea6700000,0x0000000ea6800000) (1024K)]
  0x0000011b4cc5d040 JavaThread "C1 CompilerThread0"         daemon [_thread_blocked, id=11376, stack(0x0000000ea6800000,0x0000000ea6900000) (1024K)]
  0x0000011b4cebbbb0 JavaThread "Notification Thread"        daemon [_thread_blocked, id=12284, stack(0x0000000ea6900000,0x0000000ea6a00000) (1024K)]
  0x0000011b4ceca1d0 JavaThread "Common-Cleaner"             daemon [_thread_blocked, id=14656, stack(0x0000000ea6a00000,0x0000000ea6b00000) (1024K)]
Total: 11

Other Threads:
=>0x0000011b4cbd11f0 VMThread "VM Thread"                           [id=13076, stack(0x0000000ea6000000,0x0000000ea6100000) (1024K)]
  0x0000011b4cb3b7a0 WatcherThread "VM Periodic Task Thread"        [id=12672, stack(0x0000000ea5f00000,0x0000000ea6000000) (1024K)]
  0x0000011b35ca9050 WorkerThread "GC Thread#0"                     [id=14560, stack(0x0000000ea5a00000,0x0000000ea5b00000) (1024K)]
  0x0000011b51a021f0 WorkerThread "GC Thread#1"                     [id=12832, stack(0x0000000ea6c00000,0x0000000ea6d00000) (1024K)]
  0x0000011b51aa25d0 WorkerThread "GC Thread#2"                     [id=6312, stack(0x0000000ea6d00000,0x0000000ea6e00000) (1024K)]
  0x0000011b51aa2980 WorkerThread "GC Thread#3"                     [id=12476, stack(0x0000000ea6e00000,0x0000000ea6f00000) (1024K)]
  0x0000011b51a49fc0 WorkerThread "GC Thread#4"                     [id=1848, stack(0x0000000ea6f00000,0x0000000ea7000000) (1024K)]
  0x0000011b51a4a370 WorkerThread "GC Thread#5"                     [id=6060, stack(0x0000000ea7000000,0x0000000ea7100000) (1024K)]
  0x0000011b52676810 WorkerThread "GC Thread#6"                     [id=12668, stack(0x0000000ea7200000,0x0000000ea7300000) (1024K)]
  0x0000011b52676bc0 WorkerThread "GC Thread#7"                     [id=11148, stack(0x0000000ea7300000,0x0000000ea7400000) (1024K)]
  0x0000011b35cb9f40 ConcurrentGCThread "G1 Main Marker"            [id=10364, stack(0x0000000ea5b00000,0x0000000ea5c00000) (1024K)]
  0x0000011b35cbb7d0 WorkerThread "G1 Conc#0"                       [id=14940, stack(0x0000000ea5c00000,0x0000000ea5d00000) (1024K)]
  0x0000011b528bf9c0 WorkerThread "G1 Conc#1"                       [id=12860, stack(0x0000000ea7400000,0x0000000ea7500000) (1024K)]
  0x0000011b4ca10120 ConcurrentGCThread "G1 Refine#0"               [id=17112, stack(0x0000000ea5d00000,0x0000000ea5e00000) (1024K)]
  0x0000011b4ca10650 ConcurrentGCThread "G1 Service"                [id=1128, stack(0x0000000ea5e00000,0x0000000ea5f00000) (1024K)]
Total: 15

Threads with active compile tasks:
C2 CompilerThread0  23069 4479 %s    4       org.languagetool.rules.spelling.SpellingCheckRule::init @ 150 (314 bytes)
Total: 1

VM state: at safepoint (normal execution)

VM Mutex/Monitor currently owned by a thread:  ([mutex/lock_event])
[0x00007ff9acb4e560] Threads_lock - owner thread: 0x0000011b4cbd11f0
[0x00007ff9acb4e660] Heap_lock - owner thread: 0x0000011b35c50cd0

Heap address: 0x0000000080000000, size: 2048 MB, Compressed Oops mode: 32-bit

CDS archive(s) not mapped
Compressed class space mapped at: 0x0000000100000000-0x0000000140000000, reserved size: 1073741824
Narrow klass base: 0x0000000000000000, Narrow klass shift: 3, Narrow klass range: 0x140000000

GC Precious Log:
 CardTable entry size: 512
 Card Set container configuration: InlinePtr #cards 5 size 8 Array Of Cards #cards 12 size 40 Howl #buckets 4 coarsen threshold 1843 Howl Bitmap #cards 512 size 80 coarsen threshold 460 Card regions per heap region 1 cards per card region 2048
 CPUs: 8 total, 8 available
 Memory: 8059M
 Large Page Support: Disabled
 NUMA Support: Disabled
 Compressed Oops: Enabled (32-bit)
 Heap Region Size: 1M
 Heap Min Capacity: 64M
 Heap Initial Capacity: 64M
 Heap Max Capacity: 2G
 Pre-touch: Disabled
 Parallel Workers: 8
 Concurrent Workers: 2
 Concurrent Refinement Workers: 8
 Periodic GC: Disabled

Heap:
 garbage-first heap   total 481280K, used 304560K [0x0000000080000000, 0x0000000100000000)
  region size 1024K, 15 young (15360K), 15 survivors (15360K)
 Metaspace       used 25852K, committed 26048K, reserved 1114112K
  class space    used 2581K, committed 2688K, reserved 1048576K

Heap Regions: E=young(eden), S=young(survivor), O=old, HS=humongous(starts), HC=humongous(continues), CS=collection set, F=free, TAMS=top-at-mark-start, PB=parsable bottom
|   0|0x0000000080000000, 0x0000000080100000, 0x0000000080100000|100%| O|  |TAMS 0x0000000080000000| PB 0x0000000080000000| Untracked 
|   1|0x0000000080100000, 0x0000000080200000, 0x0000000080200000|100%| O|  |TAMS 0x0000000080100000| PB 0x0000000080100000| Untracked 
|   2|0x0000000080200000, 0x0000000080300000, 0x0000000080300000|100%| O|  |TAMS 0x0000000080200000| PB 0x0000000080200000| Untracked 
|   3|0x0000000080300000, 0x0000000080400000, 0x0000000080400000|100%| O|  |TAMS 0x0000000080300000| PB 0x0000000080300000| Untracked 
|   4|0x0000000080400000, 0x0000000080500000, 0x0000000080500000|100%| O|  |TAMS 0x0000000080400000| PB 0x0000000080400000| Untracked 
|   5|0x0000000080500000, 0x0000000080600000, 0x0000000080600000|100%| O|  |TAMS 0x0000000080500000| PB 0x0000000080500000| Untracked 
|   6|0x0000000080600000, 0x0000000080700000, 0x0000000080700000|100%| O|  |TAMS 0x0000000080600000| PB 0x0000000080600000| Untracked 
|   7|0x0000000080700000, 0x0000000080800000, 0x0000000080800000|100%| O|  |TAMS 0x0000000080700000| PB 0x0000000080700000| Untracked 
|   8|0x0000000080800000, 0x0000000080900000, 0x0000000080900000|100%|HS|  |TAMS 0x0000000080800000| PB 0x0000000080800000| Complete 
|   9|0x0000000080900000, 0x0000000080a00000, 0x0000000080a00000|100%| O|  |TAMS 0x0000000080900000| PB 0x0000000080900000| Untracked 
|  10|0x0000000080a00000, 0x0000000080b00000, 0x0000000080b00000|100%| O|  |TAMS 0x0000000080a00000| PB 0x0000000080a00000| Untracked 
|  11|0x0000000080b00000, 0x0000000080c00000, 0x0000000080c00000|100%| O|  |TAMS 0x0000000080b00000| PB 0x0000000080b00000| Untracked 
|  12|0x0000000080c00000, 0x0000000080d00000, 0x0000000080d00000|100%| O|  |TAMS 0x0000000080c00000| PB 0x0000000080c00000| Untracked 
|  13|0x0000000080d00000, 0x0000000080e00000, 0x0000000080e00000|100%| O|  |TAMS 0x0000000080d00000| PB 0x0000000080d00000| Untracked 
|  14|0x0000000080e00000, 0x0000000080f00000, 0x0000000080f00000|100%| O|  |TAMS 0x0000000080e00000| PB 0x0000000080e00000| Untracked 
|  15|0x0000000080f00000, 0x0000000081000000, 0x0000000081000000|100%| O|  |TAMS 0x0000000080f00000| PB 0x0000000080f00000| Untracked 
|  16|0x0000000081000000, 0x0000000081100000, 0x0000000081100000|100%| O|  |TAMS 0x0000000081000000| PB 0x0000000081000000| Untracked 
|  17|0x0000000081100000, 0x0000000081200000, 0x0000000081200000|100%| O|  |TAMS 0x0000000081100000| PB 0x0000000081100000| Untracked 
|  18|0x0000000081200000, 0x0000000081300000, 0x0000000081300000|100%| O|  |TAMS 0x0000000081200000| PB 0x0000000081200000| Untracked 
|  19|0x0000000081300000, 0x0000000081400000, 0x0000000081400000|100%| O|  |TAMS 0x0000000081300000| PB 0x0000000081300000| Untracked 
|  20|0x0000000081400000, 0x0000000081500000, 0x0000000081500000|100%| O|  |TAMS 0x0000000081400000| PB 0x0000000081400000| Untracked 
|  21|0x0000000081500000, 0x0000000081600000, 0x0000000081600000|100%| O|  |TAMS 0x0000000081500000| PB 0x0000000081500000| Untracked 
|  22|0x0000000081600000, 0x0000000081700000, 0x0000000081700000|100%| O|  |TAMS 0x0000000081600000| PB 0x0000000081600000| Untracked 
|  23|0x0000000081700000, 0x0000000081800000, 0x0000000081800000|100%| O|  |TAMS 0x0000000081700000| PB 0x0000000081700000| Untracked 
|  24|0x0000000081800000, 0x0000000081900000, 0x0000000081900000|100%| O|  |TAMS 0x0000000081800000| PB 0x0000000081800000| Untracked 
|  25|0x0000000081900000, 0x0000000081a00000, 0x0000000081a00000|100%|HS|  |TAMS 0x0000000081900000| PB 0x0000000081900000| Complete 
|  26|0x0000000081a00000, 0x0000000081b00000, 0x0000000081b00000|100%| O|  |TAMS 0x0000000081a00000| PB 0x0000000081a00000| Untracked 
|  27|0x0000000081b00000, 0x0000000081c00000, 0x0000000081c00000|100%| O|  |TAMS 0x0000000081b00000| PB 0x0000000081b00000| Untracked 
|  28|0x0000000081c00000, 0x0000000081d00000, 0x0000000081d00000|100%| O|  |TAMS 0x0000000081c00000| PB 0x0000000081c00000| Untracked 
|  29|0x0000000081d00000, 0x0000000081e00000, 0x0000000081e00000|100%| O|  |TAMS 0x0000000081d00000| PB 0x0000000081d00000| Untracked 
|  30|0x0000000081e00000, 0x0000000081f00000, 0x0000000081f00000|100%| O|  |TAMS 0x0000000081e00000| PB 0x0000000081e00000| Untracked 
|  31|0x0000000081f00000, 0x0000000082000000, 0x0000000082000000|100%| O|  |TAMS 0x0000000081f00000| PB 0x0000000081f00000| Untracked 
|  32|0x0000000082000000, 0x0000000082100000, 0x0000000082100000|100%| O|  |TAMS 0x0000000082000000| PB 0x0000000082000000| Untracked 
|  33|0x0000000082100000, 0x0000000082200000, 0x0000000082200000|100%| O|  |TAMS 0x0000000082100000| PB 0x0000000082100000| Untracked 
|  34|0x0000000082200000, 0x0000000082300000, 0x0000000082300000|100%| O|  |TAMS 0x0000000082200000| PB 0x0000000082200000| Untracked 
|  35|0x0000000082300000, 0x0000000082400000, 0x0000000082400000|100%| O|  |TAMS 0x0000000082300000| PB 0x0000000082300000| Untracked 
|  36|0x0000000082400000, 0x0000000082500000, 0x0000000082500000|100%| O|  |TAMS 0x0000000082400000| PB 0x0000000082400000| Untracked 
|  37|0x0000000082500000, 0x0000000082600000, 0x0000000082600000|100%| O|  |TAMS 0x0000000082500000| PB 0x0000000082500000| Untracked 
|  38|0x0000000082600000, 0x0000000082700000, 0x0000000082700000|100%| O|  |TAMS 0x0000000082600000| PB 0x0000000082600000| Untracked 
|  39|0x0000000082700000, 0x0000000082800000, 0x0000000082800000|100%|HS|  |TAMS 0x0000000082700000| PB 0x0000000082700000| Complete 
|  40|0x0000000082800000, 0x0000000082900000, 0x0000000082900000|100%| O|  |TAMS 0x0000000082800000| PB 0x0000000082800000| Untracked 
|  41|0x0000000082900000, 0x0000000082a00000, 0x0000000082a00000|100%| O|  |TAMS 0x0000000082900000| PB 0x0000000082900000| Untracked 
|  42|0x0000000082a00000, 0x0000000082b00000, 0x0000000082b00000|100%| O|  |TAMS 0x0000000082a00000| PB 0x0000000082a00000| Untracked 
|  43|0x0000000082b00000, 0x0000000082c00000, 0x0000000082c00000|100%| O|  |TAMS 0x0000000082b00000| PB 0x0000000082b00000| Untracked 
|  44|0x0000000082c00000, 0x0000000082d00000, 0x0000000082d00000|100%| O|  |TAMS 0x0000000082c00000| PB 0x0000000082c00000| Untracked 
|  45|0x0000000082d00000, 0x0000000082e00000, 0x0000000082e00000|100%| O|  |TAMS 0x0000000082d00000| PB 0x0000000082d00000| Untracked 
|  46|0x0000000082e00000, 0x0000000082f00000, 0x0000000082f00000|100%| O|  |TAMS 0x0000000082e00000| PB 0x0000000082e00000| Untracked 
|  47|0x0000000082f00000, 0x0000000083000000, 0x0000000083000000|100%| O|  |TAMS 0x0000000082f00000| PB 0x0000000082f00000| Untracked 
|  48|0x0000000083000000, 0x0000000083100000, 0x0000000083100000|100%| O|  |TAMS 0x0000000083000000| PB 0x0000000083000000| Untracked 
|  49|0x0000000083100000, 0x0000000083200000, 0x0000000083200000|100%| O|  |TAMS 0x0000000083100000| PB 0x0000000083100000| Untracked 
|  50|0x0000000083200000, 0x0000000083300000, 0x0000000083300000|100%| O|  |TAMS 0x0000000083200000| PB 0x0000000083200000| Untracked 
|  51|0x0000000083300000, 0x0000000083400000, 0x0000000083400000|100%| O|  |TAMS 0x0000000083300000| PB 0x0000000083300000| Untracked 
|  52|0x0000000083400000, 0x0000000083500000, 0x0000000083500000|100%| O|  |TAMS 0x0000000083400000| PB 0x0000000083400000| Untracked 
|  53|0x0000000083500000, 0x0000000083600000, 0x0000000083600000|100%| O|  |TAMS 0x0000000083500000| PB 0x0000000083500000| Untracked 
|  54|0x0000000083600000, 0x0000000083700000, 0x0000000083700000|100%| O|  |TAMS 0x0000000083600000| PB 0x0000000083600000| Untracked 
|  55|0x0000000083700000, 0x0000000083800000, 0x0000000083800000|100%|HS|  |TAMS 0x0000000083700000| PB 0x0000000083700000| Complete 
|  56|0x0000000083800000, 0x0000000083900000, 0x0000000083900000|100%|HC|  |TAMS 0x0000000083800000| PB 0x0000000083800000| Complete 
|  57|0x0000000083900000, 0x0000000083a00000, 0x0000000083a00000|100%|HC|  |TAMS 0x0000000083900000| PB 0x0000000083900000| Complete 
|  58|0x0000000083a00000, 0x0000000083b00000, 0x0000000083b00000|100%| O|  |TAMS 0x0000000083a00000| PB 0x0000000083a00000| Untracked 
|  59|0x0000000083b00000, 0x0000000083c00000, 0x0000000083c00000|100%| O|  |TAMS 0x0000000083b00000| PB 0x0000000083b00000| Untracked 
|  60|0x0000000083c00000, 0x0000000083d00000, 0x0000000083d00000|100%| O|  |TAMS 0x0000000083c00000| PB 0x0000000083c00000| Untracked 
|  61|0x0000000083d00000, 0x0000000083e00000, 0x0000000083e00000|100%| O|  |TAMS 0x0000000083d00000| PB 0x0000000083d00000| Untracked 
|  62|0x0000000083e00000, 0x0000000083f00000, 0x0000000083f00000|100%| O|  |TAMS 0x0000000083e00000| PB 0x0000000083e00000| Untracked 
|  63|0x0000000083f00000, 0x0000000084000000, 0x0000000084000000|100%| O|  |TAMS 0x0000000083f00000| PB 0x0000000083f00000| Untracked 
|  64|0x0000000084000000, 0x0000000084100000, 0x0000000084100000|100%| O|  |TAMS 0x0000000084000000| PB 0x0000000084000000| Untracked 
|  65|0x0000000084100000, 0x0000000084200000, 0x0000000084200000|100%| O|  |TAMS 0x0000000084100000| PB 0x0000000084100000| Untracked 
|  66|0x0000000084200000, 0x0000000084300000, 0x0000000084300000|100%| O|  |TAMS 0x0000000084200000| PB 0x0000000084200000| Untracked 
|  67|0x0000000084300000, 0x0000000084400000, 0x0000000084400000|100%| O|  |TAMS 0x0000000084300000| PB 0x0000000084300000| Untracked 
|  68|0x0000000084400000, 0x0000000084500000, 0x0000000084500000|100%| O|  |TAMS 0x0000000084400000| PB 0x0000000084400000| Untracked 
|  69|0x0000000084500000, 0x0000000084600000, 0x0000000084600000|100%| O|  |TAMS 0x0000000084500000| PB 0x0000000084500000| Untracked 
|  70|0x0000000084600000, 0x0000000084700000, 0x0000000084700000|100%| O|  |TAMS 0x0000000084600000| PB 0x0000000084600000| Untracked 
|  71|0x0000000084700000, 0x0000000084800000, 0x0000000084800000|100%| O|  |TAMS 0x0000000084700000| PB 0x0000000084700000| Untracked 
|  72|0x0000000084800000, 0x0000000084900000, 0x0000000084900000|100%| O|  |TAMS 0x0000000084800000| PB 0x0000000084800000| Untracked 
|  73|0x0000000084900000, 0x0000000084a00000, 0x0000000084a00000|100%| O|  |TAMS 0x0000000084900000| PB 0x0000000084900000| Untracked 
|  74|0x0000000084a00000, 0x0000000084b00000, 0x0000000084b00000|100%| O|  |TAMS 0x0000000084a00000| PB 0x0000000084a00000| Untracked 
|  75|0x0000000084b00000, 0x0000000084c00000, 0x0000000084c00000|100%| O|  |TAMS 0x0000000084b00000| PB 0x0000000084b00000| Untracked 
|  76|0x0000000084c00000, 0x0000000084d00000, 0x0000000084d00000|100%|HS|  |TAMS 0x0000000084c00000| PB 0x0000000084c00000| Complete 
|  77|0x0000000084d00000, 0x0000000084e00000, 0x0000000084e00000|100%| O|  |TAMS 0x0000000084d00000| PB 0x0000000084d00000| Untracked 
|  78|0x0000000084e00000, 0x0000000084f00000, 0x0000000084f00000|100%| O|  |TAMS 0x0000000084e00000| PB 0x0000000084e00000| Untracked 
|  79|0x0000000084f00000, 0x0000000085000000, 0x0000000085000000|100%| O|  |TAMS 0x0000000084f00000| PB 0x0000000084f00000| Untracked 
|  80|0x0000000085000000, 0x0000000085100000, 0x0000000085100000|100%| O|  |TAMS 0x0000000085000000| PB 0x0000000085000000| Untracked 
|  81|0x0000000085100000, 0x0000000085200000, 0x0000000085200000|100%| O|  |TAMS 0x0000000085100000| PB 0x0000000085100000| Untracked 
|  82|0x0000000085200000, 0x0000000085300000, 0x0000000085300000|100%| O|  |TAMS 0x0000000085200000| PB 0x0000000085200000| Untracked 
|  83|0x0000000085300000, 0x0000000085400000, 0x0000000085400000|100%| O|  |TAMS 0x0000000085300000| PB 0x0000000085300000| Untracked 
|  84|0x0000000085400000, 0x0000000085500000, 0x0000000085500000|100%| O|  |TAMS 0x0000000085400000| PB 0x0000000085400000| Untracked 
|  85|0x0000000085500000, 0x0000000085600000, 0x0000000085600000|100%| O|  |TAMS 0x0000000085500000| PB 0x0000000085500000| Untracked 
|  86|0x0000000085600000, 0x0000000085700000, 0x0000000085700000|100%| O|  |TAMS 0x0000000085600000| PB 0x0000000085600000| Untracked 
|  87|0x0000000085700000, 0x0000000085800000, 0x0000000085800000|100%| O|  |TAMS 0x0000000085700000| PB 0x0000000085700000| Untracked 
|  88|0x0000000085800000, 0x0000000085900000, 0x0000000085900000|100%| O|  |TAMS 0x0000000085800000| PB 0x0000000085800000| Untracked 
|  89|0x0000000085900000, 0x0000000085a00000, 0x0000000085a00000|100%| O|  |TAMS 0x0000000085900000| PB 0x0000000085900000| Untracked 
|  90|0x0000000085a00000, 0x0000000085b00000, 0x0000000085b00000|100%| O|  |TAMS 0x0000000085a00000| PB 0x0000000085a00000| Untracked 
|  91|0x0000000085b00000, 0x0000000085c00000, 0x0000000085c00000|100%| O|  |TAMS 0x0000000085b00000| PB 0x0000000085b00000| Untracked 
|  92|0x0000000085c00000, 0x0000000085d00000, 0x0000000085d00000|100%| O|  |TAMS 0x0000000085c00000| PB 0x0000000085c00000| Untracked 
|  93|0x0000000085d00000, 0x0000000085e00000, 0x0000000085e00000|100%| O|  |TAMS 0x0000000085d00000| PB 0x0000000085d00000| Untracked 
|  94|0x0000000085e00000, 0x0000000085f00000, 0x0000000085f00000|100%| O|  |TAMS 0x0000000085e00000| PB 0x0000000085e00000| Untracked 
|  95|0x0000000085f00000, 0x0000000086000000, 0x0000000086000000|100%| O|  |TAMS 0x0000000085f00000| PB 0x0000000085f00000| Untracked 
|  96|0x0000000086000000, 0x0000000086100000, 0x0000000086100000|100%| O|  |TAMS 0x0000000086000000| PB 0x0000000086000000| Untracked 
|  97|0x0000000086100000, 0x0000000086200000, 0x0000000086200000|100%| O|  |TAMS 0x0000000086100000| PB 0x0000000086100000| Untracked 
|  98|0x0000000086200000, 0x0000000086300000, 0x0000000086300000|100%| O|  |TAMS 0x0000000086200000| PB 0x0000000086200000| Untracked 
|  99|0x0000000086300000, 0x0000000086400000, 0x0000000086400000|100%| O|  |TAMS 0x0000000086300000| PB 0x0000000086300000| Untracked 
| 100|0x0000000086400000, 0x0000000086500000, 0x0000000086500000|100%| O|  |TAMS 0x0000000086400000| PB 0x0000000086400000| Untracked 
| 101|0x0000000086500000, 0x0000000086600000, 0x0000000086600000|100%| O|  |TAMS 0x0000000086500000| PB 0x0000000086500000| Untracked 
| 102|0x0000000086600000, 0x0000000086700000, 0x0000000086700000|100%| O|  |TAMS 0x0000000086600000| PB 0x0000000086600000| Untracked 
| 103|0x0000000086700000, 0x0000000086800000, 0x0000000086800000|100%| O|  |TAMS 0x0000000086700000| PB 0x0000000086700000| Untracked 
| 104|0x0000000086800000, 0x0000000086900000, 0x0000000086900000|100%| O|  |TAMS 0x0000000086800000| PB 0x0000000086800000| Untracked 
| 105|0x0000000086900000, 0x0000000086a00000, 0x0000000086a00000|100%| O|  |TAMS 0x0000000086900000| PB 0x0000000086900000| Untracked 
| 106|0x0000000086a00000, 0x0000000086b00000, 0x0000000086b00000|100%| O|  |TAMS 0x0000000086a00000| PB 0x0000000086a00000| Untracked 
| 107|0x0000000086b00000, 0x0000000086c00000, 0x0000000086c00000|100%| O|  |TAMS 0x0000000086b00000| PB 0x0000000086b00000| Untracked 
| 108|0x0000000086c00000, 0x0000000086d00000, 0x0000000086d00000|100%| O|  |TAMS 0x0000000086c00000| PB 0x0000000086c00000| Untracked 
| 109|0x0000000086d00000, 0x0000000086e00000, 0x0000000086e00000|100%| O|  |TAMS 0x0000000086d00000| PB 0x0000000086d00000| Untracked 
| 110|0x0000000086e00000, 0x0000000086f00000, 0x0000000086f00000|100%| O|  |TAMS 0x0000000086e00000| PB 0x0000000086e00000| Untracked 
| 111|0x0000000086f00000, 0x0000000087000000, 0x0000000087000000|100%| O|  |TAMS 0x0000000086f00000| PB 0x0000000086f00000| Untracked 
| 112|0x0000000087000000, 0x0000000087100000, 0x0000000087100000|100%| O|  |TAMS 0x0000000087000000| PB 0x0000000087000000| Untracked 
| 113|0x0000000087100000, 0x0000000087200000, 0x0000000087200000|100%| O|  |TAMS 0x0000000087100000| PB 0x0000000087100000| Untracked 
| 114|0x0000000087200000, 0x0000000087300000, 0x0000000087300000|100%| O|  |TAMS 0x0000000087200000| PB 0x0000000087200000| Untracked 
| 115|0x0000000087300000, 0x0000000087400000, 0x0000000087400000|100%| O|  |TAMS 0x0000000087300000| PB 0x0000000087300000| Untracked 
| 116|0x0000000087400000, 0x0000000087500000, 0x0000000087500000|100%|HS|  |TAMS 0x0000000087400000| PB 0x0000000087400000| Complete 
| 117|0x0000000087500000, 0x0000000087600000, 0x0000000087600000|100%|HC|  |TAMS 0x0000000087500000| PB 0x0000000087500000| Complete 
| 118|0x0000000087600000, 0x0000000087700000, 0x0000000087700000|100%| O|  |TAMS 0x0000000087600000| PB 0x0000000087600000| Untracked 
| 119|0x0000000087700000, 0x0000000087800000, 0x0000000087800000|100%| O|  |TAMS 0x0000000087700000| PB 0x0000000087700000| Untracked 
| 120|0x0000000087800000, 0x0000000087900000, 0x0000000087900000|100%| O|  |TAMS 0x0000000087800000| PB 0x0000000087800000| Untracked 
| 121|0x0000000087900000, 0x0000000087a00000, 0x0000000087a00000|100%| O|  |TAMS 0x0000000087900000| PB 0x0000000087900000| Untracked 
| 122|0x0000000087a00000, 0x0000000087b00000, 0x0000000087b00000|100%|HS|  |TAMS 0x0000000087a00000| PB 0x0000000087a00000| Complete 
| 123|0x0000000087b00000, 0x0000000087c00000, 0x0000000087c00000|100%|HC|  |TAMS 0x0000000087b00000| PB 0x0000000087b00000| Complete 
| 124|0x0000000087c00000, 0x0000000087d00000, 0x0000000087d00000|100%|HS|  |TAMS 0x0000000087c00000| PB 0x0000000087c00000| Complete 
| 125|0x0000000087d00000, 0x0000000087e00000, 0x0000000087e00000|100%|HS|  |TAMS 0x0000000087d00000| PB 0x0000000087d00000| Complete 
| 126|0x0000000087e00000, 0x0000000087f00000, 0x0000000087f00000|100%|HS|  |TAMS 0x0000000087e00000| PB 0x0000000087e00000| Complete 
| 127|0x0000000087f00000, 0x0000000088000000, 0x0000000088000000|100%|HS|  |TAMS 0x0000000087f00000| PB 0x0000000087f00000| Complete 
| 128|0x0000000088000000, 0x0000000088100000, 0x0000000088100000|100%|HS|  |TAMS 0x0000000088000000| PB 0x0000000088000000| Complete 
| 129|0x0000000088100000, 0x0000000088200000, 0x0000000088200000|100%| O|  |TAMS 0x0000000088100000| PB 0x0000000088100000| Untracked 
| 130|0x0000000088200000, 0x0000000088300000, 0x0000000088300000|100%| O|  |TAMS 0x0000000088200000| PB 0x0000000088200000| Untracked 
| 131|0x0000000088300000, 0x0000000088400000, 0x0000000088400000|100%| O|  |TAMS 0x0000000088300000| PB 0x0000000088300000| Untracked 
| 132|0x0000000088400000, 0x0000000088500000, 0x0000000088500000|100%|HS|  |TAMS 0x0000000088400000| PB 0x0000000088400000| Complete 
| 133|0x0000000088500000, 0x0000000088600000, 0x0000000088600000|100%|HS|  |TAMS 0x0000000088500000| PB 0x0000000088500000| Complete 
| 134|0x0000000088600000, 0x0000000088700000, 0x0000000088700000|100%| O|  |TAMS 0x0000000088600000| PB 0x0000000088600000| Untracked 
| 135|0x0000000088700000, 0x0000000088800000, 0x0000000088800000|100%| O|  |TAMS 0x0000000088700000| PB 0x0000000088700000| Untracked 
| 136|0x0000000088800000, 0x0000000088900000, 0x0000000088900000|100%| O|  |TAMS 0x0000000088800000| PB 0x0000000088800000| Untracked 
| 137|0x0000000088900000, 0x0000000088a00000, 0x0000000088a00000|100%| O|  |TAMS 0x0000000088900000| PB 0x0000000088900000| Untracked 
| 138|0x0000000088a00000, 0x0000000088b00000, 0x0000000088b00000|100%| O|  |TAMS 0x0000000088a00000| PB 0x0000000088a00000| Untracked 
| 139|0x0000000088b00000, 0x0000000088c00000, 0x0000000088c00000|100%| O|  |TAMS 0x0000000088b00000| PB 0x0000000088b00000| Untracked 
| 140|0x0000000088c00000, 0x0000000088d00000, 0x0000000088d00000|100%| O|  |TAMS 0x0000000088c00000| PB 0x0000000088c00000| Untracked 
| 141|0x0000000088d00000, 0x0000000088e00000, 0x0000000088e00000|100%| O|  |TAMS 0x0000000088d00000| PB 0x0000000088d00000| Untracked 
| 142|0x0000000088e00000, 0x0000000088f00000, 0x0000000088f00000|100%| O|  |TAMS 0x0000000088e00000| PB 0x0000000088e00000| Untracked 
| 143|0x0000000088f00000, 0x0000000089000000, 0x0000000089000000|100%| O|  |TAMS 0x0000000088f00000| PB 0x0000000088f00000| Untracked 
| 144|0x0000000089000000, 0x0000000089100000, 0x0000000089100000|100%| O|  |TAMS 0x0000000089000000| PB 0x0000000089000000| Untracked 
| 145|0x0000000089100000, 0x0000000089100000, 0x0000000089200000|  0%| F|  |TAMS 0x0000000089100000| PB 0x0000000089100000| Untracked 
| 146|0x0000000089200000, 0x0000000089300000, 0x0000000089300000|100%| O|  |TAMS 0x0000000089200000| PB 0x0000000089200000| Untracked 
| 147|0x0000000089300000, 0x0000000089400000, 0x0000000089400000|100%| O|  |TAMS 0x0000000089300000| PB 0x0000000089300000| Untracked 
| 148|0x0000000089400000, 0x0000000089500000, 0x0000000089500000|100%| O|  |TAMS 0x0000000089400000| PB 0x0000000089400000| Untracked 
| 149|0x0000000089500000, 0x0000000089600000, 0x0000000089600000|100%| O|  |TAMS 0x0000000089500000| PB 0x0000000089500000| Untracked 
| 150|0x0000000089600000, 0x0000000089700000, 0x0000000089700000|100%| O|  |TAMS 0x0000000089600000| PB 0x0000000089600000| Untracked 
| 151|0x0000000089700000, 0x0000000089800000, 0x0000000089800000|100%| O|  |TAMS 0x0000000089700000| PB 0x0000000089700000| Untracked 
| 152|0x0000000089800000, 0x0000000089900000, 0x0000000089900000|100%| O|  |TAMS 0x0000000089800000| PB 0x0000000089800000| Untracked 
| 153|0x0000000089900000, 0x0000000089a00000, 0x0000000089a00000|100%| O|  |TAMS 0x0000000089900000| PB 0x0000000089900000| Untracked 
| 154|0x0000000089a00000, 0x0000000089b00000, 0x0000000089b00000|100%| O|  |TAMS 0x0000000089a00000| PB 0x0000000089a00000| Untracked 
| 155|0x0000000089b00000, 0x0000000089c00000, 0x0000000089c00000|100%| O|  |TAMS 0x0000000089b00000| PB 0x0000000089b00000| Untracked 
| 156|0x0000000089c00000, 0x0000000089d00000, 0x0000000089d00000|100%| O|  |TAMS 0x0000000089c00000| PB 0x0000000089c00000| Untracked 
| 157|0x0000000089d00000, 0x0000000089e00000, 0x0000000089e00000|100%| O|  |TAMS 0x0000000089d00000| PB 0x0000000089d00000| Untracked 
| 158|0x0000000089e00000, 0x0000000089f00000, 0x0000000089f00000|100%| O|  |TAMS 0x0000000089e00000| PB 0x0000000089e00000| Untracked 
| 159|0x0000000089f00000, 0x000000008a000000, 0x000000008a000000|100%| O|  |TAMS 0x0000000089f00000| PB 0x0000000089f00000| Untracked 
| 160|0x000000008a000000, 0x000000008a100000, 0x000000008a100000|100%| O|  |TAMS 0x000000008a000000| PB 0x000000008a000000| Untracked 
| 161|0x000000008a100000, 0x000000008a200000, 0x000000008a200000|100%| O|  |TAMS 0x000000008a100000| PB 0x000000008a100000| Untracked 
| 162|0x000000008a200000, 0x000000008a300000, 0x000000008a300000|100%| O|  |TAMS 0x000000008a200000| PB 0x000000008a200000| Untracked 
| 163|0x000000008a300000, 0x000000008a400000, 0x000000008a400000|100%| O|  |TAMS 0x000000008a300000| PB 0x000000008a300000| Untracked 
| 164|0x000000008a400000, 0x000000008a400000, 0x000000008a500000|  0%| F|  |TAMS 0x000000008a400000| PB 0x000000008a400000| Untracked 
| 165|0x000000008a500000, 0x000000008a600000, 0x000000008a600000|100%|HS|  |TAMS 0x000000008a500000| PB 0x000000008a500000| Complete 
| 166|0x000000008a600000, 0x000000008a700000, 0x000000008a700000|100%|HC|  |TAMS 0x000000008a600000| PB 0x000000008a600000| Complete 
| 167|0x000000008a700000, 0x000000008a800000, 0x000000008a800000|100%|HC|  |TAMS 0x000000008a700000| PB 0x000000008a700000| Complete 
| 168|0x000000008a800000, 0x000000008a900000, 0x000000008a900000|100%|HS|  |TAMS 0x000000008a800000| PB 0x000000008a800000| Complete 
| 169|0x000000008a900000, 0x000000008aa00000, 0x000000008aa00000|100%|HS|  |TAMS 0x000000008a900000| PB 0x000000008a900000| Complete 
| 170|0x000000008aa00000, 0x000000008ab00000, 0x000000008ab00000|100%| O|  |TAMS 0x000000008aa00000| PB 0x000000008aa00000| Untracked 
| 171|0x000000008ab00000, 0x000000008ac00000, 0x000000008ac00000|100%|HS|  |TAMS 0x000000008ab00000| PB 0x000000008ab00000| Complete 
| 172|0x000000008ac00000, 0x000000008ad00000, 0x000000008ad00000|100%|HC|  |TAMS 0x000000008ac00000| PB 0x000000008ac00000| Complete 
| 173|0x000000008ad00000, 0x000000008ae00000, 0x000000008ae00000|100%|HS|  |TAMS 0x000000008ad00000| PB 0x000000008ad00000| Complete 
| 174|0x000000008ae00000, 0x000000008af00000, 0x000000008af00000|100%| O|  |TAMS 0x000000008ae00000| PB 0x000000008ae00000| Untracked 
| 175|0x000000008af00000, 0x000000008b000000, 0x000000008b000000|100%| O|  |TAMS 0x000000008af00000| PB 0x000000008af00000| Untracked 
| 176|0x000000008b000000, 0x000000008b100000, 0x000000008b100000|100%| O|  |TAMS 0x000000008b000000| PB 0x000000008b000000| Untracked 
| 177|0x000000008b100000, 0x000000008b200000, 0x000000008b200000|100%| O|  |TAMS 0x000000008b100000| PB 0x000000008b100000| Untracked 
| 178|0x000000008b200000, 0x000000008b300000, 0x000000008b300000|100%| O|  |TAMS 0x000000008b200000| PB 0x000000008b200000| Untracked 
| 179|0x000000008b300000, 0x000000008b400000, 0x000000008b400000|100%| O|  |TAMS 0x000000008b300000| PB 0x000000008b300000| Untracked 
| 180|0x000000008b400000, 0x000000008b500000, 0x000000008b500000|100%| O|  |TAMS 0x000000008b400000| PB 0x000000008b400000| Untracked 
| 181|0x000000008b500000, 0x000000008b600000, 0x000000008b600000|100%| O|  |TAMS 0x000000008b500000| PB 0x000000008b500000| Untracked 
| 182|0x000000008b600000, 0x000000008b700000, 0x000000008b700000|100%| O|  |TAMS 0x000000008b600000| PB 0x000000008b600000| Untracked 
| 183|0x000000008b700000, 0x000000008b800000, 0x000000008b800000|100%| O|  |TAMS 0x000000008b700000| PB 0x000000008b700000| Untracked 
| 184|0x000000008b800000, 0x000000008b900000, 0x000000008b900000|100%| O|  |TAMS 0x000000008b800000| PB 0x000000008b800000| Untracked 
| 185|0x000000008b900000, 0x000000008ba00000, 0x000000008ba00000|100%| O|  |TAMS 0x000000008b900000| PB 0x000000008b900000| Untracked 
| 186|0x000000008ba00000, 0x000000008bb00000, 0x000000008bb00000|100%| O|  |TAMS 0x000000008ba00000| PB 0x000000008ba00000| Untracked 
| 187|0x000000008bb00000, 0x000000008bc00000, 0x000000008bc00000|100%| O|  |TAMS 0x000000008bb00000| PB 0x000000008bb00000| Untracked 
| 188|0x000000008bc00000, 0x000000008bd00000, 0x000000008bd00000|100%| O|  |TAMS 0x000000008bc00000| PB 0x000000008bc00000| Untracked 
| 189|0x000000008bd00000, 0x000000008be00000, 0x000000008be00000|100%| O|  |TAMS 0x000000008bd00000| PB 0x000000008bd00000| Untracked 
| 190|0x000000008be00000, 0x000000008bf00000, 0x000000008bf00000|100%| O|  |TAMS 0x000000008be00000| PB 0x000000008be00000| Untracked 
| 191|0x000000008bf00000, 0x000000008c000000, 0x000000008c000000|100%| O|  |TAMS 0x000000008bf00000| PB 0x000000008bf00000| Untracked 
| 192|0x000000008c000000, 0x000000008c100000, 0x000000008c100000|100%| O|  |TAMS 0x000000008c000000| PB 0x000000008c000000| Untracked 
| 193|0x000000008c100000, 0x000000008c200000, 0x000000008c200000|100%|HS|  |TAMS 0x000000008c100000| PB 0x000000008c100000| Complete 
| 194|0x000000008c200000, 0x000000008c300000, 0x000000008c300000|100%|HC|  |TAMS 0x000000008c200000| PB 0x000000008c200000| Complete 
| 195|0x000000008c300000, 0x000000008c400000, 0x000000008c400000|100%| O|  |TAMS 0x000000008c300000| PB 0x000000008c300000| Untracked 
| 196|0x000000008c400000, 0x000000008c500000, 0x000000008c500000|100%| O|  |TAMS 0x000000008c400000| PB 0x000000008c400000| Untracked 
| 197|0x000000008c500000, 0x000000008c600000, 0x000000008c600000|100%| O|  |TAMS 0x000000008c500000| PB 0x000000008c500000| Untracked 
| 198|0x000000008c600000, 0x000000008c700000, 0x000000008c700000|100%| O|  |TAMS 0x000000008c600000| PB 0x000000008c600000| Untracked 
| 199|0x000000008c700000, 0x000000008c800000, 0x000000008c800000|100%| O|  |TAMS 0x000000008c700000| PB 0x000000008c700000| Untracked 
| 200|0x000000008c800000, 0x000000008c900000, 0x000000008c900000|100%| O|  |TAMS 0x000000008c800000| PB 0x000000008c800000| Untracked 
| 201|0x000000008c900000, 0x000000008ca00000, 0x000000008ca00000|100%| O|  |TAMS 0x000000008c900000| PB 0x000000008c900000| Untracked 
| 202|0x000000008ca00000, 0x000000008cb00000, 0x000000008cb00000|100%| O|  |TAMS 0x000000008ca00000| PB 0x000000008ca00000| Untracked 
| 203|0x000000008cb00000, 0x000000008cc00000, 0x000000008cc00000|100%| O|  |TAMS 0x000000008cb00000| PB 0x000000008cb00000| Untracked 
| 204|0x000000008cc00000, 0x000000008cd00000, 0x000000008cd00000|100%| O|  |TAMS 0x000000008cc00000| PB 0x000000008cc00000| Untracked 
| 205|0x000000008cd00000, 0x000000008ce00000, 0x000000008ce00000|100%| O|  |TAMS 0x000000008cd00000| PB 0x000000008cd00000| Untracked 
| 206|0x000000008ce00000, 0x000000008cf00000, 0x000000008cf00000|100%| O|  |TAMS 0x000000008ce00000| PB 0x000000008ce00000| Untracked 
| 207|0x000000008cf00000, 0x000000008d000000, 0x000000008d000000|100%| O|  |TAMS 0x000000008cf00000| PB 0x000000008cf00000| Untracked 
| 208|0x000000008d000000, 0x000000008d100000, 0x000000008d100000|100%| O|  |TAMS 0x000000008d000000| PB 0x000000008d000000| Untracked 
| 209|0x000000008d100000, 0x000000008d200000, 0x000000008d200000|100%| O|  |TAMS 0x000000008d100000| PB 0x000000008d100000| Untracked 
| 210|0x000000008d200000, 0x000000008d300000, 0x000000008d300000|100%| O|  |TAMS 0x000000008d200000| PB 0x000000008d200000| Untracked 
| 211|0x000000008d300000, 0x000000008d400000, 0x000000008d400000|100%| O|  |TAMS 0x000000008d300000| PB 0x000000008d300000| Untracked 
| 212|0x000000008d400000, 0x000000008d500000, 0x000000008d500000|100%| O|  |TAMS 0x000000008d400000| PB 0x000000008d400000| Untracked 
| 213|0x000000008d500000, 0x000000008d600000, 0x000000008d600000|100%| O|  |TAMS 0x000000008d500000| PB 0x000000008d500000| Untracked 
| 214|0x000000008d600000, 0x000000008d700000, 0x000000008d700000|100%|HS|  |TAMS 0x000000008d600000| PB 0x000000008d600000| Complete 
| 215|0x000000008d700000, 0x000000008d800000, 0x000000008d800000|100%|HC|  |TAMS 0x000000008d700000| PB 0x000000008d700000| Complete 
| 216|0x000000008d800000, 0x000000008d900000, 0x000000008d900000|100%| O|  |TAMS 0x000000008d800000| PB 0x000000008d800000| Untracked 
| 217|0x000000008d900000, 0x000000008da00000, 0x000000008da00000|100%|HS|  |TAMS 0x000000008d900000| PB 0x000000008d900000| Complete 
| 218|0x000000008da00000, 0x000000008db00000, 0x000000008db00000|100%|HC|  |TAMS 0x000000008da00000| PB 0x000000008da00000| Complete 
| 219|0x000000008db00000, 0x000000008dc00000, 0x000000008dc00000|100%|HC|  |TAMS 0x000000008db00000| PB 0x000000008db00000| Complete 
| 220|0x000000008dc00000, 0x000000008dd00000, 0x000000008dd00000|100%| O|  |TAMS 0x000000008dc00000| PB 0x000000008dc00000| Untracked 
| 221|0x000000008dd00000, 0x000000008de00000, 0x000000008de00000|100%| O|  |TAMS 0x000000008dd00000| PB 0x000000008dd00000| Untracked 
| 222|0x000000008de00000, 0x000000008df00000, 0x000000008df00000|100%| O|  |TAMS 0x000000008de00000| PB 0x000000008de00000| Untracked 
| 223|0x000000008df00000, 0x000000008e000000, 0x000000008e000000|100%| O|  |TAMS 0x000000008df00000| PB 0x000000008df00000| Untracked 
| 224|0x000000008e000000, 0x000000008e100000, 0x000000008e100000|100%| O|  |TAMS 0x000000008e000000| PB 0x000000008e000000| Untracked 
| 225|0x000000008e100000, 0x000000008e200000, 0x000000008e200000|100%| O|  |TAMS 0x000000008e100000| PB 0x000000008e100000| Untracked 
| 226|0x000000008e200000, 0x000000008e300000, 0x000000008e300000|100%| O|  |TAMS 0x000000008e200000| PB 0x000000008e200000| Untracked 
| 227|0x000000008e300000, 0x000000008e400000, 0x000000008e400000|100%| O|  |TAMS 0x000000008e300000| PB 0x000000008e300000| Untracked 
| 228|0x000000008e400000, 0x000000008e500000, 0x000000008e500000|100%|HS|  |TAMS 0x000000008e400000| PB 0x000000008e400000| Complete 
| 229|0x000000008e500000, 0x000000008e600000, 0x000000008e600000|100%| O|  |TAMS 0x000000008e500000| PB 0x000000008e500000| Untracked 
| 230|0x000000008e600000, 0x000000008e700000, 0x000000008e700000|100%| O|  |TAMS 0x000000008e600000| PB 0x000000008e600000| Untracked 
| 231|0x000000008e700000, 0x000000008e800000, 0x000000008e800000|100%| O|  |TAMS 0x000000008e700000| PB 0x000000008e700000| Untracked 
| 232|0x000000008e800000, 0x000000008e900000, 0x000000008e900000|100%| O|  |TAMS 0x000000008e800000| PB 0x000000008e800000| Untracked 
| 233|0x000000008e900000, 0x000000008ea00000, 0x000000008ea00000|100%| O|  |TAMS 0x000000008e900000| PB 0x000000008e900000| Untracked 
| 234|0x000000008ea00000, 0x000000008eb00000, 0x000000008eb00000|100%| O|  |TAMS 0x000000008ea00000| PB 0x000000008ea00000| Untracked 
| 235|0x000000008eb00000, 0x000000008ec00000, 0x000000008ec00000|100%| O|  |TAMS 0x000000008eb00000| PB 0x000000008eb00000| Untracked 
| 236|0x000000008ec00000, 0x000000008ed00000, 0x000000008ed00000|100%| O|  |TAMS 0x000000008ec00000| PB 0x000000008ec00000| Untracked 
| 237|0x000000008ed00000, 0x000000008ee00000, 0x000000008ee00000|100%| O|  |TAMS 0x000000008ed00000| PB 0x000000008ed00000| Untracked 
| 238|0x000000008ee00000, 0x000000008ef00000, 0x000000008ef00000|100%| O|  |TAMS 0x000000008ee00000| PB 0x000000008ee00000| Untracked 
| 239|0x000000008ef00000, 0x000000008f000000, 0x000000008f000000|100%| O|  |TAMS 0x000000008ef00000| PB 0x000000008ef00000| Untracked 
| 240|0x000000008f000000, 0x000000008f100000, 0x000000008f100000|100%| O|  |TAMS 0x000000008f000000| PB 0x000000008f000000| Untracked 
| 241|0x000000008f100000, 0x000000008f200000, 0x000000008f200000|100%| O|  |TAMS 0x000000008f100000| PB 0x000000008f100000| Untracked 
| 242|0x000000008f200000, 0x000000008f300000, 0x000000008f300000|100%| O|  |TAMS 0x000000008f200000| PB 0x000000008f200000| Untracked 
| 243|0x000000008f300000, 0x000000008f400000, 0x000000008f400000|100%| O|  |TAMS 0x000000008f300000| PB 0x000000008f300000| Untracked 
| 244|0x000000008f400000, 0x000000008f500000, 0x000000008f500000|100%| O|  |TAMS 0x000000008f400000| PB 0x000000008f400000| Untracked 
| 245|0x000000008f500000, 0x000000008f600000, 0x000000008f600000|100%| O|  |TAMS 0x000000008f500000| PB 0x000000008f500000| Untracked 
| 246|0x000000008f600000, 0x000000008f700000, 0x000000008f700000|100%| O|  |TAMS 0x000000008f600000| PB 0x000000008f600000| Untracked 
| 247|0x000000008f700000, 0x000000008f800000, 0x000000008f800000|100%| O|  |TAMS 0x000000008f700000| PB 0x000000008f700000| Untracked 
| 248|0x000000008f800000, 0x000000008f900000, 0x000000008f900000|100%| O|  |TAMS 0x000000008f800000| PB 0x000000008f800000| Untracked 
| 249|0x000000008f900000, 0x000000008fa00000, 0x000000008fa00000|100%| O|  |TAMS 0x000000008f900000| PB 0x000000008f900000| Untracked 
| 250|0x000000008fa00000, 0x000000008fb00000, 0x000000008fb00000|100%| O|  |TAMS 0x000000008fa00000| PB 0x000000008fa00000| Untracked 
| 251|0x000000008fb00000, 0x000000008fc00000, 0x000000008fc00000|100%| O|  |TAMS 0x000000008fb00000| PB 0x000000008fb00000| Untracked 
| 252|0x000000008fc00000, 0x000000008fd00000, 0x000000008fd00000|100%| O|  |TAMS 0x000000008fc00000| PB 0x000000008fc00000| Untracked 
| 253|0x000000008fd00000, 0x000000008fe00000, 0x000000008fe00000|100%| O|  |TAMS 0x000000008fd00000| PB 0x000000008fd00000| Untracked 
| 254|0x000000008fe00000, 0x000000008ff00000, 0x000000008ff00000|100%| O|  |TAMS 0x000000008fe00000| PB 0x000000008fe00000| Untracked 
| 255|0x000000008ff00000, 0x0000000090000000, 0x0000000090000000|100%| O|  |TAMS 0x000000008ff00000| PB 0x000000008ff00000| Untracked 
| 256|0x0000000090000000, 0x0000000090100000, 0x0000000090100000|100%| O|  |TAMS 0x0000000090000000| PB 0x0000000090000000| Untracked 
| 257|0x0000000090100000, 0x0000000090200000, 0x0000000090200000|100%| O|  |TAMS 0x0000000090100000| PB 0x0000000090100000| Untracked 
| 258|0x0000000090200000, 0x0000000090300000, 0x0000000090300000|100%| O|  |TAMS 0x0000000090200000| PB 0x0000000090200000| Untracked 
| 259|0x0000000090300000, 0x0000000090400000, 0x0000000090400000|100%| O|  |TAMS 0x0000000090300000| PB 0x0000000090300000| Untracked 
| 260|0x0000000090400000, 0x0000000090500000, 0x0000000090500000|100%| O|  |TAMS 0x0000000090400000| PB 0x0000000090400000| Untracked 
| 261|0x0000000090500000, 0x0000000090600000, 0x0000000090600000|100%| O|  |TAMS 0x0000000090500000| PB 0x0000000090500000| Untracked 
| 262|0x0000000090600000, 0x0000000090700000, 0x0000000090700000|100%| O|  |TAMS 0x0000000090600000| PB 0x0000000090600000| Untracked 
| 263|0x0000000090700000, 0x000000009079f580, 0x0000000090800000| 62%| O|  |TAMS 0x0000000090700000| PB 0x0000000090700000| Untracked 
| 264|0x0000000090800000, 0x0000000090800000, 0x0000000090900000|  0%| F|  |TAMS 0x0000000090800000| PB 0x0000000090800000| Untracked 
| 265|0x0000000090900000, 0x0000000090900000, 0x0000000090a00000|  0%| F|  |TAMS 0x0000000090900000| PB 0x0000000090900000| Untracked 
| 266|0x0000000090a00000, 0x0000000090a00000, 0x0000000090b00000|  0%| F|  |TAMS 0x0000000090a00000| PB 0x0000000090a00000| Untracked 
| 267|0x0000000090b00000, 0x0000000090b00000, 0x0000000090c00000|  0%| F|  |TAMS 0x0000000090b00000| PB 0x0000000090b00000| Untracked 
| 268|0x0000000090c00000, 0x0000000090c00000, 0x0000000090d00000|  0%| F|  |TAMS 0x0000000090c00000| PB 0x0000000090c00000| Untracked 
| 269|0x0000000090d00000, 0x0000000090d00000, 0x0000000090e00000|  0%| F|  |TAMS 0x0000000090d00000| PB 0x0000000090d00000| Untracked 
| 270|0x0000000090e00000, 0x0000000090e00000, 0x0000000090f00000|  0%| F|  |TAMS 0x0000000090e00000| PB 0x0000000090e00000| Untracked 
| 271|0x0000000090f00000, 0x0000000090f00000, 0x0000000091000000|  0%| F|  |TAMS 0x0000000090f00000| PB 0x0000000090f00000| Untracked 
| 272|0x0000000091000000, 0x0000000091000000, 0x0000000091100000|  0%| F|  |TAMS 0x0000000091000000| PB 0x0000000091000000| Untracked 
| 273|0x0000000091100000, 0x0000000091100000, 0x0000000091200000|  0%| F|  |TAMS 0x0000000091100000| PB 0x0000000091100000| Untracked 
| 274|0x0000000091200000, 0x0000000091200000, 0x0000000091300000|  0%| F|  |TAMS 0x0000000091200000| PB 0x0000000091200000| Untracked 
| 275|0x0000000091300000, 0x0000000091300000, 0x0000000091400000|  0%| F|  |TAMS 0x0000000091300000| PB 0x0000000091300000| Untracked 
| 276|0x0000000091400000, 0x0000000091400000, 0x0000000091500000|  0%| F|  |TAMS 0x0000000091400000| PB 0x0000000091400000| Untracked 
| 277|0x0000000091500000, 0x0000000091500000, 0x0000000091600000|  0%| F|  |TAMS 0x0000000091500000| PB 0x0000000091500000| Untracked 
| 278|0x0000000091600000, 0x0000000091600000, 0x0000000091700000|  0%| F|  |TAMS 0x0000000091600000| PB 0x0000000091600000| Untracked 
| 279|0x0000000091700000, 0x0000000091700000, 0x0000000091800000|  0%| F|  |TAMS 0x0000000091700000| PB 0x0000000091700000| Untracked 
| 280|0x0000000091800000, 0x0000000091800000, 0x0000000091900000|  0%| F|  |TAMS 0x0000000091800000| PB 0x0000000091800000| Untracked 
| 281|0x0000000091900000, 0x0000000091900000, 0x0000000091a00000|  0%| F|  |TAMS 0x0000000091900000| PB 0x0000000091900000| Untracked 
| 282|0x0000000091a00000, 0x0000000091a00000, 0x0000000091b00000|  0%| F|  |TAMS 0x0000000091a00000| PB 0x0000000091a00000| Untracked 
| 283|0x0000000091b00000, 0x0000000091b00000, 0x0000000091c00000|  0%| F|  |TAMS 0x0000000091b00000| PB 0x0000000091b00000| Untracked 
| 284|0x0000000091c00000, 0x0000000091c00000, 0x0000000091d00000|  0%| F|  |TAMS 0x0000000091c00000| PB 0x0000000091c00000| Untracked 
| 285|0x0000000091d00000, 0x0000000091d00000, 0x0000000091e00000|  0%| F|  |TAMS 0x0000000091d00000| PB 0x0000000091d00000| Untracked 
| 286|0x0000000091e00000, 0x0000000091e00000, 0x0000000091f00000|  0%| F|  |TAMS 0x0000000091e00000| PB 0x0000000091e00000| Untracked 
| 287|0x0000000091f00000, 0x0000000091f00000, 0x0000000092000000|  0%| F|  |TAMS 0x0000000091f00000| PB 0x0000000091f00000| Untracked 
| 288|0x0000000092000000, 0x0000000092000000, 0x0000000092100000|  0%| F|  |TAMS 0x0000000092000000| PB 0x0000000092000000| Untracked 
| 289|0x0000000092100000, 0x00000000921ccc88, 0x0000000092200000| 79%| S|CS|TAMS 0x0000000092100000| PB 0x0000000092100000| Complete 
| 290|0x0000000092200000, 0x0000000092300000, 0x0000000092300000|100%| S|CS|TAMS 0x0000000092200000| PB 0x0000000092200000| Complete 
| 291|0x0000000092300000, 0x0000000092400000, 0x0000000092400000|100%| S|CS|TAMS 0x0000000092300000| PB 0x0000000092300000| Complete 
| 292|0x0000000092400000, 0x0000000092500000, 0x0000000092500000|100%| S|CS|TAMS 0x0000000092400000| PB 0x0000000092400000| Complete 
| 293|0x0000000092500000, 0x0000000092600000, 0x0000000092600000|100%| S|CS|TAMS 0x0000000092500000| PB 0x0000000092500000| Complete 
| 294|0x0000000092600000, 0x0000000092700000, 0x0000000092700000|100%| S|CS|TAMS 0x0000000092600000| PB 0x0000000092600000| Complete 
| 295|0x0000000092700000, 0x0000000092800000, 0x0000000092800000|100%| S|CS|TAMS 0x0000000092700000| PB 0x0000000092700000| Complete 
| 296|0x0000000092800000, 0x0000000092900000, 0x0000000092900000|100%| S|CS|TAMS 0x0000000092800000| PB 0x0000000092800000| Complete 
| 297|0x0000000092900000, 0x0000000092a00000, 0x0000000092a00000|100%| S|CS|TAMS 0x0000000092900000| PB 0x0000000092900000| Complete 
| 298|0x0000000092a00000, 0x0000000092b00000, 0x0000000092b00000|100%| S|CS|TAMS 0x0000000092a00000| PB 0x0000000092a00000| Complete 
| 299|0x0000000092b00000, 0x0000000092c00000, 0x0000000092c00000|100%| S|CS|TAMS 0x0000000092b00000| PB 0x0000000092b00000| Complete 
| 300|0x0000000092c00000, 0x0000000092d00000, 0x0000000092d00000|100%| S|CS|TAMS 0x0000000092c00000| PB 0x0000000092c00000| Complete 
| 301|0x0000000092d00000, 0x0000000092e00000, 0x0000000092e00000|100%| S|CS|TAMS 0x0000000092d00000| PB 0x0000000092d00000| Complete 
| 302|0x0000000092e00000, 0x0000000092f00000, 0x0000000092f00000|100%| S|CS|TAMS 0x0000000092e00000| PB 0x0000000092e00000| Complete 
| 303|0x0000000092f00000, 0x0000000093000000, 0x0000000093000000|100%| S|CS|TAMS 0x0000000092f00000| PB 0x0000000092f00000| Complete 
| 304|0x0000000093000000, 0x0000000093000000, 0x0000000093100000|  0%| F|  |TAMS 0x0000000093000000| PB 0x0000000093000000| Untracked 
| 305|0x0000000093100000, 0x0000000093100000, 0x0000000093200000|  0%| F|  |TAMS 0x0000000093100000| PB 0x0000000093100000| Untracked 
| 306|0x0000000093200000, 0x0000000093200000, 0x0000000093300000|  0%| F|  |TAMS 0x0000000093200000| PB 0x0000000093200000| Untracked 
| 307|0x0000000093300000, 0x0000000093300000, 0x0000000093400000|  0%| F|  |TAMS 0x0000000093300000| PB 0x0000000093300000| Untracked 
| 308|0x0000000093400000, 0x0000000093400000, 0x0000000093500000|  0%| F|  |TAMS 0x0000000093400000| PB 0x0000000093400000| Untracked 
| 309|0x0000000093500000, 0x0000000093500000, 0x0000000093600000|  0%| F|  |TAMS 0x0000000093500000| PB 0x0000000093500000| Untracked 
| 310|0x0000000093600000, 0x0000000093600000, 0x0000000093700000|  0%| F|  |TAMS 0x0000000093600000| PB 0x0000000093600000| Untracked 
| 311|0x0000000093700000, 0x0000000093700000, 0x0000000093800000|  0%| F|  |TAMS 0x0000000093700000| PB 0x0000000093700000| Untracked 
| 312|0x0000000093800000, 0x0000000093800000, 0x0000000093900000|  0%| F|  |TAMS 0x0000000093800000| PB 0x0000000093800000| Untracked 
| 313|0x0000000093900000, 0x0000000093900000, 0x0000000093a00000|  0%| F|  |TAMS 0x0000000093900000| PB 0x0000000093900000| Untracked 
| 314|0x0000000093a00000, 0x0000000093a00000, 0x0000000093b00000|  0%| F|  |TAMS 0x0000000093a00000| PB 0x0000000093a00000| Untracked 
| 315|0x0000000093b00000, 0x0000000093b00000, 0x0000000093c00000|  0%| F|  |TAMS 0x0000000093b00000| PB 0x0000000093b00000| Untracked 
| 316|0x0000000093c00000, 0x0000000093c00000, 0x0000000093d00000|  0%| F|  |TAMS 0x0000000093c00000| PB 0x0000000093c00000| Untracked 
| 317|0x0000000093d00000, 0x0000000093d00000, 0x0000000093e00000|  0%| F|  |TAMS 0x0000000093d00000| PB 0x0000000093d00000| Untracked 
| 318|0x0000000093e00000, 0x0000000093e00000, 0x0000000093f00000|  0%| F|  |TAMS 0x0000000093e00000| PB 0x0000000093e00000| Untracked 
| 319|0x0000000093f00000, 0x0000000093f00000, 0x0000000094000000|  0%| F|  |TAMS 0x0000000093f00000| PB 0x0000000093f00000| Untracked 
| 320|0x0000000094000000, 0x0000000094000000, 0x0000000094100000|  0%| F|  |TAMS 0x0000000094000000| PB 0x0000000094000000| Untracked 
| 321|0x0000000094100000, 0x0000000094100000, 0x0000000094200000|  0%| F|  |TAMS 0x0000000094100000| PB 0x0000000094100000| Untracked 
| 322|0x0000000094200000, 0x0000000094200000, 0x0000000094300000|  0%| F|  |TAMS 0x0000000094200000| PB 0x0000000094200000| Untracked 
| 323|0x0000000094300000, 0x0000000094300000, 0x0000000094400000|  0%| F|  |TAMS 0x0000000094300000| PB 0x0000000094300000| Untracked 
| 324|0x0000000094400000, 0x0000000094400000, 0x0000000094500000|  0%| F|  |TAMS 0x0000000094400000| PB 0x0000000094400000| Untracked 
| 325|0x0000000094500000, 0x0000000094500000, 0x0000000094600000|  0%| F|  |TAMS 0x0000000094500000| PB 0x0000000094500000| Untracked 
| 326|0x0000000094600000, 0x0000000094600000, 0x0000000094700000|  0%| F|  |TAMS 0x0000000094600000| PB 0x0000000094600000| Untracked 
| 327|0x0000000094700000, 0x0000000094700000, 0x0000000094800000|  0%| F|  |TAMS 0x0000000094700000| PB 0x0000000094700000| Untracked 
| 328|0x0000000094800000, 0x0000000094800000, 0x0000000094900000|  0%| F|  |TAMS 0x0000000094800000| PB 0x0000000094800000| Untracked 
| 329|0x0000000094900000, 0x0000000094900000, 0x0000000094a00000|  0%| F|  |TAMS 0x0000000094900000| PB 0x0000000094900000| Untracked 
| 330|0x0000000094a00000, 0x0000000094a00000, 0x0000000094b00000|  0%| F|  |TAMS 0x0000000094a00000| PB 0x0000000094a00000| Untracked 
| 331|0x0000000094b00000, 0x0000000094b00000, 0x0000000094c00000|  0%| F|  |TAMS 0x0000000094b00000| PB 0x0000000094b00000| Untracked 
| 332|0x0000000094c00000, 0x0000000094c00000, 0x0000000094d00000|  0%| F|  |TAMS 0x0000000094c00000| PB 0x0000000094c00000| Untracked 
| 333|0x0000000094d00000, 0x0000000094d00000, 0x0000000094e00000|  0%| F|  |TAMS 0x0000000094d00000| PB 0x0000000094d00000| Untracked 
| 334|0x0000000094e00000, 0x0000000094e00000, 0x0000000094f00000|  0%| F|  |TAMS 0x0000000094e00000| PB 0x0000000094e00000| Untracked 
| 335|0x0000000094f00000, 0x0000000094f00000, 0x0000000095000000|  0%| F|  |TAMS 0x0000000094f00000| PB 0x0000000094f00000| Untracked 
| 336|0x0000000095000000, 0x0000000095000000, 0x0000000095100000|  0%| F|  |TAMS 0x0000000095000000| PB 0x0000000095000000| Untracked 
| 337|0x0000000095100000, 0x0000000095100000, 0x0000000095200000|  0%| F|  |TAMS 0x0000000095100000| PB 0x0000000095100000| Untracked 
| 338|0x0000000095200000, 0x0000000095200000, 0x0000000095300000|  0%| F|  |TAMS 0x0000000095200000| PB 0x0000000095200000| Untracked 
| 339|0x0000000095300000, 0x0000000095300000, 0x0000000095400000|  0%| F|  |TAMS 0x0000000095300000| PB 0x0000000095300000| Untracked 
| 340|0x0000000095400000, 0x0000000095400000, 0x0000000095500000|  0%| F|  |TAMS 0x0000000095400000| PB 0x0000000095400000| Untracked 
| 341|0x0000000095500000, 0x0000000095500000, 0x0000000095600000|  0%| F|  |TAMS 0x0000000095500000| PB 0x0000000095500000| Untracked 
| 342|0x0000000095600000, 0x0000000095600000, 0x0000000095700000|  0%| F|  |TAMS 0x0000000095600000| PB 0x0000000095600000| Untracked 
| 343|0x0000000095700000, 0x0000000095700000, 0x0000000095800000|  0%| F|  |TAMS 0x0000000095700000| PB 0x0000000095700000| Untracked 
| 344|0x0000000095800000, 0x0000000095800000, 0x0000000095900000|  0%| F|  |TAMS 0x0000000095800000| PB 0x0000000095800000| Untracked 
| 345|0x0000000095900000, 0x0000000095900000, 0x0000000095a00000|  0%| F|  |TAMS 0x0000000095900000| PB 0x0000000095900000| Untracked 
| 346|0x0000000095a00000, 0x0000000095a00000, 0x0000000095b00000|  0%| F|  |TAMS 0x0000000095a00000| PB 0x0000000095a00000| Untracked 
| 347|0x0000000095b00000, 0x0000000095b00000, 0x0000000095c00000|  0%| F|  |TAMS 0x0000000095b00000| PB 0x0000000095b00000| Untracked 
| 348|0x0000000095c00000, 0x0000000095c00000, 0x0000000095d00000|  0%| F|  |TAMS 0x0000000095c00000| PB 0x0000000095c00000| Untracked 
| 349|0x0000000095d00000, 0x0000000095d00000, 0x0000000095e00000|  0%| F|  |TAMS 0x0000000095d00000| PB 0x0000000095d00000| Untracked 
| 350|0x0000000095e00000, 0x0000000095e00000, 0x0000000095f00000|  0%| F|  |TAMS 0x0000000095e00000| PB 0x0000000095e00000| Untracked 
| 351|0x0000000095f00000, 0x0000000095f00000, 0x0000000096000000|  0%| F|  |TAMS 0x0000000095f00000| PB 0x0000000095f00000| Untracked 
| 352|0x0000000096000000, 0x0000000096000000, 0x0000000096100000|  0%| F|  |TAMS 0x0000000096000000| PB 0x0000000096000000| Untracked 
| 353|0x0000000096100000, 0x0000000096100000, 0x0000000096200000|  0%| F|  |TAMS 0x0000000096100000| PB 0x0000000096100000| Untracked 
| 354|0x0000000096200000, 0x0000000096200000, 0x0000000096300000|  0%| F|  |TAMS 0x0000000096200000| PB 0x0000000096200000| Untracked 
| 355|0x0000000096300000, 0x0000000096300000, 0x0000000096400000|  0%| F|  |TAMS 0x0000000096300000| PB 0x0000000096300000| Untracked 
| 356|0x0000000096400000, 0x0000000096400000, 0x0000000096500000|  0%| F|  |TAMS 0x0000000096400000| PB 0x0000000096400000| Untracked 
| 357|0x0000000096500000, 0x0000000096500000, 0x0000000096600000|  0%| F|  |TAMS 0x0000000096500000| PB 0x0000000096500000| Untracked 
| 358|0x0000000096600000, 0x0000000096600000, 0x0000000096700000|  0%| F|  |TAMS 0x0000000096600000| PB 0x0000000096600000| Untracked 
| 359|0x0000000096700000, 0x0000000096700000, 0x0000000096800000|  0%| F|  |TAMS 0x0000000096700000| PB 0x0000000096700000| Untracked 
| 360|0x0000000096800000, 0x0000000096800000, 0x0000000096900000|  0%| F|  |TAMS 0x0000000096800000| PB 0x0000000096800000| Untracked 
| 361|0x0000000096900000, 0x0000000096900000, 0x0000000096a00000|  0%| F|  |TAMS 0x0000000096900000| PB 0x0000000096900000| Untracked 
| 362|0x0000000096a00000, 0x0000000096a00000, 0x0000000096b00000|  0%| F|  |TAMS 0x0000000096a00000| PB 0x0000000096a00000| Untracked 
| 363|0x0000000096b00000, 0x0000000096b00000, 0x0000000096c00000|  0%| F|  |TAMS 0x0000000096b00000| PB 0x0000000096b00000| Untracked 
| 364|0x0000000096c00000, 0x0000000096c00000, 0x0000000096d00000|  0%| F|  |TAMS 0x0000000096c00000| PB 0x0000000096c00000| Untracked 
| 365|0x0000000096d00000, 0x0000000096d00000, 0x0000000096e00000|  0%| F|  |TAMS 0x0000000096d00000| PB 0x0000000096d00000| Untracked 
| 366|0x0000000096e00000, 0x0000000096e00000, 0x0000000096f00000|  0%| F|  |TAMS 0x0000000096e00000| PB 0x0000000096e00000| Untracked 
| 367|0x0000000096f00000, 0x0000000096f00000, 0x0000000097000000|  0%| F|  |TAMS 0x0000000096f00000| PB 0x0000000096f00000| Untracked 
| 368|0x0000000097000000, 0x0000000097000000, 0x0000000097100000|  0%| F|  |TAMS 0x0000000097000000| PB 0x0000000097000000| Untracked 
| 369|0x0000000097100000, 0x0000000097100000, 0x0000000097200000|  0%| F|  |TAMS 0x0000000097100000| PB 0x0000000097100000| Untracked 
| 370|0x0000000097200000, 0x0000000097200000, 0x0000000097300000|  0%| F|  |TAMS 0x0000000097200000| PB 0x0000000097200000| Untracked 
| 371|0x0000000097300000, 0x0000000097300000, 0x0000000097400000|  0%| F|  |TAMS 0x0000000097300000| PB 0x0000000097300000| Untracked 
| 372|0x0000000097400000, 0x0000000097400000, 0x0000000097500000|  0%| F|  |TAMS 0x0000000097400000| PB 0x0000000097400000| Untracked 
| 373|0x0000000097500000, 0x0000000097500000, 0x0000000097600000|  0%| F|  |TAMS 0x0000000097500000| PB 0x0000000097500000| Untracked 
| 374|0x0000000097600000, 0x0000000097600000, 0x0000000097700000|  0%| F|  |TAMS 0x0000000097600000| PB 0x0000000097600000| Untracked 
| 375|0x0000000097700000, 0x0000000097700000, 0x0000000097800000|  0%| F|  |TAMS 0x0000000097700000| PB 0x0000000097700000| Untracked 
| 376|0x0000000097800000, 0x0000000097800000, 0x0000000097900000|  0%| F|  |TAMS 0x0000000097800000| PB 0x0000000097800000| Untracked 
| 377|0x0000000097900000, 0x0000000097900000, 0x0000000097a00000|  0%| F|  |TAMS 0x0000000097900000| PB 0x0000000097900000| Untracked 
| 378|0x0000000097a00000, 0x0000000097a00000, 0x0000000097b00000|  0%| F|  |TAMS 0x0000000097a00000| PB 0x0000000097a00000| Untracked 
| 379|0x0000000097b00000, 0x0000000097b00000, 0x0000000097c00000|  0%| F|  |TAMS 0x0000000097b00000| PB 0x0000000097b00000| Untracked 
| 380|0x0000000097c00000, 0x0000000097c00000, 0x0000000097d00000|  0%| F|  |TAMS 0x0000000097c00000| PB 0x0000000097c00000| Untracked 
| 381|0x0000000097d00000, 0x0000000097d00000, 0x0000000097e00000|  0%| F|  |TAMS 0x0000000097d00000| PB 0x0000000097d00000| Untracked 
| 382|0x0000000097e00000, 0x0000000097e00000, 0x0000000097f00000|  0%| F|  |TAMS 0x0000000097e00000| PB 0x0000000097e00000| Untracked 
| 383|0x0000000097f00000, 0x0000000097f00000, 0x0000000098000000|  0%| F|  |TAMS 0x0000000097f00000| PB 0x0000000097f00000| Untracked 
| 384|0x0000000098000000, 0x0000000098000000, 0x0000000098100000|  0%| F|  |TAMS 0x0000000098000000| PB 0x0000000098000000| Untracked 
| 385|0x0000000098100000, 0x0000000098100000, 0x0000000098200000|  0%| F|  |TAMS 0x0000000098100000| PB 0x0000000098100000| Untracked 
| 386|0x0000000098200000, 0x0000000098200000, 0x0000000098300000|  0%| F|  |TAMS 0x0000000098200000| PB 0x0000000098200000| Untracked 
| 387|0x0000000098300000, 0x0000000098300000, 0x0000000098400000|  0%| F|  |TAMS 0x0000000098300000| PB 0x0000000098300000| Untracked 
| 388|0x0000000098400000, 0x0000000098400000, 0x0000000098500000|  0%| F|  |TAMS 0x0000000098400000| PB 0x0000000098400000| Untracked 
| 389|0x0000000098500000, 0x0000000098500000, 0x0000000098600000|  0%| F|  |TAMS 0x0000000098500000| PB 0x0000000098500000| Untracked 
| 390|0x0000000098600000, 0x0000000098600000, 0x0000000098700000|  0%| F|  |TAMS 0x0000000098600000| PB 0x0000000098600000| Untracked 
| 391|0x0000000098700000, 0x0000000098700000, 0x0000000098800000|  0%| F|  |TAMS 0x0000000098700000| PB 0x0000000098700000| Untracked 
| 392|0x0000000098800000, 0x0000000098800000, 0x0000000098900000|  0%| F|  |TAMS 0x0000000098800000| PB 0x0000000098800000| Untracked 
| 393|0x0000000098900000, 0x0000000098900000, 0x0000000098a00000|  0%| F|  |TAMS 0x0000000098900000| PB 0x0000000098900000| Untracked 
| 394|0x0000000098a00000, 0x0000000098a00000, 0x0000000098b00000|  0%| F|  |TAMS 0x0000000098a00000| PB 0x0000000098a00000| Untracked 
| 395|0x0000000098b00000, 0x0000000098b00000, 0x0000000098c00000|  0%| F|  |TAMS 0x0000000098b00000| PB 0x0000000098b00000| Untracked 
| 396|0x0000000098c00000, 0x0000000098c00000, 0x0000000098d00000|  0%| F|  |TAMS 0x0000000098c00000| PB 0x0000000098c00000| Untracked 
| 397|0x0000000098d00000, 0x0000000098d00000, 0x0000000098e00000|  0%| F|  |TAMS 0x0000000098d00000| PB 0x0000000098d00000| Untracked 
| 398|0x0000000098e00000, 0x0000000098e00000, 0x0000000098f00000|  0%| F|  |TAMS 0x0000000098e00000| PB 0x0000000098e00000| Untracked 
| 399|0x0000000098f00000, 0x0000000098f00000, 0x0000000099000000|  0%| F|  |TAMS 0x0000000098f00000| PB 0x0000000098f00000| Untracked 
| 400|0x0000000099000000, 0x0000000099000000, 0x0000000099100000|  0%| F|  |TAMS 0x0000000099000000| PB 0x0000000099000000| Untracked 
| 401|0x0000000099100000, 0x0000000099100000, 0x0000000099200000|  0%| F|  |TAMS 0x0000000099100000| PB 0x0000000099100000| Untracked 
| 402|0x0000000099200000, 0x0000000099200000, 0x0000000099300000|  0%| F|  |TAMS 0x0000000099200000| PB 0x0000000099200000| Untracked 
| 403|0x0000000099300000, 0x0000000099300000, 0x0000000099400000|  0%| F|  |TAMS 0x0000000099300000| PB 0x0000000099300000| Untracked 
| 404|0x0000000099400000, 0x0000000099400000, 0x0000000099500000|  0%| F|  |TAMS 0x0000000099400000| PB 0x0000000099400000| Untracked 
| 405|0x0000000099500000, 0x0000000099500000, 0x0000000099600000|  0%| F|  |TAMS 0x0000000099500000| PB 0x0000000099500000| Untracked 
| 406|0x0000000099600000, 0x0000000099600000, 0x0000000099700000|  0%| F|  |TAMS 0x0000000099600000| PB 0x0000000099600000| Untracked 
| 407|0x0000000099700000, 0x0000000099700000, 0x0000000099800000|  0%| F|  |TAMS 0x0000000099700000| PB 0x0000000099700000| Untracked 
| 408|0x0000000099800000, 0x0000000099800000, 0x0000000099900000|  0%| F|  |TAMS 0x0000000099800000| PB 0x0000000099800000| Untracked 
| 409|0x0000000099900000, 0x0000000099900000, 0x0000000099a00000|  0%| F|  |TAMS 0x0000000099900000| PB 0x0000000099900000| Untracked 
| 410|0x0000000099a00000, 0x0000000099a00000, 0x0000000099b00000|  0%| F|  |TAMS 0x0000000099a00000| PB 0x0000000099a00000| Untracked 
| 411|0x0000000099b00000, 0x0000000099b00000, 0x0000000099c00000|  0%| F|  |TAMS 0x0000000099b00000| PB 0x0000000099b00000| Untracked 
| 412|0x0000000099c00000, 0x0000000099c00000, 0x0000000099d00000|  0%| F|  |TAMS 0x0000000099c00000| PB 0x0000000099c00000| Untracked 
| 413|0x0000000099d00000, 0x0000000099d00000, 0x0000000099e00000|  0%| F|  |TAMS 0x0000000099d00000| PB 0x0000000099d00000| Untracked 
| 414|0x0000000099e00000, 0x0000000099e00000, 0x0000000099f00000|  0%| F|  |TAMS 0x0000000099e00000| PB 0x0000000099e00000| Untracked 
| 415|0x0000000099f00000, 0x0000000099f00000, 0x000000009a000000|  0%| F|  |TAMS 0x0000000099f00000| PB 0x0000000099f00000| Untracked 
| 416|0x000000009a000000, 0x000000009a000000, 0x000000009a100000|  0%| F|  |TAMS 0x000000009a000000| PB 0x000000009a000000| Untracked 
| 417|0x000000009a100000, 0x000000009a100000, 0x000000009a200000|  0%| F|  |TAMS 0x000000009a100000| PB 0x000000009a100000| Untracked 
| 418|0x000000009a200000, 0x000000009a200000, 0x000000009a300000|  0%| F|  |TAMS 0x000000009a200000| PB 0x000000009a200000| Untracked 
| 419|0x000000009a300000, 0x000000009a300000, 0x000000009a400000|  0%| F|  |TAMS 0x000000009a300000| PB 0x000000009a300000| Untracked 
| 420|0x000000009a400000, 0x000000009a400000, 0x000000009a500000|  0%| F|  |TAMS 0x000000009a400000| PB 0x000000009a400000| Untracked 
| 421|0x000000009a500000, 0x000000009a500000, 0x000000009a600000|  0%| F|  |TAMS 0x000000009a500000| PB 0x000000009a500000| Untracked 
| 422|0x000000009a600000, 0x000000009a600000, 0x000000009a700000|  0%| F|  |TAMS 0x000000009a600000| PB 0x000000009a600000| Untracked 
| 423|0x000000009a700000, 0x000000009a700000, 0x000000009a800000|  0%| F|  |TAMS 0x000000009a700000| PB 0x000000009a700000| Untracked 
| 424|0x000000009a800000, 0x000000009a800000, 0x000000009a900000|  0%| F|  |TAMS 0x000000009a800000| PB 0x000000009a800000| Untracked 
| 425|0x000000009a900000, 0x000000009a900000, 0x000000009aa00000|  0%| F|  |TAMS 0x000000009a900000| PB 0x000000009a900000| Untracked 
| 426|0x000000009aa00000, 0x000000009aa00000, 0x000000009ab00000|  0%| F|  |TAMS 0x000000009aa00000| PB 0x000000009aa00000| Untracked 
| 427|0x000000009ab00000, 0x000000009ab00000, 0x000000009ac00000|  0%| F|  |TAMS 0x000000009ab00000| PB 0x000000009ab00000| Untracked 
| 428|0x000000009ac00000, 0x000000009ac00000, 0x000000009ad00000|  0%| F|  |TAMS 0x000000009ac00000| PB 0x000000009ac00000| Untracked 
| 429|0x000000009ad00000, 0x000000009ad00000, 0x000000009ae00000|  0%| F|  |TAMS 0x000000009ad00000| PB 0x000000009ad00000| Untracked 
| 430|0x000000009ae00000, 0x000000009ae00000, 0x000000009af00000|  0%| F|  |TAMS 0x000000009ae00000| PB 0x000000009ae00000| Untracked 
| 431|0x000000009af00000, 0x000000009af00000, 0x000000009b000000|  0%| F|  |TAMS 0x000000009af00000| PB 0x000000009af00000| Untracked 
| 432|0x000000009b000000, 0x000000009b000000, 0x000000009b100000|  0%| F|  |TAMS 0x000000009b000000| PB 0x000000009b000000| Untracked 
| 433|0x000000009b100000, 0x000000009b100000, 0x000000009b200000|  0%| F|  |TAMS 0x000000009b100000| PB 0x000000009b100000| Untracked 
| 434|0x000000009b200000, 0x000000009b200000, 0x000000009b300000|  0%| F|  |TAMS 0x000000009b200000| PB 0x000000009b200000| Untracked 
| 435|0x000000009b300000, 0x000000009b300000, 0x000000009b400000|  0%| F|  |TAMS 0x000000009b300000| PB 0x000000009b300000| Untracked 
| 436|0x000000009b400000, 0x000000009b400000, 0x000000009b500000|  0%| F|  |TAMS 0x000000009b400000| PB 0x000000009b400000| Untracked 
| 437|0x000000009b500000, 0x000000009b500000, 0x000000009b600000|  0%| F|  |TAMS 0x000000009b500000| PB 0x000000009b500000| Untracked 
| 438|0x000000009b600000, 0x000000009b600000, 0x000000009b700000|  0%| F|  |TAMS 0x000000009b600000| PB 0x000000009b600000| Untracked 
| 439|0x000000009b700000, 0x000000009b700000, 0x000000009b800000|  0%| F|  |TAMS 0x000000009b700000| PB 0x000000009b700000| Untracked 
| 440|0x000000009b800000, 0x000000009b800000, 0x000000009b900000|  0%| F|  |TAMS 0x000000009b800000| PB 0x000000009b800000| Untracked 
| 441|0x000000009b900000, 0x000000009b900000, 0x000000009ba00000|  0%| F|  |TAMS 0x000000009b900000| PB 0x000000009b900000| Untracked 
| 442|0x000000009ba00000, 0x000000009ba00000, 0x000000009bb00000|  0%| F|  |TAMS 0x000000009ba00000| PB 0x000000009ba00000| Untracked 
| 443|0x000000009bb00000, 0x000000009bb00000, 0x000000009bc00000|  0%| F|  |TAMS 0x000000009bb00000| PB 0x000000009bb00000| Untracked 
| 444|0x000000009bc00000, 0x000000009bc00000, 0x000000009bd00000|  0%| F|  |TAMS 0x000000009bc00000| PB 0x000000009bc00000| Untracked 
|2023|0x00000000fe700000, 0x00000000fe700000, 0x00000000fe800000|  0%| F|  |TAMS 0x00000000fe700000| PB 0x00000000fe700000| Untracked 
|2024|0x00000000fe800000, 0x00000000fe800000, 0x00000000fe900000|  0%| F|  |TAMS 0x00000000fe800000| PB 0x00000000fe800000| Untracked 
|2025|0x00000000fe900000, 0x00000000fea00000, 0x00000000fea00000|100%| O|  |TAMS 0x00000000fe900000| PB 0x00000000fe900000| Untracked 
|2026|0x00000000fea00000, 0x00000000feb00000, 0x00000000feb00000|100%| O|  |TAMS 0x00000000fea00000| PB 0x00000000fea00000| Untracked 
|2027|0x00000000feb00000, 0x00000000fec00000, 0x00000000fec00000|100%| O|  |TAMS 0x00000000feb00000| PB 0x00000000feb00000| Untracked 
|2028|0x00000000fec00000, 0x00000000fed00000, 0x00000000fed00000|100%| O|  |TAMS 0x00000000fec00000| PB 0x00000000fec00000| Untracked 
|2029|0x00000000fed00000, 0x00000000fee00000, 0x00000000fee00000|100%| O|  |TAMS 0x00000000fed00000| PB 0x00000000fed00000| Untracked 
|2030|0x00000000fee00000, 0x00000000fee00000, 0x00000000fef00000|  0%| F|  |TAMS 0x00000000fee00000| PB 0x00000000fee00000| Untracked 
|2031|0x00000000fef00000, 0x00000000ff000000, 0x00000000ff000000|100%| O|  |TAMS 0x00000000fef00000| PB 0x00000000fef00000| Untracked 
|2032|0x00000000ff000000, 0x00000000ff100000, 0x00000000ff100000|100%| O|  |TAMS 0x00000000ff000000| PB 0x00000000ff000000| Untracked 
|2033|0x00000000ff100000, 0x00000000ff200000, 0x00000000ff200000|100%| O|  |TAMS 0x00000000ff100000| PB 0x00000000ff100000| Untracked 
|2034|0x00000000ff200000, 0x00000000ff300000, 0x00000000ff300000|100%| O|  |TAMS 0x00000000ff200000| PB 0x00000000ff200000| Untracked 
|2035|0x00000000ff300000, 0x00000000ff400000, 0x00000000ff400000|100%| O|  |TAMS 0x00000000ff300000| PB 0x00000000ff300000| Untracked 
|2036|0x00000000ff400000, 0x00000000ff500000, 0x00000000ff500000|100%| O|  |TAMS 0x00000000ff400000| PB 0x00000000ff400000| Untracked 
|2037|0x00000000ff500000, 0x00000000ff600000, 0x00000000ff600000|100%| O|  |TAMS 0x00000000ff500000| PB 0x00000000ff500000| Untracked 
|2038|0x00000000ff600000, 0x00000000ff700000, 0x00000000ff700000|100%| O|  |TAMS 0x00000000ff600000| PB 0x00000000ff600000| Untracked 
|2039|0x00000000ff700000, 0x00000000ff800000, 0x00000000ff800000|100%| O|  |TAMS 0x00000000ff700000| PB 0x00000000ff700000| Untracked 
|2040|0x00000000ff800000, 0x00000000ff900000, 0x00000000ff900000|100%| O|  |TAMS 0x00000000ff800000| PB 0x00000000ff800000| Untracked 
|2041|0x00000000ff900000, 0x00000000ffa00000, 0x00000000ffa00000|100%| O|  |TAMS 0x00000000ff900000| PB 0x00000000ff900000| Untracked 
|2042|0x00000000ffa00000, 0x00000000ffb00000, 0x00000000ffb00000|100%| O|  |TAMS 0x00000000ffa00000| PB 0x00000000ffa00000| Untracked 
|2043|0x00000000ffb00000, 0x00000000ffc00000, 0x00000000ffc00000|100%| O|  |TAMS 0x00000000ffb00000| PB 0x00000000ffb00000| Untracked 
|2044|0x00000000ffc00000, 0x00000000ffd00000, 0x00000000ffd00000|100%| O|  |TAMS 0x00000000ffc00000| PB 0x00000000ffc00000| Untracked 
|2045|0x00000000ffd00000, 0x00000000ffd00000, 0x00000000ffe00000|  0%| F|  |TAMS 0x00000000ffd00000| PB 0x00000000ffd00000| Untracked 
|2046|0x00000000ffe00000, 0x00000000fff00000, 0x00000000fff00000|100%| O|  |TAMS 0x00000000ffe00000| PB 0x00000000ffe00000| Untracked 
|2047|0x00000000fff00000, 0x0000000100000000, 0x0000000100000000|100%| O|  |TAMS 0x00000000fff00000| PB 0x00000000fff00000| Untracked 

Card table byte_map: [0x0000011b47d50000,0x0000011b48150000] _byte_map_base: 0x0000011b47950000

Marking Bits: (CMBitMap*) 0x0000011b35ca9660
 Bits: [0x0000011b48150000, 0x0000011b4a150000)

Polling page: 0x0000011b33a20000

Metaspace:

Usage:
  Non-class:     22.73 MB used.
      Class:      2.52 MB used.
       Both:     25.25 MB used.

Virtual space:
  Non-class space:       64.00 MB reserved,      22.81 MB ( 36%) committed,  1 nodes.
      Class space:        1.00 GB reserved,       2.62 MB ( <1%) committed,  1 nodes.
             Both:        1.06 GB reserved,      25.44 MB (  2%) committed. 

Chunk freelists:
   Non-Class:  8.25 MB
       Class:  13.20 MB
        Both:  21.46 MB

MaxMetaspaceSize: unlimited
CompressedClassSpaceSize: 1.00 GB
Initial GC threshold: 21.00 MB
Current GC threshold: 42.31 MB
CDS: off
 - commit_granule_bytes: 65536.
 - commit_granule_words: 8192.
 - virtual_space_node_default_size: 8388608.
 - enlarge_chunks_in_place: 1.
 - use_allocation_guard: 0.


Internal statistics:

num_allocs_failed_limit: 3.
num_arena_births: 210.
num_arena_deaths: 0.
num_vsnodes_births: 2.
num_vsnodes_deaths: 0.
num_space_committed: 406.
num_space_uncommitted: 0.
num_chunks_returned_to_freelist: 3.
num_chunks_taken_from_freelist: 648.
num_chunk_merges: 3.
num_chunk_splits: 419.
num_chunks_enlarged: 280.
num_inconsistent_stats: 0.

CodeHeap 'non-profiled nmethods': size=120000Kb used=3945Kb max_used=4277Kb free=116054Kb
 bounds [0x0000011b400f0000, 0x0000011b40530000, 0x0000011b47620000]
CodeHeap 'profiled nmethods': size=120000Kb used=4982Kb max_used=7724Kb free=115017Kb
 bounds [0x0000011b38620000, 0x0000011b38db0000, 0x0000011b3fb50000]
CodeHeap 'non-nmethods': size=5760Kb used=1415Kb max_used=1522Kb free=4344Kb
 bounds [0x0000011b3fb50000, 0x0000011b3fdc0000, 0x0000011b400f0000]
CodeCache: size=245760Kb, used=10342Kb, max_used=13523Kb, free=235415Kb
 total_blobs=3700, nmethods=3128, adapters=476, full_count=0
Compilation: enabled, stopped_count=0, restarted_count=0

Compilation events (20 events):
Event: 19.347 Thread 0x0000011b4cc5d040 4473  s    3       org.languagetool.JLanguageTool::getDataBroker (20 bytes)
Event: 19.347 Thread 0x0000011b4cc5d040 nmethod 4473 0x0000011b38704110 code [0x0000011b387042e0, 0x0000011b38704658]
Event: 19.347 Thread 0x0000011b4cc5d040 4471       3       java.util.Collections$UnmodifiableRandomAccessList::<init> (6 bytes)
Event: 19.347 Thread 0x0000011b4cc5d040 nmethod 4471 0x0000011b386f9a10 code [0x0000011b386f9be0, 0x0000011b386f9fb8]
Event: 19.347 Thread 0x0000011b4cc5d040 4472       3       java.util.Collections$UnmodifiableList::<init> (11 bytes)
Event: 19.348 Thread 0x0000011b4cc5d040 nmethod 4472 0x0000011b38796810 code [0x0000011b387969e0, 0x0000011b38796d58]
Event: 19.348 Thread 0x0000011b4cc5d040 4474       3       java.util.concurrent.ConcurrentHashMap::sumCount (60 bytes)
Event: 19.349 Thread 0x0000011b4cc5d040 nmethod 4474 0x0000011b387fea10 code [0x0000011b387febc0, 0x0000011b387fee08]
Event: 19.349 Thread 0x0000011b4cc5d040 4475       1       java.util.ResourceBundle$CacheKey::getLocale (5 bytes)
Event: 19.349 Thread 0x0000011b4cc5d040 nmethod 4475 0x0000011b40141410 code [0x0000011b401415a0, 0x0000011b40141668]
Event: 19.349 Thread 0x0000011b4cc5d040 4476       3       java.lang.ref.SoftReference::<init> (14 bytes)
Event: 19.350 Thread 0x0000011b4cc5d040 nmethod 4476 0x0000011b38739a90 code [0x0000011b38739c40, 0x0000011b38739f20]
Event: 19.351 Thread 0x0000011b4cc5d040 4477       3       com.google.common.cache.LocalCache::connectWriteOrder (15 bytes)
Event: 19.352 Thread 0x0000011b4cc5d040 nmethod 4477 0x0000011b38745210 code [0x0000011b387453e0, 0x0000011b38745660]
Event: 19.353 Thread 0x0000011b4cc5d040 4478       3       org.languagetool.tokenizers.ro.RomanianWordTokenizer::tokenize (47 bytes)
Event: 19.353 Thread 0x0000011b4cc5bcf0 nmethod 4468 0x0000011b40154a90 code [0x0000011b40154ca0, 0x0000011b40155598]
Event: 19.353 Thread 0x0000011b4cc5bcf0 4469       4       java.util.HashMap::put (13 bytes)
Event: 19.354 Thread 0x0000011b4cc5d040 nmethod 4478 0x0000011b38626110 code [0x0000011b386263a0, 0x0000011b38626fe0]
Event: 19.368 Thread 0x0000011b4cc5bcf0 nmethod 4469 0x0000011b4031b110 code [0x0000011b4031b320, 0x0000011b4031be50]
Event: 19.369 Thread 0x0000011b4cc5bcf0 4479 %s    4       org.languagetool.rules.spelling.SpellingCheckRule::init @ 150 (314 bytes)

GC Heap History (20 events):
Event: 9.718 GC heap after
{Heap after GC invocations=20 (full 0):
 garbage-first heap   total 305152K, used 156004K [0x0000000080000000, 0x0000000100000000)
  region size 1024K, 15 young (15360K), 15 survivors (15360K)
 Metaspace       used 25193K, committed 25408K, reserved 1114112K
  class space    used 2530K, committed 2624K, reserved 1048576K
}
Event: 10.521 GC heap before
{Heap before GC invocations=21 (full 0):
 garbage-first heap   total 305152K, used 261476K [0x0000000080000000, 0x0000000100000000)
  region size 1024K, 116 young (118784K), 15 survivors (15360K)
 Metaspace       used 25533K, committed 25792K, reserved 1114112K
  class space    used 2565K, committed 2688K, reserved 1048576K
}
Event: 10.539 GC heap after
{Heap after GC invocations=22 (full 0):
 garbage-first heap   total 305152K, used 164049K [0x0000000080000000, 0x0000000100000000)
  region size 1024K, 9 young (9216K), 9 survivors (9216K)
 Metaspace       used 25533K, committed 25792K, reserved 1114112K
  class space    used 2565K, committed 2688K, reserved 1048576K
}
Event: 11.048 GC heap before
{Heap before GC invocations=22 (full 0):
 garbage-first heap   total 305152K, used 290001K [0x0000000080000000, 0x0000000100000000)
  region size 1024K, 109 young (111616K), 9 survivors (9216K)
 Metaspace       used 25654K, committed 25856K, reserved 1114112K
  class space    used 2568K, committed 2688K, reserved 1048576K
}
Event: 11.068 GC heap after
{Heap after GC invocations=23 (full 0):
 garbage-first heap   total 443392K, used 184233K [0x0000000080000000, 0x0000000100000000)
  region size 1024K, 14 young (14336K), 14 survivors (14336K)
 Metaspace       used 25654K, committed 25856K, reserved 1114112K
  class space    used 2568K, committed 2688K, reserved 1048576K
}
Event: 12.513 GC heap before
{Heap before GC invocations=23 (full 0):
 garbage-first heap   total 443392K, used 379817K [0x0000000080000000, 0x0000000100000000)
  region size 1024K, 205 young (209920K), 14 survivors (14336K)
 Metaspace       used 25705K, committed 25984K, reserved 1114112K
  class space    used 2568K, committed 2688K, reserved 1048576K
}
Event: 12.526 GC heap after
{Heap after GC invocations=24 (full 0):
 garbage-first heap   total 443392K, used 188270K [0x0000000080000000, 0x0000000100000000)
  region size 1024K, 18 young (18432K), 18 survivors (18432K)
 Metaspace       used 25705K, committed 25984K, reserved 1114112K
  class space    used 2568K, committed 2688K, reserved 1048576K
}
Event: 13.787 GC heap before
{Heap before GC invocations=24 (full 0):
 garbage-first heap   total 443392K, used 399214K [0x0000000080000000, 0x0000000100000000)
  region size 1024K, 224 young (229376K), 18 survivors (18432K)
 Metaspace       used 25708K, committed 25984K, reserved 1114112K
  class space    used 2568K, committed 2688K, reserved 1048576K
}
Event: 13.805 GC heap after
{Heap after GC invocations=25 (full 0):
 garbage-first heap   total 443392K, used 194835K [0x0000000080000000, 0x0000000100000000)
  region size 1024K, 11 young (11264K), 11 survivors (11264K)
 Metaspace       used 25708K, committed 25984K, reserved 1114112K
  class space    used 2568K, committed 2688K, reserved 1048576K
}
Event: 14.542 GC heap before
{Heap before GC invocations=25 (full 0):
 garbage-first heap   total 443392K, used 403731K [0x0000000080000000, 0x0000000100000000)
  region size 1024K, 215 young (220160K), 11 survivors (11264K)
 Metaspace       used 25714K, committed 25984K, reserved 1114112K
  class space    used 2568K, committed 2688K, reserved 1048576K
}
Event: 14.560 GC heap after
{Heap after GC invocations=26 (full 0):
 garbage-first heap   total 443392K, used 207430K [0x0000000080000000, 0x0000000100000000)
  region size 1024K, 23 young (23552K), 23 survivors (23552K)
 Metaspace       used 25714K, committed 25984K, reserved 1114112K
  class space    used 2568K, committed 2688K, reserved 1048576K
}
Event: 16.107 GC heap before
{Heap before GC invocations=27 (full 0):
 garbage-first heap   total 443392K, used 409158K [0x0000000080000000, 0x0000000100000000)
  region size 1024K, 217 young (222208K), 23 survivors (23552K)
 Metaspace       used 25723K, committed 25984K, reserved 1114112K
  class space    used 2569K, committed 2688K, reserved 1048576K
}
Event: 16.156 GC heap after
{Heap after GC invocations=28 (full 0):
 garbage-first heap   total 464896K, used 242678K [0x0000000080000000, 0x0000000100000000)
  region size 1024K, 28 young (28672K), 28 survivors (28672K)
 Metaspace       used 25723K, committed 25984K, reserved 1114112K
  class space    used 2569K, committed 2688K, reserved 1048576K
}
Event: 16.509 GC heap before
{Heap before GC invocations=28 (full 0):
 garbage-first heap   total 464896K, used 431094K [0x0000000080000000, 0x0000000100000000)
  region size 1024K, 195 young (199680K), 28 survivors (28672K)
 Metaspace       used 25784K, committed 26048K, reserved 1114112K
  class space    used 2578K, committed 2688K, reserved 1048576K
}
Event: 16.541 GC heap after
{Heap after GC invocations=29 (full 0):
 garbage-first heap   total 481280K, used 266176K [0x0000000080000000, 0x0000000100000000)
  region size 1024K, 18 young (18432K), 18 survivors (18432K)
 Metaspace       used 25784K, committed 26048K, reserved 1114112K
  class space    used 2578K, committed 2688K, reserved 1048576K
}
Event: 17.763 GC heap before
{Heap before GC invocations=29 (full 0):
 garbage-first heap   total 481280K, used 364480K [0x0000000080000000, 0x0000000100000000)
  region size 1024K, 115 young (117760K), 18 survivors (18432K)
 Metaspace       used 25807K, committed 26048K, reserved 1114112K
  class space    used 2579K, committed 2688K, reserved 1048576K
}
Event: 17.784 GC heap after
{Heap after GC invocations=30 (full 0):
 garbage-first heap   total 481280K, used 277504K [0x0000000080000000, 0x0000000100000000)
  region size 1024K, 12 young (12288K), 12 survivors (12288K)
 Metaspace       used 25807K, committed 26048K, reserved 1114112K
  class space    used 2579K, committed 2688K, reserved 1048576K
}
Event: 18.719 GC heap before
{Heap before GC invocations=31 (full 0):
 garbage-first heap   total 481280K, used 443392K [0x0000000080000000, 0x0000000100000000)
  region size 1024K, 164 young (167936K), 12 survivors (12288K)
 Metaspace       used 25844K, committed 26048K, reserved 1114112K
  class space    used 2580K, committed 2688K, reserved 1048576K
}
Event: 18.739 GC heap after
{Heap after GC invocations=32 (full 0):
 garbage-first heap   total 481280K, used 292811K [0x0000000080000000, 0x0000000100000000)
  region size 1024K, 14 young (14336K), 14 survivors (14336K)
 Metaspace       used 25844K, committed 26048K, reserved 1114112K
  class space    used 2580K, committed 2688K, reserved 1048576K
}
Event: 19.376 GC heap before
{Heap before GC invocations=32 (full 0):
 garbage-first heap   total 481280K, used 438219K [0x0000000080000000, 0x0000000100000000)
  region size 1024K, 156 young (159744K), 14 survivors (14336K)
 Metaspace       used 25852K, committed 26048K, reserved 1114112K
  class space    used 2581K, committed 2688K, reserved 1048576K
}

Dll operation events (9 events):
Event: 0.019 Loaded shared library c:\Users\vi_ba\.vscode\extensions\ltex-plus.vscode-ltex-plus-15.7.1\lib\ltex-ls-plus-18.7.0\jdk-21.0.10+7\bin\java.dll
Event: 0.030 Loaded shared library c:\Users\vi_ba\.vscode\extensions\ltex-plus.vscode-ltex-plus-15.7.1\lib\ltex-ls-plus-18.7.0\jdk-21.0.10+7\bin\zip.dll
Event: 0.117 Loaded shared library c:\Users\vi_ba\.vscode\extensions\ltex-plus.vscode-ltex-plus-15.7.1\lib\ltex-ls-plus-18.7.0\jdk-21.0.10+7\bin\jsvml.dll
Event: 0.370 Loaded shared library C:\Users\vi_ba\.vscode\extensions\ltex-plus.vscode-ltex-plus-15.7.1\lib\ltex-ls-plus-18.7.0\jdk-21.0.10+7\bin\net.dll
Event: 0.374 Loaded shared library C:\Users\vi_ba\.vscode\extensions\ltex-plus.vscode-ltex-plus-15.7.1\lib\ltex-ls-plus-18.7.0\jdk-21.0.10+7\bin\nio.dll
Event: 0.385 Loaded shared library C:\Users\vi_ba\.vscode\extensions\ltex-plus.vscode-ltex-plus-15.7.1\lib\ltex-ls-plus-18.7.0\jdk-21.0.10+7\bin\zip.dll
Event: 0.556 Loaded shared library C:\Users\vi_ba\.vscode\extensions\ltex-plus.vscode-ltex-plus-15.7.1\lib\ltex-ls-plus-18.7.0\jdk-21.0.10+7\bin\jimage.dll
Event: 0.651 Loaded shared library C:\Temp\jansi-2.4.3-96294edc90822aa6-jansi.dll
Event: 0.678 Loaded shared library c:\Users\vi_ba\.vscode\extensions\ltex-plus.vscode-ltex-plus-15.7.1\lib\ltex-ls-plus-18.7.0\jdk-21.0.10+7\bin\verify.dll

Deoptimization events (20 events):
Event: 18.684 Thread 0x0000011b35c50cd0 Uncommon trap: trap_request=0xffffff45 fr.pc=0x0000011b40472048 relative=0x0000000000003848
Event: 18.684 Thread 0x0000011b35c50cd0 Uncommon trap: reason=unstable_if action=reinterpret pc=0x0000011b40472048 method=org.languagetool.tokenizers.pt.PortugueseWordTokenizer.wordsToAdd(Ljava/lang/String;)Ljava/util/List; @ 124 c2
Event: 18.684 Thread 0x0000011b35c50cd0 DEOPT PACKING pc=0x0000011b40472048 sp=0x0000000ea59fe760
Event: 18.684 Thread 0x0000011b35c50cd0 DEOPT UNPACKING pc=0x0000011b3fba43a2 sp=0x0000000ea59fe6b8 mode 2
Event: 18.716 Thread 0x0000011b35c50cd0 Uncommon trap: trap_request=0xffffffde fr.pc=0x0000011b4025cd28 relative=0x00000000000003a8
Event: 18.716 Thread 0x0000011b35c50cd0 Uncommon trap: reason=class_check action=maybe_recompile pc=0x0000011b4025cd28 method=java.lang.Character.isUpperCase(I)Z @ 5 c2
Event: 18.716 Thread 0x0000011b35c50cd0 DEOPT PACKING pc=0x0000011b4025cd28 sp=0x0000000ea59fe440
Event: 18.717 Thread 0x0000011b35c50cd0 DEOPT UNPACKING pc=0x0000011b3fba43a2 sp=0x0000000ea59fe310 mode 2
Event: 18.740 Thread 0x0000011b4cc3f160 Uncommon trap: trap_request=0xffffff45 fr.pc=0x0000011b405029cc relative=0x00000000000008ec
Event: 18.740 Thread 0x0000011b4cc3f160 Uncommon trap: reason=unstable_if action=reinterpret pc=0x0000011b405029cc method=java.util.concurrent.locks.AbstractQueuedSynchronizer$ConditionObject.signalAll()V @ 24 c2
Event: 18.740 Thread 0x0000011b4cc3f160 DEOPT PACKING pc=0x0000011b405029cc sp=0x0000000ea61ff0b0
Event: 18.740 Thread 0x0000011b4cc3f160 DEOPT UNPACKING pc=0x0000011b3fba43a2 sp=0x0000000ea61feed8 mode 2
Event: 18.782 Thread 0x0000011b35c50cd0 Uncommon trap: trap_request=0xffffff45 fr.pc=0x0000011b4025e538 relative=0x0000000000000158
Event: 18.782 Thread 0x0000011b35c50cd0 Uncommon trap: reason=unstable_if action=reinterpret pc=0x0000011b4025e538 method=java.util.regex.Pattern.lambda$CIRangeU$20(III)Z @ 6 c2
Event: 18.782 Thread 0x0000011b35c50cd0 DEOPT PACKING pc=0x0000011b4025e538 sp=0x0000000ea59fe300
Event: 18.782 Thread 0x0000011b35c50cd0 DEOPT UNPACKING pc=0x0000011b3fba43a2 sp=0x0000000ea59fe218 mode 2
Event: 18.813 Thread 0x0000011b35c50cd0 Uncommon trap: trap_request=0xffffff45 fr.pc=0x0000011b401dd410 relative=0x0000000000000170
Event: 18.816 Thread 0x0000011b35c50cd0 Uncommon trap: reason=unstable_if action=reinterpret pc=0x0000011b401dd410 method=java.lang.CharacterDataLatin1.equalsIgnoreCase(BB)Z @ 24 c2
Event: 18.816 Thread 0x0000011b35c50cd0 DEOPT PACKING pc=0x0000011b401dd410 sp=0x0000000ea59fe4f0
Event: 18.816 Thread 0x0000011b35c50cd0 DEOPT UNPACKING pc=0x0000011b3fba43a2 sp=0x0000000ea59fe3e8 mode 2

Classes loaded (20 events):
Event: 6.633 Loading class java/net/URISyntaxException
Event: 6.633 Loading class java/net/URISyntaxException done
Event: 6.634 Loading class java/util/concurrent/ConcurrentLinkedQueue
Event: 6.635 Loading class java/util/concurrent/ConcurrentLinkedQueue done
Event: 6.635 Loading class java/util/concurrent/ConcurrentLinkedQueue$Node
Event: 6.636 Loading class java/util/concurrent/ConcurrentLinkedQueue$Node done
Event: 9.026 Loading class java/io/SequenceInputStream
Event: 9.026 Loading class java/io/SequenceInputStream done
Event: 9.667 Loading class java/util/regex/PatternSyntaxException
Event: 9.668 Loading class java/util/regex/PatternSyntaxException done
Event: 9.895 Loading class java/lang/invoke/BoundMethodHandle$Species_LLLLLL
Event: 9.895 Loading class java/lang/invoke/BoundMethodHandle$Species_LLLLLL done
Event: 9.898 Loading class java/lang/invoke/BoundMethodHandle$Species_LLLLLLL
Event: 9.898 Loading class java/lang/invoke/BoundMethodHandle$Species_LLLLLLL done
Event: 9.931 Loading class java/util/function/IntUnaryOperator
Event: 9.931 Loading class java/util/function/IntUnaryOperator done
Event: 10.456 Loading class java/lang/ArrayIndexOutOfBoundsException
Event: 10.457 Loading class java/lang/ArrayIndexOutOfBoundsException done
Event: 10.867 Loading class java/util/AbstractList$Itr
Event: 10.868 Loading class java/util/AbstractList$Itr done

Classes unloaded (0 events):
No events

Classes redefined (0 events):
No events

Internal exceptions (20 events):
Event: 0.656 Thread 0x0000011b35c50cd0 Exception <a 'java/lang/NullPointerException'{0x0000000083862028}> (0x0000000083862028) 
thrown [s\src\hotspot\share\interpreter\linkResolver.cpp, line 1372]
Event: 0.962 Thread 0x0000011b35c50cd0 Exception <a 'java/lang/NoSuchMethodError'{0x00000000831ccb88}: 'int java.lang.invoke.DirectMethodHandle$Holder.invokeSpecial(java.lang.Object, java.lang.Object, java.lang.Object)'> (0x00000000831ccb88) 
thrown [s\src\hotspot\share\interpreter\linkResolver.cpp, line 773]
Event: 0.963 Thread 0x0000011b35c50cd0 Exception <a 'java/lang/NoSuchMethodError'{0x00000000831d7440}: 'void java.lang.invoke.DelegatingMethodHandle$Holder.reinvoke_L(java.lang.Object, java.lang.Object, int)'> (0x00000000831d7440) 
thrown [s\src\hotspot\share\interpreter\linkResolver.cpp, line 773]
Event: 0.964 Thread 0x0000011b35c50cd0 Exception <a 'java/lang/NoSuchMethodError'{0x00000000831ddde0}: 'int java.lang.invoke.Invokers$Holder.invokeExact_MT(java.lang.Object, java.lang.Object, java.lang.Object)'> (0x00000000831ddde0) 
thrown [s\src\hotspot\share\interpreter\linkResolver.cpp, line 773]
Event: 0.969 Thread 0x0000011b35c50cd0 Exception <a 'java/lang/NoSuchMethodError'{0x00000000831eeb00}: 'void java.lang.invoke.Invokers$Holder.invokeExact_MT(java.lang.Object, java.lang.Object, java.lang.Object, java.lang.Object)'> (0x00000000831eeb00) 
thrown [s\src\hotspot\share\interpreter\linkResolver.cpp, line 773]
Event: 1.055 Thread 0x0000011b35c50cd0 Exception <a 'java/lang/NoSuchMethodError'{0x0000000082f544c0}: 'void java.lang.invoke.DirectMethodHandle$Holder.invokeVirtual(java.lang.Object, java.lang.Object)'> (0x0000000082f544c0) 
thrown [s\src\hotspot\share\interpreter\linkResolver.cpp, line 773]
Event: 1.314 Thread 0x0000011b35c50cd0 Exception <a 'java/lang/NoSuchMethodError'{0x0000000082961880}: 'java.lang.Object java.lang.invoke.DirectMethodHandle$Holder.invokeStaticInit(java.lang.Object, java.lang.Object, java.lang.Object)'> (0x0000000082961880) 
thrown [s\src\hotspot\share\interpreter\linkResolver.cpp, line 773]
Event: 1.322 Thread 0x0000011b35c50cd0 Exception <a 'java/lang/NoClassDefFoundError'{0x0000000082988870}: org/apache/logging/log4j/spi/LoggerAdapter> (0x0000000082988870) 
thrown [s\src\hotspot\share\classfile\systemDictionary.cpp, line 301]
Event: 1.405 Thread 0x0000011b35c50cd0 Exception <a 'java/lang/ClassNotFoundException'{0x0000000083f571f8}: com/sun/org/apache/xerces/internal/impl/xpath/regex/spi/messageProvider> (0x0000000083f571f8) 
thrown [s\src\hotspot\share\classfile\systemDictionary.cpp, line 312]
Event: 1.741 Thread 0x0000011b35c50cd0 Exception <a 'java/lang/NoSuchMethodError'{0x00000000836f66a0}: 'java.lang.Object java.lang.invoke.DirectMethodHandle$Holder.invokeInterface(java.lang.Object, java.lang.Object)'> (0x00000000836f66a0) 
thrown [s\src\hotspot\share\interpreter\linkResolver.cpp, line 773]
Event: 1.742 Thread 0x0000011b35c50cd0 Exception <a 'java/lang/IncompatibleClassChangeError'{0x00000000836f9c78}: Found class java.lang.Object, but interface was expected> (0x00000000836f9c78) 
thrown [s\src\hotspot\share\interpreter\linkResolver.cpp, line 840]
Event: 1.956 Thread 0x0000011b35c50cd0 Exception <a 'java/lang/NoSuchMethodError'{0x0000000083f44d40}: 'java.lang.Object java.lang.invoke.Invokers$Holder.invokeExact_MT(java.lang.Object, java.lang.Object, java.lang.Object, java.lang.Object, java.lang.Object, java.lang.Object)'> (0x0000000083f44d40) 
thrown [s\src\hotspot\share\interpreter\linkResolver.cpp, line 773]
Event: 2.035 Thread 0x0000011b35c50cd0 Exception <a 'java/lang/NoSuchMethodError'{0x0000000083e420f0}: 'int java.lang.invoke.DirectMethodHandle$Holder.invokeVirtual(java.lang.Object, java.lang.Object, java.lang.Object)'> (0x0000000083e420f0) 
thrown [s\src\hotspot\share\interpreter\linkResolver.cpp, line 773]
Event: 2.088 Thread 0x0000011b35c50cd0 Exception <a 'java/lang/NoSuchMethodError'{0x0000000083b27538}: 'void java.lang.invoke.DirectMethodHandle$Holder.invokeInterface(java.lang.Object, java.lang.Object, java.lang.Object)'> (0x0000000083b27538) 
thrown [s\src\hotspot\share\interpreter\linkResolver.cpp, line 773]
Event: 2.136 Thread 0x0000011b35c50cd0 Exception <a 'java/lang/NoSuchMethodError'{0x0000000083a11278}: 'java.lang.Object java.lang.invoke.DirectMethodHandle$Holder.invokeVirtual(java.lang.Object, java.lang.Object, java.lang.Object)'> (0x0000000083a11278) 
thrown [s\src\hotspot\share\interpreter\linkResolver.cpp, line 773]
Event: 5.391 Thread 0x0000011b35c50cd0 Implicit null exception at 0x0000011b402a9e83 to 0x0000011b402a9eb4
Event: 9.229 Thread 0x0000011b35c50cd0 Exception <a 'java/lang/NoSuchMethodError'{0x000000008fadb3c0}: 'java.lang.Object java.lang.invoke.DirectMethodHandle$Holder.invokeStaticInit(java.lang.Object, java.lang.Object, java.lang.Object, java.lang.Object)'> (0x000000008fadb3c0) 
thrown [s\src\hotspot\share\interpreter\linkResolver.cpp, line 773]
Event: 11.068 Thread 0x0000011b35c50cd0 Implicit null exception at 0x0000011b403bc12b to 0x0000011b403bdfc4
Event: 11.070 Thread 0x0000011b35c50cd0 Implicit null exception at 0x0000011b401f019a to 0x0000011b401f0518
Event: 16.468 Thread 0x0000011b35c50cd0 Exception <a 'java/lang/NoSuchMethodError'{0x0000000091eefaa0}: 'java.lang.Object java.lang.invoke.DirectMethodHandle$Holder.invokeSpecial(java.lang.Object, java.lang.Object, java.lang.Object, int, java.lang.Object)'> (0x0000000091eefaa0) 
thrown [s\src\hotspot\share\interpreter\linkResolver.cpp, line 773]

ZGC Phase Switch (0 events):
No events

VM Operations (20 events):
Event: 14.882 Executing non-safepoint VM operation: HandshakeAllThreads (Deoptimize) done
Event: 15.886 Executing safepoint VM operation: Cleanup
Event: 15.965 Executing safepoint VM operation: Cleanup done
Event: 16.107 Executing safepoint VM operation: G1CollectForAllocation (G1 Evacuation Pause)
Event: 16.156 Executing safepoint VM operation: G1CollectForAllocation (G1 Evacuation Pause) done
Event: 16.464 Executing non-safepoint VM operation: HandshakeAllThreads (Deoptimize)
Event: 16.464 Executing non-safepoint VM operation: HandshakeAllThreads (Deoptimize) done
Event: 16.509 Executing safepoint VM operation: G1CollectForAllocation (G1 Evacuation Pause)
Event: 16.541 Executing safepoint VM operation: G1CollectForAllocation (G1 Evacuation Pause) done
Event: 17.542 Executing safepoint VM operation: Cleanup
Event: 17.701 Executing safepoint VM operation: Cleanup done
Event: 17.763 Executing safepoint VM operation: G1TryInitiateConcMark (G1 Humongous Allocation)
Event: 17.784 Executing safepoint VM operation: G1TryInitiateConcMark (G1 Humongous Allocation) done
Event: 18.223 Executing safepoint VM operation: G1PauseRemark
Event: 18.226 Executing safepoint VM operation: G1PauseRemark done
Event: 18.447 Executing safepoint VM operation: G1PauseCleanup
Event: 18.447 Executing safepoint VM operation: G1PauseCleanup done
Event: 18.719 Executing safepoint VM operation: G1CollectForAllocation (G1 Evacuation Pause)
Event: 18.739 Executing safepoint VM operation: G1CollectForAllocation (G1 Evacuation Pause) done
Event: 19.376 Executing safepoint VM operation: G1CollectForAllocation (G1 Evacuation Pause)

Memory protections (0 events):
No events

Nmethod flushes (20 events):
Event: 18.226 Thread 0x0000011b4cbd11f0 flushing  nmethod 0x0000011b388fe710
Event: 18.226 Thread 0x0000011b4cbd11f0 flushing  nmethod 0x0000011b38925690
Event: 18.226 Thread 0x0000011b4cbd11f0 flushing  nmethod 0x0000011b38975390
Event: 18.226 Thread 0x0000011b4cbd11f0 flushing  nmethod 0x0000011b38976010
Event: 18.226 Thread 0x0000011b4cbd11f0 flushing  nmethod 0x0000011b38979c10
Event: 18.226 Thread 0x0000011b4cbd11f0 flushing  nmethod 0x0000011b3897c490
Event: 18.226 Thread 0x0000011b4cbd11f0 flushing  nmethod 0x0000011b38982690
Event: 18.226 Thread 0x0000011b4cbd11f0 flushing  nmethod 0x0000011b38982b10
Event: 18.226 Thread 0x0000011b4cbd11f0 flushing  nmethod 0x0000011b3898a310
Event: 18.226 Thread 0x0000011b4cbd11f0 flushing  nmethod 0x0000011b3898ab90
Event: 18.226 Thread 0x0000011b4cbd11f0 flushing  nmethod 0x0000011b38a28c10
Event: 18.226 Thread 0x0000011b4cbd11f0 flushing  nmethod 0x0000011b38a4a310
Event: 18.226 Thread 0x0000011b4cbd11f0 flushing  nmethod 0x0000011b38a94590
Event: 18.226 Thread 0x0000011b4cbd11f0 flushing  nmethod 0x0000011b38a9d490
Event: 18.226 Thread 0x0000011b4cbd11f0 flushing  nmethod 0x0000011b38a9da90
Event: 18.226 Thread 0x0000011b4cbd11f0 flushing  nmethod 0x0000011b38aebb90
Event: 18.226 Thread 0x0000011b4cbd11f0 flushing  nmethod 0x0000011b38af1710
Event: 18.226 Thread 0x0000011b4cbd11f0 flushing  nmethod 0x0000011b38c0a690
Event: 18.226 Thread 0x0000011b4cbd11f0 flushing  nmethod 0x0000011b38c1e690
Event: 18.226 Thread 0x0000011b4cbd11f0 flushing  nmethod 0x0000011b38c31c90

Events (20 events):
Event: 0.725 Thread 0x0000011b4cc5d040 Thread added: 0x0000011b517e9450
Event: 1.851 Thread 0x0000011b4cc5d040 Thread added: 0x0000011b52b21370
Event: 2.502 Thread 0x0000011b517e9450 Thread exited: 0x0000011b517e9450
Event: 2.502 Thread 0x0000011b52b21370 Thread exited: 0x0000011b52b21370
Event: 2.528 Thread 0x0000011b4cc5d040 Thread added: 0x0000011b520df660
Event: 2.533 Thread 0x0000011b4cc5d040 Thread added: 0x0000011b527a3980
Event: 6.457 Thread 0x0000011b527a3980 Thread exited: 0x0000011b527a3980
Event: 6.499 Thread 0x0000011b520df660 Thread exited: 0x0000011b520df660
Event: 6.642 Thread 0x0000011b4cc5d040 Thread added: 0x0000011b527a3b50
Event: 6.645 Thread 0x0000011b4cc5d040 Thread added: 0x0000011b54431090
Event: 14.034 Thread 0x0000011b54431090 Thread exited: 0x0000011b54431090
Event: 14.312 Thread 0x0000011b527a3b50 Thread exited: 0x0000011b527a3b50
Event: 14.886 Thread 0x0000011b4cc5d040 Thread added: 0x0000011b5459e010
Event: 14.896 Thread 0x0000011b4cc5bcf0 Thread added: 0x0000011b539ccf70
Event: 16.402 Thread 0x0000011b539ccf70 Thread exited: 0x0000011b539ccf70
Event: 16.402 Thread 0x0000011b5459e010 Thread exited: 0x0000011b5459e010
Event: 16.475 Thread 0x0000011b4cc5d040 Thread added: 0x0000011b54431090
Event: 16.475 Thread 0x0000011b4cc5d040 Thread added: 0x0000011b539dee30
Event: 18.607 Thread 0x0000011b539dee30 Thread exited: 0x0000011b539dee30
Event: 19.324 Thread 0x0000011b54431090 Thread exited: 0x0000011b54431090


Dynamic libraries:
0x00007ff617c80000 - 0x00007ff617c8e000 	c:\Users\vi_ba\.vscode\extensions\ltex-plus.vscode-ltex-plus-15.7.1\lib\ltex-ls-plus-18.7.0\jdk-21.0.10+7\bin\java.exe
0x00007ffa40060000 - 0x00007ffa402c6000 	C:\WINDOWS\SYSTEM32\ntdll.dll
0x00007ffa3e520000 - 0x00007ffa3e5e9000 	C:\WINDOWS\System32\KERNEL32.DLL
0x00007ffa3d550000 - 0x00007ffa3d94f000 	C:\WINDOWS\System32\KERNELBASE.dll
0x00007ffa3d270000 - 0x00007ffa3d3bc000 	C:\WINDOWS\System32\ucrtbase.dll
0x00007ffa35970000 - 0x00007ffa3598e000 	c:\Users\vi_ba\.vscode\extensions\ltex-plus.vscode-ltex-plus-15.7.1\lib\ltex-ls-plus-18.7.0\jdk-21.0.10+7\bin\VCRUNTIME140.dll
0x00007ffa30870000 - 0x00007ffa30888000 	c:\Users\vi_ba\.vscode\extensions\ltex-plus.vscode-ltex-plus-15.7.1\lib\ltex-ls-plus-18.7.0\jdk-21.0.10+7\bin\jli.dll
0x00007ffa25e60000 - 0x00007ffa260f1000 	C:\WINDOWS\WinSxS\amd64_microsoft.windows.common-controls_6595b64144ccf1df_6.0.26100.8972_none_3e0da176e32f9d4b\COMCTL32.dll
0x00007ffa3ecd0000 - 0x00007ffa3ee96000 	C:\WINDOWS\System32\USER32.dll
0x00007ffa3df20000 - 0x00007ffa3dfc9000 	C:\WINDOWS\System32\msvcrt.dll
0x00007ffa3dea0000 - 0x00007ffa3decb000 	C:\WINDOWS\System32\GDI32.dll
0x00007ffa3da10000 - 0x00007ffa3da37000 	C:\WINDOWS\System32\win32u.dll
0x00007ffa3dad0000 - 0x00007ffa3dbf9000 	C:\WINDOWS\System32\gdi32full.dll
0x00007ffa3d960000 - 0x00007ffa3da03000 	C:\WINDOWS\System32\msvcp_win.dll
0x00007ffa3e3a0000 - 0x00007ffa3e3d2000 	C:\WINDOWS\System32\IMM32.DLL
0x00007ffa36e40000 - 0x00007ffa36e4c000 	c:\Users\vi_ba\.vscode\extensions\ltex-plus.vscode-ltex-plus-15.7.1\lib\ltex-ls-plus-18.7.0\jdk-21.0.10+7\bin\vcruntime140_1.dll
0x00007ffa307e0000 - 0x00007ffa3086d000 	c:\Users\vi_ba\.vscode\extensions\ltex-plus.vscode-ltex-plus-15.7.1\lib\ltex-ls-plus-18.7.0\jdk-21.0.10+7\bin\msvcp140.dll
0x00007ff9abe90000 - 0x00007ff9acc31000 	c:\Users\vi_ba\.vscode\extensions\ltex-plus.vscode-ltex-plus-15.7.1\lib\ltex-ls-plus-18.7.0\jdk-21.0.10+7\bin\server\jvm.dll
0x00007ffa3efe0000 - 0x00007ffa3f09c000 	C:\WINDOWS\System32\ADVAPI32.dll
0x00007ffa3e790000 - 0x00007ffa3e83a000 	C:\WINDOWS\System32\sechost.dll
0x00007ffa3f2a0000 - 0x00007ffa3f3b8000 	C:\WINDOWS\System32\RPCRT4.dll
0x00007ffa3e3e0000 - 0x00007ffa3e462000 	C:\WINDOWS\System32\WS2_32.dll
0x00007ffa3bd90000 - 0x00007ffa3bdee000 	C:\WINDOWS\SYSTEM32\POWRPROF.dll
0x00007ffa2e730000 - 0x00007ffa2e766000 	C:\WINDOWS\SYSTEM32\WINMM.dll
0x00007ffa349f0000 - 0x00007ffa349fb000 	C:\WINDOWS\SYSTEM32\VERSION.dll
0x00007ffa3bd70000 - 0x00007ffa3bd85000 	C:\WINDOWS\SYSTEM32\UMPDC.dll
0x00007ffa3c060000 - 0x00007ffa3c07b000 	C:\WINDOWS\SYSTEM32\kernel.appcore.dll
0x00007ffa307d0000 - 0x00007ffa307da000 	c:\Users\vi_ba\.vscode\extensions\ltex-plus.vscode-ltex-plus-15.7.1\lib\ltex-ls-plus-18.7.0\jdk-21.0.10+7\bin\jimage.dll
0x00007ffa3a860000 - 0x00007ffa3aaa2000 	C:\WINDOWS\SYSTEM32\DBGHELP.DLL
0x00007ffa3fb60000 - 0x00007ffa3fee5000 	C:\WINDOWS\System32\combase.dll
0x00007ffa3dd90000 - 0x00007ffa3de69000 	C:\WINDOWS\System32\OLEAUT32.dll
0x00007ffa08c20000 - 0x00007ffa08c5b000 	C:\WINDOWS\SYSTEM32\dbgcore.DLL
0x00007ffa3d3d0000 - 0x00007ffa3d47c000 	C:\WINDOWS\System32\bcryptPrimitives.dll
0x00007ffa307b0000 - 0x00007ffa307d0000 	c:\Users\vi_ba\.vscode\extensions\ltex-plus.vscode-ltex-plus-15.7.1\lib\ltex-ls-plus-18.7.0\jdk-21.0.10+7\bin\java.dll
0x00007ffa30790000 - 0x00007ffa307a8000 	c:\Users\vi_ba\.vscode\extensions\ltex-plus.vscode-ltex-plus-15.7.1\lib\ltex-ls-plus-18.7.0\jdk-21.0.10+7\bin\zip.dll
0x00007ffa3f3d0000 - 0x00007ffa3fb58000 	C:\WINDOWS\System32\SHELL32.dll
0x00007ffa3ad20000 - 0x00007ffa3b5bb000 	C:\WINDOWS\SYSTEM32\windows.storage.dll
0x00007ffa3e2a0000 - 0x00007ffa3e399000 	C:\WINDOWS\System32\SHCORE.dll
0x00007ffa3e030000 - 0x00007ffa3e096000 	C:\WINDOWS\System32\shlwapi.dll
0x00007ffa3d190000 - 0x00007ffa3d1b9000 	C:\WINDOWS\SYSTEM32\profapi.dll
0x00007ffa2efb0000 - 0x00007ffa2f087000 	c:\Users\vi_ba\.vscode\extensions\ltex-plus.vscode-ltex-plus-15.7.1\lib\ltex-ls-plus-18.7.0\jdk-21.0.10+7\bin\jsvml.dll
0x00007ffa30780000 - 0x00007ffa30790000 	C:\Users\vi_ba\.vscode\extensions\ltex-plus.vscode-ltex-plus-15.7.1\lib\ltex-ls-plus-18.7.0\jdk-21.0.10+7\bin\net.dll
0x00007ffa34e90000 - 0x00007ffa34fb8000 	C:\WINDOWS\SYSTEM32\WINHTTP.dll
0x00007ffa3c630000 - 0x00007ffa3c69c000 	C:\WINDOWS\system32\mswsock.dll
0x00007ffa30760000 - 0x00007ffa30776000 	C:\Users\vi_ba\.vscode\extensions\ltex-plus.vscode-ltex-plus-15.7.1\lib\ltex-ls-plus-18.7.0\jdk-21.0.10+7\bin\nio.dll
0x00007ffa304d0000 - 0x00007ffa304f4000 	C:\Temp\jansi-2.4.3-96294edc90822aa6-jansi.dll
0x00007ffa304a0000 - 0x00007ffa304b0000 	c:\Users\vi_ba\.vscode\extensions\ltex-plus.vscode-ltex-plus-15.7.1\lib\ltex-ls-plus-18.7.0\jdk-21.0.10+7\bin\verify.dll

JVMTI agents: none

dbghelp: loaded successfully - version: 4.0.5 - missing functions: none
symbol engine: initialized successfully - sym options: 0x614 - pdb path: .;c:\Users\vi_ba\.vscode\extensions\ltex-plus.vscode-ltex-plus-15.7.1\lib\ltex-ls-plus-18.7.0\jdk-21.0.10+7\bin;C:\WINDOWS\SYSTEM32;C:\WINDOWS\WinSxS\amd64_microsoft.windows.common-controls_6595b64144ccf1df_6.0.26100.8972_none_3e0da176e32f9d4b;c:\Users\vi_ba\.vscode\extensions\ltex-plus.vscode-ltex-plus-15.7.1\lib\ltex-ls-plus-18.7.0\jdk-21.0.10+7\bin\server;C:\Temp

VM Arguments:
jvm_args: -Xms64m -Xmx2048m -Dapp.name=ltex-ls-plus -Dapp.repo=c:\Users\vi_ba\.vscode\extensions\ltex-plus.vscode-ltex-plus-15.7.1\lib\ltex-ls-plus-18.7.0\lib -Dapp.home=c:\Users\vi_ba\.vscode\extensions\ltex-plus.vscode-ltex-plus-15.7.1\lib\ltex-ls-plus-18.7.0 -Dbasedir=c:\Users\vi_ba\.vscode\extensions\ltex-plus.vscode-ltex-plus-15.7.1\lib\ltex-ls-plus-18.7.0 
java_command: org.bsplines.ltexls.LtexLanguageServerLauncher
java_class_path (initial): c:\Users\vi_ba\.vscode\extensions\ltex-plus.vscode-ltex-plus-15.7.1\lib\ltex-ls-plus-18.7.0\etc;c:\Users\vi_ba\.vscode\extensions\ltex-plus.vscode-ltex-plus-15.7.1\lib\ltex-ls-plus-18.7.0\lib\aho-corasick-double-array-trie-1.2.2.jar;c:\Users\vi_ba\.vscode\extensions\ltex-plus.vscode-ltex-plus-15.7.1\lib\ltex-ls-plus-18.7.0\lib\angus-activation-2.0.2.jar;c:\Users\vi_ba\.vscode\extensions\ltex-plus.vscode-ltex-plus-15.7.1\lib\ltex-ls-plus-18.7.0\lib\animal-sniffer-annotations-1.24.jar;c:\Users\vi_ba\.vscode\extensions\ltex-plus.vscode-ltex-plus-15.7.1\lib\ltex-ls-plus-18.7.0\lib\annotations-12.0.jar;c:\Users\vi_ba\.vscode\extensions\ltex-plus.vscode-ltex-plus-15.7.1\lib\ltex-ls-plus-18.7.0\lib\annotations-13.0.jar;c:\Users\vi_ba\.vscode\extensions\ltex-plus.vscode-ltex-plus-15.7.1\lib\ltex-ls-plus-18.7.0\lib\annotations-4.1.1.4.jar;c:\Users\vi_ba\.vscode\extensions\ltex-plus.vscode-ltex-plus-15.7.1\lib\ltex-ls-plus-18.7.0\lib\asturian-pos-dict-0.1.jar;c:\Users\vi_ba\.vscode\extensions\ltex-plus.vscode-ltex-plus-15.7.1\lib\ltex-ls-plus-18.7.0\lib\catalan-pos-dict-3.3.jar;c:\Users\vi_ba\.vscode\extensions\ltex-plus.vscode-ltex-plus-15.7.1\lib\ltex-ls-plus-18.7.0\lib\commons-digester-2.1.jar;c:\Users\vi_ba\.vscode\extensions\ltex-plus.vscode-ltex-plus-15.7.1\lib\ltex-ls-plus-18.7.0\lib\commons-lang3-3.18.0.jar;c:\Users\vi_ba\.vscode\extensions\ltex-plus.vscode-ltex-plus-15.7.1\lib\ltex-ls-plus-18.7.0\lib\commons-logging-1.3.4.jar;c:\Users\vi_ba\.vscode\extensions\ltex-plus.vscode-ltex-plus-15.7.1\lib\ltex-ls-plus-18.7.0\lib\commons-pool2-2.12.0.jar;c:\Users\vi_ba\.vscode\extensions\ltex-plus.vscode-ltex-plus-15.7.1\lib\ltex-ls-plus-18.7.0\lib\commons-text-1.12.0.jar;c:\Users\vi_ba\.vscode\extensions\ltex-plus.vscode-ltex-plus-15.7.1\lib\ltex-ls-plus-18.7.0\lib\commons-validator-1.9.0.jar;c:\Users\vi_ba\.vscode\extensions\ltex-plus.vscode-ltex-plus-15.7.1\lib\ltex-ls-plus-18.7.0\lib\dutch-pos-dict-0.1.jar;c:\Users\vi_ba\.vscode\extensions\ltex-plus.vscode-ltex-plus-15.7.1\lib\ltex-ls-plus-18.7.0\lib\english-pos-dict-0.6.jar;c:\Users\vi_ba\.vscode\extensions\ltex-plus.vscode-ltex-plus-15.7.1\lib\ltex-ls-plus-18.7.0\lib\error_prone_annotations-2.48.0.jar;c:\Users\vi_ba\.vscode\extensions\ltex-plus.vscode-ltex-plus-15.7.1\lib\ltex-ls-plus-18.7.0\lib\failureaccess-1.0.3.jar;c:\Users\vi_ba\.vscode\extensions\ltex-plus.vscode-ltex-plus-15.7.1\lib\ltex-ls-plus-18.7.0\lib\fastutil-core-8.5.14.jar;c:\Users\vi_ba\.vscode\extensions\ltex-plus.vscode-ltex-plus-15.7.1\lib\ltex-ls-plus-18.7.0\lib\flexmark-0.64.8.jar;c:\Users\vi_ba\.vscode\extensions\ltex-plus.vscode-ltex-plus-15.7.1\lib\ltex-ls-plus-18.7.0\lib\flexmark-ext-definition-0.64.8.jar;c:\Users\vi_ba\.vscode\extensions\ltex-plus.vscode-ltex-plus-15.7.1\lib\ltex-ls-plus-18.7.0\lib\flexmark-ext-gfm-strikethrough-0.64.8.jar;c:\Users\vi_ba\.vscode\extensions\ltex-plus.vscode-ltex-plus-15.7.1\lib\ltex-ls-plus-18.7.0\lib\flexmark-ext-gitlab-0.64.8.jar;c:\Users\vi_ba\.vscode\extensions\ltex-plus.vscode-ltex-plus-15.7.1\lib\ltex-ls-plus-18.7.0\lib\flexmark-ext-tables-0.64.8.jar;c:\Users\vi_ba\.vscode\extensions\ltex-plus.vscode-ltex-plus-15.7.1\lib\ltex-ls-plus-18.7.0\lib\flexmark-ext-yaml-front-matter-0.64.8.jar;c:\Users\vi_ba\.vscode\extensions\ltex-plus.vscode-ltex-plus-15.7.1\lib\ltex-ls-plus-18.7.0\lib\flexmark-test-util-0.64.8.jar;c:\Users\vi_ba\.vscode\extensions\ltex-plus.vscode-ltex-plus-15.7.1\lib\ltex-ls-plus-18.7.0\lib\flexmark-util-0.64.8.jar;c:\Users\vi_ba\.vscode\extensions\ltex-plus.vscode-ltex-plus-15.7.1\lib\ltex-ls-plus-18.7.0\lib\flexmark-util-ast-0.64.8.jar;c:\Users\vi_ba\.vscode\extensions\ltex-plus.vscode-ltex-plus-15.7.1\lib\ltex-ls-plus-18.7.0\lib\flexmark-util-builder-0.64.8.jar;c:\Users\vi_ba\.vscode\extensions\ltex-plus.vscode-ltex-plus-15.7.1\lib\ltex-ls-plus-18.7.0\lib\flexmark-util-collection-0.64.8.jar;c:\Users\vi_ba\.vscode\extensions\ltex-plus.vscode-ltex-plus-15.7.1\lib\ltex-ls-plus-18.7.0\lib\flexmark-util-data-0.64.8.jar;c:\Users\vi_ba\.vscode\extensions\ltex-plus.vscode-ltex-plus-15.7.1\lib\ltex-ls-plus-18.7.0\lib\flexmark-util-dependency-0.64.8.jar;c:\Users\vi_ba\.vscode\extensions\ltex-plus.vscode-ltex-plus-15.7.1\lib\ltex-ls-plus-18.7.0\lib\flexmark-util-format-0.64.8.jar;c:\Users\vi_ba\.vscode\extensions\ltex-plus.vscode-ltex-plus-15.7.1\lib\ltex-ls-plus-18.7.0\lib\flexmark-util-html-0.64.8.jar;c:\Users\vi_ba\.vscode\extensions\ltex-plus.vscode-ltex-plus-15.7.1\lib\ltex-ls-plus-18.7.0\lib\flexmark-util-misc-0.64.8.jar;c:\Users\vi_ba\.vscode\extensions\ltex-plus.vscode-ltex-plus-15.7.1\lib\ltex-ls-plus-18.7.0\lib\flexmark-util-options-0.64.8.jar;c:\Users\vi_ba\.vscode\extensions\ltex-plus.vscode-ltex-plus-15.7.1\lib\ltex-ls-plus-18.7.0\lib\flexmark-util-sequence-0.64.8.jar;c:\Users\vi_ba\.vscode\extensions\ltex-plus.vscode-ltex-plus-15.7.1\lib\ltex-ls-plus-18.7.0\lib\flexmark-util-visitor-0.64.8.jar;c:\Users\vi_ba\.vscode\extensions\ltex-plus.vscode-ltex-plus-15.7.1\lib\ltex-ls-plus-18.7.0\lib\french-pos-dict-0.7.jar;c:\Users\vi_ba\.vscode\extensions\ltex-plus.vscode-ltex-plus-15.7.1\lib\ltex-ls-plus-18.7.0\lib\german-pos-dict-1.2.4.jar;c:\Users\vi_ba\.vscode\extensions\ltex-plus.vscode-ltex-plus-15.7.1\lib\ltex-ls-plus-18.7.0\lib\grpc-api-1.75.0.jar;c:\Users\vi_ba\.vscode\extensions\ltex-plus.vscode-ltex-plus-15.7.1\lib\ltex-ls-plus-18.7.0\lib\grpc-context-1.75.0.jar;c:\Users\vi_ba\.vscode\extensions\ltex-plus.vscode-ltex-plus-15.7.1\lib\ltex-ls-plus-18.7.0\lib\grpc-core-1.75.0.jar;c:\Users\vi_ba\.vscode\extensions\ltex-plus.vscode-ltex-plus-15.7.1\lib\ltex-ls-plus-18.7.0\lib\grpc-netty-shaded-1.75.0.jar;c:\Users\vi_ba\.vscode\extensions\ltex-plus.vscode-ltex-plus-15.7.1\lib\ltex-ls-plus-18.7.0\lib\grpc-protobuf-1.75.0.jar;c:\Users\vi_ba\.vscode\extensions\ltex-plus.vscode-ltex-plus-15.7.1\lib\ltex-ls-plus-18.7.0\lib\grpc-protobuf-lite-1.75.0.jar;c:\Users\vi_ba\.vscode\extensions\ltex-plus.vscode-ltex-plus-15.7.1\lib\ltex-ls-plus-18.7.0\lib\grpc-stub-1.75.0.jar;c:\Users\vi_ba\.vscode\extensions\ltex-plus.vscode-ltex-plus-15.7.1\lib\ltex-ls-plus-18.7.0\lib\grpc-util-1.75.0.jar;c:\Users\vi_ba\.vscode\extensions\ltex-plus.vscode-ltex-plus-15.7.1\lib\ltex-ls-plus-18.7.0\lib\gson-2.14.0.jar;c:\Users\vi_ba\.vscode\extensions\ltex-plus.vscode-ltex-plus-15.7.1\lib\ltex-ls-plus-18.7.0\lib\guava-33.5.0-jre.jar;c:\Users\vi_ba\.vscode\extensions\ltex-plus.vscode-ltex-plus-15.7.1\lib\ltex-ls-plus-18.7.0\lib\hamcrest-core-1.3.jar;c:\Users\vi_ba\.vscode\extensions\ltex-plus.vscode-ltex-plus-15.7.1\lib\ltex-ls-plus-18.7.0\lib\hanlp-portable-1.8.2.jar;c:\Users\vi_ba\.vscode\extensions\ltex-plus.vscode-ltex-plus-15.7.1\lib\ltex-ls-plus-18.7.0\lib\HdrHistogram-2.1.12.jar;c:\Users\vi_ba\.vscode\extensions\ltex-plus.vscode-ltex-plus-15.7.1\lib\ltex-ls-plus-18.7.0\lib\hppc-0.8.2.jar;c:\Users\vi_ba\.vscode\extensions\ltex-plus.vscode-ltex-plus-15.7.1\lib\ltex-ls-plus-18.7.0\lib\hunspell-2.1.2.jar;c:\Users\vi_ba\.vscode\extensions\ltex-plus.vscode-ltex-plus-15.7.1\lib\ltex-ls-plus-18.7.0\lib\icu4j-77.1.jar;c:\Users\vi_ba\.vscode\extensions\ltex-plus.vscode-ltex-plus-15.7.1\lib\ltex-ls-plus-18.7.0\lib\indriya-1.3.jar;c:\Users\vi_ba\.vscode\extensions\ltex-plus.vscode-ltex-plus-15.7.1\lib\ltex-ls-plus-18.7.0\lib\istack-commons-runtime-4.1.2.jar;c:\Users\vi_ba\.vscode\extensions\ltex-plus.vscode-ltex-plus-15.7.1\lib\ltex-ls-plus-18.7.0\lib\j2objc-annotations-3.1.jar;c:\Users\vi_ba\.vscode\extensions\ltex-plus.vscode-ltex-plus-15.7.1\lib\ltex-ls-plus-18.7.0\lib\jackson-annotations-2.18.0.jar;c:\Users\vi_ba\.vscode\extensions\ltex-plus.vscode-ltex-plus-15.7.1\lib\ltex-ls-plus-18.7.0\lib\jackson-core-2.18.0.jar;c:\Users\vi_ba\.vscode\extensions\ltex-plus.vscode-ltex-plus-15.7.1\lib\ltex-ls-plus-18.7.0\lib\jackson-databind-2.18.0.jar;c:\Users\vi_ba\.vscode\extensions\ltex-plus.vscode-ltex-plus-15.7.1\lib\ltex-ls-plus-18.7.0\lib\jakarta.activation-1.2.2.jar;c:\Users\vi_ba\.vscode\extensions\ltex-plus.vscode-ltex-plus-15.7.1\lib\ltex-ls-plus-18.7.0\lib\jakarta.activation-api-2.1.3.jar;c:\Users\vi_ba\.vscode\extensions\ltex-plus.vscode-ltex-plus-15.7.1\lib\ltex-ls-plus-18.7.0\lib\jakarta.xml.bind-api-2.3.3.jar;c:\Users\vi_ba\.vscode\extensions\ltex-plus.vscode-ltex-plus-15.7.1\lib\ltex-ls-plus-18.7.0\lib\jansi-2.4.3.jar;c:\Users\vi_ba\.vscode\extensions\ltex-plus.vscode-ltex-plus-15.7.1\lib\ltex-ls-plus-18.7.0\lib\java-diff-utils-4.12.jar;c:\Users\vi_ba\.vscode\extensions\ltex-plus.vscode-ltex-plus-15.7.1\lib\ltex-ls-plus-18.7.0\lib\javax.activation-api-1.2.0.jar;c:\Users\vi_ba\.vscode\extensions\ltex-plus.vscode-ltex-plus-15.7.1\lib\ltex-ls-plus-18.7.0\lib\javax.annotation-api-1.3.2.jar;c:\Users\vi_ba\.vscode\extensions\ltex-plus.vscode-ltex-plus-15.7.1\lib\ltex-ls-plus-18.7.0\lib\jaxb-api-2.3.1.jar;c:\Users\vi_ba\.vscode\extensions\ltex-plus.vscode-ltex-plus-15.7.1\lib\ltex-ls-plus-18.7.0\lib\jaxb-core-2.3.0.1.jar;c:\Users\vi_ba\.vscode\extensions\ltex-plus.vscode-ltex-plus-15.7.1\lib\ltex-ls-plus-18.7.0\lib\jaxb-core-4.0.5.jar;c:\Users\vi_ba\.vscode\extensions\ltex-plus.vscode-ltex-plus-15.7.1\lib\ltex-ls-plus-18.7.0\lib\jaxb-impl-2.3.3.jar;c:\Users\vi_ba\.vscode\extensions\ltex-plus.vscode-ltex-plus-15.7.1\lib\ltex-ls-plus-18.7.0\lib\jaxb-runtime-4.0.5.jar;c:\Users\vi_ba\.vscode\extensions\ltex-plus.vscode-ltex-plus-15.7.1\lib\ltex-ls-plus-18.7.0\lib\jna-5.12.1.jar;c:\Users\vi_ba\.vscode\extensions\ltex-plus.vscode-ltex-plus-15.7.1\lib\ltex-ls-plus-18.7.0\lib\jna-platform-5.12.1.jar;c:\Users\vi_ba\.vscode\extensions\ltex-plus.vscode-ltex-plus-15.7.1\lib\ltex-ls-plus-18.7.0\lib\json-20240303.jar;c:\Users\vi_ba\.vscode\extensions\ltex-plus.vscode-ltex-plus-15.7.1\lib\ltex-ls-plus-18.7.0\lib\jsonic-1.2.11.jar;c:\Users\vi_ba\.vscode\extensions\ltex-plus.vscode-ltex-plus-15.7.1\lib\ltex-ls-plus-18.7.0\lib\jspecify-1.0.0.jar;c:\Users\vi_ba\.vscode\extensions\ltex-plus.vscode-ltex-plus-15.7.1\lib\ltex-ls-plus-18.7.0\lib\jsr305-3.0.2.jar;c:\Users\vi_ba\.vscode\extensions\ltex-plus.vscode-ltex-plus-15.7.1\lib\ltex-ls-plus-18.7.0\lib\junit-4.13.2.jar;c:\Users\vi_ba\.vscode\extensions\ltex-plus.vscode-ltex-plus-15.7.1\lib\ltex-ls-plus-18.7.0\lib\jwordsplitter-4.7.jar;c:\Users\vi_ba\.vscode\extensions\ltex-plus.vscode-ltex-plus-15.7.1\lib\ltex-ls-plus-18.7.0\lib\kotlin-stdlib-2.3.21.jar;c:\Users\vi_ba\.vscode\extensions\ltex-plus.vscode-ltex-plus-15.7.1\lib\ltex-ls-plus-18.7.0\lib\language-all-6.8.jar;c:\Users\vi_ba\.vscode\extensions\ltex-plus.vscode-ltex-plus-15.7.1\lib\ltex-ls-plus-18.7.0\lib\language-ar-6.8.jar;c:\Users\vi_ba\.vscode\extensions\ltex-plus.vscode-ltex-plus-15.7.1\lib\ltex-ls-plus-18.7.0\lib\language-ast-6.8.jar;c:\Users\vi_ba\.vscode\extensions\ltex-plus.vscode-ltex-plus-15.7.1\lib\ltex-ls-plus-18.7.0\lib\language-be-6.8.jar;c:\Users\vi_ba\.vscode\extensions\ltex-plus.vscode-ltex-plus-15.7.1\lib\ltex-ls-plus-18.7.0\lib\language-br-6.8.jar;c:\Users\vi_ba\.vscode\extensions\ltex-plus.vscode-ltex-plus-15.7.1\lib\ltex-ls-plus-18.7.0\lib\language-ca-6.8.jar;c:\Users\vi_ba\.vscode\extensions\ltex-plus.vscode-ltex-plus-15.7.1\lib\ltex-ls-plus-18.7.0\lib\language-crh-6.8.jar;c:\Users\vi_ba\.vscode\extensions\ltex-plus.vscode-ltex-plus-15.7.1\lib\ltex-ls-plus-18.7.0\lib\language-da-6.8.jar;c:\Users\vi_ba\.vscode\extensions\ltex-plus.vscode-ltex-plus-15.7.1\lib\ltex-ls-plus-18.7.0\lib\language-de-6.8.jar;c:\Users\vi_ba\.vscode\extensions\ltex-plus.vscode-ltex-plus-15.7.1\lib\ltex-ls-plus-18.7.0\lib\language-de-DE-x-simple-language-6.8.jar;c:\Users\vi_ba\.vscode\extensions\ltex-plus.vscode-ltex-plus-15.7.1\lib\ltex-ls-plus-18.7.0\lib\language-detector-0.6.jar;c:\Users\vi_ba\.vscode\extensions\ltex-plus.vscode-ltex-plus-15.7.1\lib\ltex-ls-plus-18.7.0\lib\language-el-6.8.jar;c:\Users\vi_ba\.vscode\extensions\ltex-plus.vscode-ltex-plus-15.7.1\lib\ltex-ls-plus-18.7.0\lib\language-en-6.8.jar;c:\Users\vi_ba\.vscode\extensions\ltex-plus.vscode-ltex-plus-15.7.1\lib\ltex-ls-plus-18.7.0\lib\language-eo-6.8.jar;c:\Users\vi_ba\.vscode\extensions\ltex-plus.vscode-ltex-plus-15.7.1\lib\ltex-ls-plus-18.7.0\lib\language-es-6.8.jar;c:\Users\vi_ba\.vscode\extensions\ltex-plus.vscode-ltex-plus-15.7.1\lib\ltex-ls-plus-18.7.0\lib\language-fa-6.8.jar;c:\Users\vi_ba\.vscode\extensions\ltex-plus.vscode-ltex-plus-15.7.1\lib\ltex-ls-plus-18.7.0\lib\language-fr-6.8.jar;c:\Users\vi_ba\.vscode\extensions\ltex-plus.vscode-ltex-plus-15.7.1\lib\ltex-ls-plus-18.7.0\lib\language-ga-6.8.jar;c:\Users\vi_ba\.vscode\extensions\ltex-plus.vscode-ltex-plus-15.7.1\lib\ltex-ls-plus-18.7.0\lib\language-gl-6.8.jar;c:\Users\vi_ba\.vscode\extensions\ltex-plus.vscode-ltex-plus-15.7.1\lib\ltex-ls-plus-18.7.0\lib\language-it-6.8.jar;c:\Users\vi_ba\.vscode\extensions\ltex-plus.vscode-ltex-plus-15.7.1\lib\ltex-ls-plus-18.7.0\lib\language-ja-6.8.jar;c:\Users\vi_ba\.vscode\extensions\ltex-plus.vscode-ltex-plus-15.7.1\lib\ltex-ls-plus-18.7.0\lib\language-km-6.8.jar;c:\Users\vi_ba\.vscode\extensions\ltex-plus.vscode-ltex-plus-15.7.1\lib\ltex-ls-plus-18.7.0\lib\language-nl-6.8.jar;c:\Users\vi_ba\.vscode\extensions\ltex-plus.vscode-ltex-plus-15.7.1\lib\ltex-ls-plus-18.7.0\lib\language-pl-6.8.jar;c:\Users\vi_ba\.vscode\extensions\ltex-plus.vscode-ltex-plus-15.7.1\lib\ltex-ls-plus-18.7.0\lib\language-pt-6.8.jar;c:\Users\vi_ba\.vscode\extensions\ltex-plus.vscode-ltex-plus-15.7.1\lib\ltex-ls-plus-18.7.0\lib\language-ro-6.8.jar;c:\Users\vi_ba\.vscode\extensions\ltex-plus.vscode-ltex-plus-15.7.1\lib\ltex-ls-plus-18.7.0\lib\language-ru-6.8.jar;c:\Users\vi_ba\.vscode\extensions\ltex-plus.vscode-ltex-plus-15.7.1\lib\ltex-ls-plus-18.7.0\lib\language-sk-6.8.jar;c:\Users\vi_ba\.vscode\extensions\ltex-plus.vscode-ltex-plus-15.7.1\lib\ltex-ls-plus-18.7.0\lib\language-sl-6.8.jar;c:\Users\vi_ba\.vscode\extensions\ltex-plus.vscode-ltex-plus-15.7.1\lib\ltex-ls-plus-18.7.0\lib\language-sv-6.8.jar;c:\Users\vi_ba\.vscode\extensions\ltex-plus.vscode-ltex-plus-15.7.1\lib\ltex-ls-plus-18.7.0\lib\language-ta-6.8.jar;c:\Users\vi_ba\.vscode\extensions\ltex-plus.vscode-ltex-plus-15.7.1\lib\ltex-ls-plus-18.7.0\lib\language-tl-6.8.jar;c:\Users\vi_ba\.vscode\extensions\ltex-plus.vscode-ltex-plus-15.7.1\lib\ltex-ls-plus-18.7.0\lib\language-uk-6.8.jar;c:\Users\vi_ba\.vscode\extensions\ltex-plus.vscode-ltex-plus-15.7.1\lib\ltex-ls-plus-18.7.0\lib\language-zh-6.8.jar;c:\Users\vi_ba\.vscode\extensions\ltex-plus.vscode-ltex-plus-15.7.1\lib\ltex-ls-plus-18.7.0\lib\languagetool-core-6.8.jar;c:\Users\vi_ba\.vscode\extensions\ltex-plus.vscode-ltex-plus-15.7.1\lib\ltex-ls-plus-18.7.0\lib\languagetool-ga-dicts-0.02.jar;c:\Users\vi_ba\.vscode\extensions\ltex-plus.vscode-ltex-plus-15.7.1\lib\ltex-ls-plus-18.7.0\lib\LatencyUtils-2.0.3.jar;c:\Users\vi_ba\.vscode\extensions\ltex-plus.vscode-ltex-plus-15.7.1\lib\ltex-ls-plus-18.7.0\lib\linguistics.grammardb.spell.languagetool-1.0.2.jar;c:\Users\vi_ba\.vscode\extensions\ltex-plus.vscode-ltex-plus-15.7.1\lib\ltex-ls-plus-18.7.0\lib\listenablefuture-9999.0-empty-to-avoid-conflict-with-guava.jar;c:\Users\vi_ba\.vscode\extensions\ltex-plus.vscode-ltex-plus-15.7.1\lib\ltex-ls-plus-18.7.0\lib\lspcli-2.3.0.jar;c:\Users\vi_ba\.vscode\extensions\ltex-plus.vscode-ltex-plus-15.7.1\lib\ltex-ls-plus-18.7.0\lib\ltexls-plus-18.7.0.jar;c:\Users\vi_ba\.vscode\extensions\ltex-plus.vscode-ltex-plus-15.7.1\lib\ltex-ls-plus-18.7.0\lib\lucene-backward-codecs-5.5.5.jar;c:\Users\vi_ba\.vscode\extensions\ltex-plus.vscode-ltex-plus-15.7.1\lib\ltex-ls-plus-18.7.0\lib\lucene-core-5.5.5.jar;c:\Users\vi_ba\.vscode\extensions\ltex-plus.vscode-ltex-plus-15.7.1\lib\ltex-ls-plus-18.7.0\lib\lucene-gosen-6.2.1-ipadic.jar;c:\Users\vi_ba\.vscode\extensions\ltex-plus.vscode-ltex-plus-15.7.1\lib\ltex-ls-plus-18.7.0\lib\micrometer-core-1.7.12.jar;c:\Users\vi_ba\.vscode\extensions\ltex-plus.vscode-ltex-plus-15.7.1\lib\ltex-ls-plus-18.7.0\lib\micrometer-registry-prometheus-1.7.12.jar;c:\Users\vi_ba\.vscode\extensions\ltex-plus.vscode-ltex-plus-15.7.1\lib\ltex-ls-plus-18.7.0\lib\morfologik-crh-lt-1.0.1.jar;c:\Users\vi_ba\.vscode\extensions\ltex-plus.vscode-ltex-plus-15.7.1\lib\ltex-ls-plus-18.7.0\lib\morfologik-fsa-2.1.9.jar;c:\Users\vi_ba\.vscode\extensions\ltex-plus.vscode-ltex-plus-15.7.1\lib\ltex-ls-plus-18.7.0\lib\morfologik-fsa-builders-2.1.9.jar;c:\Users\vi_ba\.vscode\extensions\ltex-plus.vscode-ltex-plus-15.7.1\lib\ltex-ls-plus-18.7.0\lib\morfologik-speller-2.1.9.jar;c:\Users\vi_ba\.vscode\extensions\ltex-plus.vscode-ltex-plus-15.7.1\lib\ltex-ls-plus-18.7.0\lib\morfologik-stemming-2.1.9.jar;c:\Users\vi_ba\.vscode\extensions\ltex-plus.vscode-ltex-plus-15.7.1\lib\ltex-ls-plus-18.7.0\lib\morfologik-ukrainian-lt-6.8.0.jar;c:\Users\vi_ba\.vscode\extensions\ltex-plus.vscode-ltex-plus-15.7.1\lib\ltex-ls-plus-18.7.0\lib\morphology-el-1.0.0.jar;c:\Users\vi_ba\.vscode\extensions\ltex-plus.vscode-ltex-plus-15.7.1\lib\ltex-ls-plus-18.7.0\lib\opennlp-chunk-models-1.5.jar;c:\Users\vi_ba\.vscode\extensions\ltex-plus.vscode-ltex-plus-15.7.1\lib\ltex-ls-plus-18.7.0\lib\opennlp-postag-models-1.5.jar;c:\Users\vi_ba\.vscode\extensions\ltex-plus.vscode-ltex-plus-15.7.1\lib\ltex-ls-plus-18.7.0\lib\opennlp-tokenize-models-1.5.jar;c:\Users\vi_ba\.vscode\extensions\ltex-plus.vscode-ltex-plus-15.7.1\lib\ltex-ls-plus-18.7.0\lib\opennlp-tools-1.9.4.jar;c:\Users\vi_ba\.vscode\extensions\ltex-plus.vscode-ltex-plus-15.7.1\lib\ltex-ls-plus-18.7.0\lib\openregex-1.1.1.jar;c:\Users\vi_ba\.vscode\extensions\ltex-plus.vscode-ltex-plus-15.7.1\lib\ltex-ls-plus-18.7.0\lib\opentelemetry-api-1.42.1.jar;c:\Users\vi_ba\.vscode\extensions\ltex-plus.vscode-ltex-plus-15.7.1\lib\ltex-ls-plus-18.7.0\lib\opentelemetry-context-1.42.1.jar;c:\Users\vi_ba\.vscode\extensions\ltex-plus.vscode-ltex-plus-15.7.1\lib\ltex-ls-plus-18.7.0\lib\opentelemetry-semconv-1.30.1-alpha.jar;c:\Users\vi_ba\.vscode\extensions\ltex-plus.vscode-ltex-plus-15.7.1\lib\ltex-ls-plus-18.7.0\lib\org.eclipse.lsp4j-0.24.0.jar;c:\Users\vi_ba\.vscode\extensions\ltex-plus.vscode-ltex-plus-15.7.1\lib\ltex-ls-plus-18.7.0\lib\org.eclipse.lsp4j.jsonrpc-0.24.0.jar;c:\Users\vi_ba\.vscode\extensions\ltex-plus.vscode-ltex-plus-15.7.1\lib\ltex-ls-plus-18.7.0\lib\perfmark-api-0.27.0.jar;c:\Users\vi_ba\.vscode\extensions\ltex-plus.vscode-ltex-plus-15.7.1\lib\ltex-ls-plus-18.7.0\lib\picocli-4.7.7.jar;c:\Users\vi_ba\.vscode\extensions\ltex-plus.vscode-ltex-plus-15.7.1\lib\ltex-ls-plus-18.7.0\lib\portuguese-pos-dict-1.2.0.jar;c:\Users\vi_ba\.vscode\extensions\ltex-plus.vscode-ltex-plus-15.7.1\lib\ltex-ls-plus-18.7.0\lib\proto-google-common-protos-2.59.2.jar;c:\Users\vi_ba\.vscode\extensions\ltex-plus.vscode-ltex-plus-15.7.1\lib\ltex-ls-plus-18.7.0\lib\protobuf-java-3.25.8.jar;c:\Users\vi_ba\.vscode\extensions\ltex-plus.vscode-ltex-plus-15.7.1\lib\ltex-ls-plus-18.7.0\lib\resilience4j-circuitbreaker-1.7.1.jar;c:\Users\vi_ba\.vscode\extensions\ltex-plus.vscode-ltex-plus-15.7.1\lib\ltex-ls-plus-18.7.0\lib\resilience4j-core-1.7.1.jar;c:\Users\vi_ba\.vscode\extensions\ltex-plus.vscode-ltex-plus-15.7.1\lib\ltex-ls-plus-18.7.0\lib\resilience4j-micrometer-1.7.1.jar;c:\Users\vi_ba\.vscode\extensions\ltex-plus.vscode-ltex-plus-15.7.1\lib\ltex-ls-plus-18.7.0\lib\segment-2.0.3.jar;c:\Users\vi_ba\.vscode\extensions\ltex-plus.vscode-ltex-plus-15.7.1\lib\ltex-ls-plus-18.7.0\lib\simpleclient-0.16.0.jar;c:\Users\vi_ba\.vscode\extensions\ltex-plus.vscode-ltex-plus-15.7.1\lib\ltex-ls-plus-18.7.0\lib\simpleclient_common-0.10.0.jar;c:\Users\vi_ba\.vscode\extensions\ltex-plus.vscode-ltex-plus-15.7.1\lib\ltex-ls-plus-18.7.0\lib\simpleclient_guava-0.16.0.jar;c:\Users\vi_ba\.vscode\extensions\ltex-plus.vscode-ltex-plus-15.7.1\lib\ltex-ls-plus-18.7.0\lib\simpleclient_tracer_common-0.16.0.jar;c:\Users\vi_ba\.vscode\extensions\ltex-plus.vscode-ltex-plus-15.7.1\lib\ltex-ls-plus-18.7.0\lib\simpleclient_tracer_otel-0.16.0.jar;c:\Users\vi_ba\.vscode\extensions\ltex-plus.vscode-ltex-plus-15.7.1\lib\ltex-ls-plus-18.7.0\lib\simpleclient_tracer_otel_agent-0.16.0.jar;c:\Users\vi_ba\.vscode\extensions\ltex-plus.vscode-ltex-plus-15.7.1\lib\ltex-ls-plus-18.7.0\lib\slf4j-api-2.0.16.jar;c:\Users\vi_ba\.vscode\extensions\ltex-plus.vscode-ltex-plus-15.7.1\lib\ltex-ls-plus-18.7.0\lib\slf4j-nop-2.0.18.jar;c:\Users\vi_ba\.vscode\extensions\ltex-plus.vscode-ltex-plus-15.7.1\lib\ltex-ls-plus-18.7.0\lib\spanish-pos-dict-2.5.jar;c:\Users\vi_ba\.vscode\extensions\ltex-plus.vscode-ltex-plus-15.7.1\lib\ltex-ls-plus-18.7.0\lib\stax2-api-4.3.0.jar;c:\Users\vi_ba\.vscode\extensions\ltex-plus.vscode-ltex-plus-15.7.1\lib\ltex-ls-plus-18.7.0\lib\txw2-4.0.5.jar;c:\Users\vi_ba\.vscode\extensions\ltex-plus.vscode-ltex-plus-15.7.1\lib\ltex-ls-plus-18.7.0\lib\unit-api-1.0.jar;c:\Users\vi_ba\.vscode\extensions\ltex-plus.vscode-ltex-plus-15.7.1\lib\ltex-ls-plus-18.7.0\lib\uom-lib-common-1.1.jar;c:\Users\vi_ba\.vscode\extensions\ltex-plus.vscode-ltex-plus-15.7.1\lib\ltex-ls-plus-18.7.0\lib\vavr-0.10.2.jar;c:\Users\vi_ba\.vscode\extensions\ltex-plus.vscode-ltex-plus-15.7.1\lib\ltex-ls-plus-18.7.0\lib\vavr-match-0.10.2.jar;c:\Users\vi_ba\.vscode\extensions\ltex-plus.vscode-ltex-plus-15.7.1\lib\ltex-ls-plus-18.7.0\lib\woodstox-core-7.2.0.jar
Launcher Type: SUN_STANDARD

[Global flags]
     intx CICompilerCount                          = 4                                         {product} {ergonomic}
     uint ConcGCThreads                            = 2                                         {product} {ergonomic}
     uint G1ConcRefinementThreads                  = 8                                         {product} {ergonomic}
   size_t G1HeapRegionSize                         = 1048576                                   {product} {ergonomic}
    uintx GCDrainStackTargetSize                   = 64                                        {product} {ergonomic}
   size_t InitialHeapSize                          = 67108864                                  {product} {command line}
   size_t MarkStackSize                            = 4194304                                   {product} {ergonomic}
   size_t MaxHeapSize                              = 2147483648                                {product} {command line}
   size_t MaxNewSize                               = 1287651328                                {product} {ergonomic}
   size_t MinHeapDeltaBytes                        = 1048576                                   {product} {ergonomic}
   size_t MinHeapSize                              = 67108864                                  {product} {command line}
    uintx NonNMethodCodeHeapSize                   = 5839372                                {pd product} {ergonomic}
    uintx NonProfiledCodeHeapSize                  = 122909434                              {pd product} {ergonomic}
    uintx ProfiledCodeHeapSize                     = 122909434                              {pd product} {ergonomic}
    uintx ReservedCodeCacheSize                    = 251658240                              {pd product} {ergonomic}
     bool SegmentedCodeCache                       = true                                      {product} {ergonomic}
   size_t SoftMaxHeapSize                          = 2147483648                             {manageable} {ergonomic}
     bool UseCompressedOops                        = true                           {product lp64_product} {ergonomic}
     bool UseG1GC                                  = true                                      {product} {ergonomic}
     bool UseLargePagesIndividualAllocation        = false                                  {pd product} {ergonomic}

Logging:
Log output configuration:
 #0: stdout all=warning uptime,level,tags foldmultilines=false
 #1: stderr all=off uptime,level,tags foldmultilines=false

Release file:
JAVA_VERSION="21.0.10"
MODULES="java.base java.compiler java.datatransfer java.xml java.prefs java.desktop java.instrument java.logging java.management java.security.sasl java.naming java.rmi java.management.rmi java.net.http java.scripting java.security.jgss java.transaction.xa java.sql java.sql.rowset java.xml.crypto java.se java.smartcardio jdk.accessibility jdk.charsets jdk.crypto.ec jdk.crypto.cryptoki jdk.dynalink jdk.httpserver jdk.incubator.vector jdk.internal.vm.ci jdk.internal.vm.compiler jdk.internal.vm.compiler.management jdk.jdwp.agent jdk.jfr jdk.jsobject jdk.localedata jdk.management jdk.management.agent jdk.naming.dns jdk.naming.rmi jdk.net jdk.nio.mapmode jdk.sctp jdk.security.auth jdk.security.jgss jdk.unsupported jdk.xml.dom jdk.zipfs"

Environment Variables:
JAVA_HOME=c:\Users\vi_ba\.vscode\extensions\ltex-plus.vscode-ltex-plus-15.7.1\lib\ltex-ls-plus-18.7.0\jdk-21.0.10+7
CLASSPATH="c:\Users\vi_ba\.vscode\extensions\ltex-plus.vscode-ltex-plus-15.7.1\lib\ltex-ls-plus-18.7.0"\etc;"c:\Users\vi_ba\.vscode\extensions\ltex-plus.vscode-ltex-plus-15.7.1\lib\ltex-ls-plus-18.7.0\lib"\*
JAVA_OPTS=-Xms64m -Xmx2048m
PATH=D:\programas\gnu fortran compiler\gcc\bin;D:\programas\gnu fortran compiler\gcc\libexec\gcc\x86_64-w64-mingw32\13.2.0;C:\Program Files (x86)\Common Files\Oracle\Java\javapath;C:\Program Files\Microsoft MPI\Bin\;C:\Windows\system32;C:\Windows;C:\Windows\System32\Wbem;C:\Windows\System32\WindowsPowerShell\v1.0\;C:\Windows\System32\OpenSSH\;C:\Program Files (x86)\NVIDIA Corporation\PhysX\Common;C:\Program Files\NVIDIA Corporation\NVIDIA NvDLISR;C:\Program Files\MATLAB\R2017b\runtime\win64;C:\Program Files\MATLAB\R2017b\bin;C:\Program Files\dotnet\;C:\Program Files\Microsoft SQL Server\120\Tools\Binn\;C:\Program Files\Common Files\Autodesk Shared\;C:\Users\vi_ba\Downloads\programas\compilador intel\CMAKE\cmake-3.23.0-rc4-windows-x86_64\bin;C:\Program Files\Microsoft SQL Server\150\Tools\Binn\;C:\Program Files\Calibre2\;C:\WINDOWS\system32;C:\WINDOWS;C:\WINDOWS\System32\Wbem;C:\WINDOWS\System32\WindowsPowerShell\v1.0\;C:\WINDOWS\System32\OpenSSH\;C:\Program Files\Git\cmd;D;C:\Program Files\gnuplot\bin;D:\programas\LESM\Matlab\v97\runtime\win64;C:\Users\vi_ba\AppData\Local\Programs\Python\Python313\Scripts\;C:\Users\vi_ba\AppData\Local\Programs\Python\Python313\;C:\Users\vi_ba\AppData\Local\Programs\Python\Launcher\;C:\Users\vi_ba\AppData\Local\Microsoft\WindowsApps;C:\texlive\2023\bin\windows;C:\Users\vi_ba\AppData\Local\GitHubDesktop\bin;C:\Users\vi_ba\AppData\Local\Programs\Microsoft VS Code\bin;C:\texlive\2024\bin\windows;
USERNAME=vi_ba
OS=Windows_NT
PROCESSOR_IDENTIFIER=Intel64 Family 6 Model 165 Stepping 2, GenuineIntel
TMP=C:\Temp
TEMP=C:\Temp




Periodic native trim disabled

---------------  S Y S T E M  ---------------

OS:
 Windows 11 , 64 bit Build 26100 (10.0.26100.9168)
OS uptime: 0 days 0:14 hours
Hyper-V role detected

CPU: total 8 (initial active 8) (4 cores per cpu, 2 threads per core) family 6 model 165 stepping 2 microcode 0xec, cx8, cmov, fxsr, ht, mmx, 3dnowpref, sse, sse2, sse3, ssse3, sse4.1, sse4.2, popcnt, lzcnt, tsc, tscinvbit, avx, avx2, aes, erms, clmul, bmi1, bmi2, adx, fma, vzeroupper, clflush, clflushopt, hv, rdtscp, f16c
Processor Information for the first 8 processors :
  Max Mhz: 2496, Current Mhz: 2496, Mhz Limit: 2496

Memory: 4k page, system-wide physical 8059M (1528M free)
TotalPageFile size 32635M (AvailPageFile size 29M)
current process WorkingSet (physical memory assigned to process): 570M, peak: 632M
current process commit charge ("private bytes"): 609M, peak: 728M

vm_info: OpenJDK 64-Bit Server VM (21.0.10+7-LTS) for windows-amd64 JRE (21.0.10+7-LTS), built on 2026-01-20T00:00:00Z by "admin" with MS VC++ 17.12 (VS2022)

END.
