version 2
JvmtiExport can_access_local_variables 0
JvmtiExport can_hotswap_or_post_breakpoint 0
JvmtiExport can_post_on_exceptions 0
# 605 ciObject found
instanceKlass org/languagetool/rules/patterns/PatternRuleMatcher
ciInstanceKlass java/lang/invoke/Invokers$Holder 1 1 128 1 100 1 100 1 1 1 1 1 1 1 7 1 7 1 7 1 1 12 10 1 1 12 10 1 1 12 10 1 1 100 1 1 12 9 1 1 1 12 10 1 1 1 12 10 1 1 12 10 1 1 12 10 1 12 10 1 1 1 12 10 1 1 100 1 1 12 10 1 12 10 1 1 12 10 1 12 10 1 1 12 10 1 1 12 10 1 12 10 1 1 12 10 1 1 12 10 1 1 12 10 1 12 10 12 10 12 10 12 10 12 10 1 1 12 10 1 1 12 10 1 1 12 10 1 1 1
ciInstanceKlass java/util/SortedMap 1 1 113 100 1 10 12 1 1 10 100 12 1 1 1 11 100 12 1 1 1 100 1 100 1 1 1 1 1 1 1 1 1 1 1 1 1 1 1 1 1 1 1 1 1 1 1 1 1 1 1 1 1 1 1 1 1 1 1 1 1 1 1 1 1 1 1 1 1 1 100 1 100 1 1 1 100 1 8 1 1 12 10 1 1 1 8 1 1 1 8 1 1 8 1 1 1 8 1 1 1 8 1 1 1 8 1 1 1 8 1 1 1 8 1
ciInstanceKlass java/util/LinkedHashMap 1 1 386 9 7 12 1 1 1 9 12 1 1 9 12 1 9 7 12 1 1 9 12 1 10 7 12 1 1 1 10 12 1 1 10 12 1 1 9 12 1 9 12 1 1 9 12 1 10 12 1 1 100 1 10 10 12 1 1 10 12 1 10 12 1 1 9 12 1 1 9 12 1 10 12 1 1 10 100 12 1 1 1 10 12 1 10 12 1 10 12 10 12 1 1 10 100 12 1 1 1 10 12 1 1 10 12 1 1 9 7 1 10 12 1 10 12 1 1 9 12 1 1 7 1 10 12 1 7 1 100 1 10 10 12 1 1 10 12 1 1 9 12 1 1 7 1 10 7 1 10 12 1 9 12 1 7 1 10 100 1 10 11 100 12 1 1 1 100 1 10 11 100 12 1 1 100 1 100 1 10 8 1 10 12 1 1 10 12 1 10 12 1 1 10 12 1 10 12 1 1 10 100 1 10 12 1 100 1 1 1 1 5 0 1 1 1 3 1 3 1 3 1 1 1 1 1 1 1 1 1 1 1 1 1 1 1 1 1 1 1 1 1 1 1 1 1 1 1 1 1 1 1 1 1 1 1 1 1 1 1 1 1 1 1 1 1 1 1 100 1 1 1 1 1 1 1 1 100 1 1 1 1 1 1 1 1 1 1 1 1 1 1 1 1 1 1 1 1 1 1 1 1 1 1 1 1 100 1 1 1 1 1 1 1 1 1 1 1 1 1 1 100 1 1 1 1 1 1 1 1 1 100 1 1 1 1 1 1 1 1 1 1 1 1 1 1 1 1 1 1 1 1 1 1 1 1 1 1 1 1 1 1 1 100 1 100 1 100 1 100 1 1 1 1 1 100 1 100 1 1 1 1 1 1 1 1 1
ciInstanceKlass java/util/function/Supplier 1 0 14 100 1 100 1 1 1 1 1 1 1 1 1 1
ciInstanceKlass jdk/internal/loader/URLClassPath$JarLoader 1 1 485 7 1 8 1 8 1 7 1 10 12 1 1 10 12 1 1 8 1 10 12 1 10 12 1 1 10 7 12 1 1 1 10 7 12 1 1 9 12 1 1 9 12 1 1 9 12 1 1 9 12 1 1 9 12 1 1 10 12 1 7 1 10 12 1 9 12 1 10 7 12 1 1 8 1 10 12 1 10 7 12 1 1 1 7 1 10 12 1 10 7 12 1 1 1 7 1 10 12 1 1 7 1 10 7 12 1 1 1 9 12 1 9 12 1 1 11 100 12 1 1 1 8 1 10 12 1 10 12 1 1 10 12 1 1 7 1 10 10 12 1 1 7 1 10 12 1 10 7 1 10 100 1 10 12 1 1 10 12 1 10 12 1 1 10 12 1 1 8 1 10 12 1 10 12 1 1 8 1 9 12 1 1 10 100 12 1 1 1 100 1 10 12 1 1 10 12 1 10 7 12 1 1 10 7 12 1 1 1 10 12 1 100 1 7 1 10 12 1 10 12 1 1 10 12 1 1 10 12 1 1 11 100 12 1 1 11 12 1 1 100 1 10 12 1 10 12 1 1 10 7 12 1 1 100 1 10 12 10 12 1 1 10 12 1 1 10 7 12 1 1 1 11 7 12 1 1 1 10 12 1 1 10 7 12 1 1 1 9 7 12 1 1 1 10 7 12 1 1 1 10 12 1 1 7 1 10 10 12 1 1 10 12 1 10 12 1 9 12 1 10 12 1 1 9 12 1 9 12 1 1 8 1 8 1 10 100 12 1 1 10 100 12 1 1 1 100 1 10 12 1 1 10 12 1 10 12 1 10 12 1 9 12 1 1 10 12 1 1 10 12 1 10 10 12 1 10 12 1 1 8 1 10 12 1 10 100 12 1 1 1 10 12 1 100 1 10 12 1 1 1 1 1 1 1 1 1 1 1 1 1 1 1 1 1 1 1 1 100 1 1 1 1 1 1 1 1 1 1 1 1 1 1 1 1 1 1 1 1 100 1 1 1 1 1 1 1 1 1 1 1 1 1 1 1 1 1 1 1 1 1 1 1 1 1 1 1 1 1 1 1 1 1 1 1 1 1 1 1 100 1 100 1 1 1
staticfield jdk/internal/loader/URLClassPath$JarLoader zipAccess Ljdk/internal/access/JavaUtilZipFileAccess; java/util/zip/ZipFile$1
ciInstanceKlass java/util/zip/ZipFile$Source$Key 1 1 84 10 7 12 1 1 1 9 7 12 1 1 1 9 12 1 1 10 7 12 1 1 1 9 12 1 1 100 1 5 0 11 7 12 1 1 1 10 7 12 1 1 1 10 7 12 1 1 1 10 12 1 1 11 12 1 1 10 10 1 1 1 1 1 1 1 1 1 1 1 1 1 1 1 1 1 1 100 1 1 100 1 1 1
# instanceKlass java/lang/invoke/LambdaForm$MH+0x0000000100389400
# instanceKlass java/lang/invoke/LambdaForm$MH+0x0000000100389000
# instanceKlass java/lang/invoke/LambdaForm$DMH+0x0000000100388c00
instanceKlass java/time/Instant$1
instanceKlass java/lang/Thread$ThreadNumbering
instanceKlass org/bsplines/ltexls/server/DelayedDiagnosticsPublisherRunnable$Companion
instanceKlass org/bsplines/ltexls/server/DelayedDiagnosticsPublisherRunnable
instanceKlass org/languagetool/JLanguageTool$TextCheckCallable$LineColumnPosition
instanceKlass  @bci org/bsplines/ltexls/parsing/latex/LatexAnnotatedTextBuilder generateDummy (Lorg/bsplines/ltexls/parsing/DummyGenerator;)Ljava/lang/String; 208 <appendix> form vmentry <vmtarget> ; # java/lang/invoke/LambdaForm$MH+0x0000000100388800
# instanceKlass java/lang/invoke/LambdaForm$MH+0x0000000100388400
instanceKlass  @bci org/bsplines/ltexls/parsing/latex/LatexAnnotatedTextBuilder generateDummy (Lorg/bsplines/ltexls/parsing/DummyGenerator;)Ljava/lang/String; 208 <appendix> argL3 form vmentry <vmtarget> ; # java/lang/invoke/LambdaForm$MH+0x0000000100388000
# instanceKlass java/lang/invoke/LambdaForm$MH+0x0000000100387c00
# instanceKlass java/lang/invoke/LambdaForm$MH+0x0000000100387800
# instanceKlass java/lang/invoke/LambdaForm$MH+0x0000000100387400
instanceKlass java/util/logging/LogManager$CloseOnReset
instanceKlass com/google/gson/internal/bind/NumberTypeAdapter$2
# instanceKlass java/lang/invoke/LambdaForm$MH+0x0000000100387000
# instanceKlass java/lang/invoke/LambdaForm$MH+0x0000000100386c00
# instanceKlass java/lang/invoke/LambdaForm$MH+0x0000000100386800
# instanceKlass java/lang/invoke/LambdaForm$MH+0x0000000100386400
# instanceKlass java/lang/invoke/LambdaForm$MH+0x0000000100386000
# instanceKlass java/lang/invoke/LambdaForm$MH+0x0000000100385c00
# instanceKlass java/lang/invoke/LambdaForm$MH+0x0000000100385800
# instanceKlass java/lang/invoke/LambdaForm$MH+0x0000000100385400
# instanceKlass java/lang/invoke/LambdaForm$MH+0x0000000100385000
# instanceKlass java/lang/invoke/LambdaForm$MH+0x0000000100384c00
# instanceKlass java/lang/invoke/LambdaForm$MH+0x0000000100384800
# instanceKlass java/lang/invoke/LambdaForm$MH+0x0000000100384400
instanceKlass org/eclipse/lsp4j/adapters/CompletionItemDefaultsEditRangeTypeAdapter
instanceKlass org/eclipse/lsp4j/InsertReplaceRange
instanceKlass org/eclipse/lsp4j/adapters/CompletionItemTextEditTypeAdapter
instanceKlass org/eclipse/lsp4j/InsertReplaceEdit
instanceKlass org/eclipse/lsp4j/MarkupContent
instanceKlass org/eclipse/lsp4j/CompletionItemLabelDetails
instanceKlass org/eclipse/lsp4j/CompletionItemDefaults
instanceKlass org/eclipse/lsp4j/CompletionContext
instanceKlass kotlin/jvm/internal/DefaultConstructorMarker
instanceKlass sun/util/locale/LocaleExtensions
instanceKlass  @bci org/bsplines/ltexls/server/LtexTextDocumentService didChange (Lorg/eclipse/lsp4j/DidChangeTextDocumentParams;)V 53 <appendix> member <vmtarget> ; # org/bsplines/ltexls/server/LtexTextDocumentService$$Lambda+0x00000001003806b8
instanceKlass org/eclipse/lsp4j/TextDocumentContentChangeEvent
instanceKlass  @bci org/bsplines/ltexls/parsing/FragmentCache evictIdleOlderThan (J)V 31 <appendix> member <vmtarget> ; # org/bsplines/ltexls/parsing/FragmentCache$$Lambda+0x0000000100380220
instanceKlass  @bci org/bsplines/ltexls/parsing/FragmentCache evictIdleOlderThan (J)V 26 <appendix> form vmentry <vmtarget> ; # java/lang/invoke/LambdaForm$DMH+0x0000000100384000
instanceKlass  @bci org/bsplines/ltexls/parsing/FragmentCache evictIdleOlderThan (J)V 26 <appendix> member <vmtarget> ; # org/bsplines/ltexls/parsing/FragmentCache$$Lambda+0x0000000100380000
instanceKlass  @cpi org/bsplines/ltexls/parsing/FragmentCache 138 form vmentry <vmtarget> ; # java/lang/invoke/LambdaForm$DMH+0x000000010037d400
instanceKlass org/eclipse/lsp4j/ChangeAnnotation
instanceKlass  @bci org/eclipse/lsp4j/adapters/DocumentChangeListAdapter create (Lcom/google/gson/Gson;Lcom/google/gson/reflect/TypeToken;)Lcom/google/gson/TypeAdapter; 62 <appendix> argL0 ; # org/eclipse/lsp4j/adapters/DocumentChangeListAdapter$$Lambda+0x000000010037da30
instanceKlass org/eclipse/lsp4j/RenameFileOptions
instanceKlass org/eclipse/lsp4j/DeleteFileOptions
instanceKlass org/eclipse/lsp4j/CreateFileOptions
instanceKlass org/eclipse/lsp4j/adapters/ResourceOperationTypeAdapter
instanceKlass org/eclipse/lsp4j/adapters/VersionedTextDocumentIdentifierTypeAdapter$Factory
instanceKlass  @bci java/util/function/Predicate and (Ljava/util/function/Predicate;)Ljava/util/function/Predicate; 7 <appendix> member <vmtarget> ; # java/util/function/Predicate$$Lambda+0x000000010026deb0
instanceKlass org/eclipse/lsp4j/adapters/DocumentChangeListAdapter
instanceKlass org/eclipse/lsp4j/ResourceOperation
instanceKlass  @bci com/google/gson/internal/ConstructorConstructor newMapConstructor (Ljava/lang/reflect/Type;Ljava/lang/Class;)Lcom/google/gson/internal/ObjectConstructor; 16 <appendix> argL0 ; # com/google/gson/internal/ConstructorConstructor$$Lambda+0x000000010037e220
instanceKlass org/eclipse/lsp4j/CodeActionDisabled
instanceKlass org/eclipse/lsp4j/TextDocumentEdit
instanceKlass org/eclipse/lsp4j/jsonrpc/CompletableFutures$FutureCancelChecker
instanceKlass org/eclipse/lsp4j/jsonrpc/CompletableFutures
instanceKlass  @bci org/bsplines/ltexls/server/LtexTextDocumentService codeAction (Lorg/eclipse/lsp4j/CodeActionParams;)Ljava/util/concurrent/CompletableFuture; 124 <appendix> member <vmtarget> ; # org/bsplines/ltexls/server/LtexTextDocumentService$$Lambda+0x000000010037b338
# instanceKlass java/lang/invoke/LambdaForm$MH+0x000000010037d000
# instanceKlass java/lang/invoke/LambdaForm$MH+0x000000010037cc00
instanceKlass java/net/URLEncoder
instanceKlass kotlin/comparisons/ComparisonsKt__ComparisonsKt
# instanceKlass java/lang/invoke/LambdaForm$MH+0x000000010037c800
# instanceKlass java/lang/invoke/LambdaForm$MH+0x000000010037c400
instanceKlass  @bci org/languagetool/rules/spelling/SpellingCheckRule isProperNoun (Ljava/lang/String;)Z 23 <appendix> argL0 ; # org/languagetool/rules/spelling/SpellingCheckRule$$Lambda+0x000000010037a8c8
instanceKlass  @bci org/languagetool/rules/AbstractSimpleReplaceRule2 createMatch (Ljava/util/List;Lorg/languagetool/rules/SuggestionWithMessage;IILjava/lang/String;[Lorg/languagetool/AnalyzedTokenReadings;Lorg/languagetool/AnalyzedSentence;I[I)V 103 <appendix> argL0 ; # org/languagetool/rules/AbstractSimpleReplaceRule2$$Lambda+0x000000010037a678
instanceKlass  @bci org/languagetool/rules/RuleMatch setSuggestedReplacements (Ljava/util/List;)V 20 <appendix> argL0 ; # org/languagetool/rules/RuleMatch$$Lambda+0x000000010037a438
instanceKlass  @bci org/languagetool/rules/patterns/PatternRule checkForAntiPatterns (Lorg/languagetool/AnalyzedSentence;Lorg/languagetool/rules/patterns/RuleMatcher;[Lorg/languagetool/rules/RuleMatch;)[Lorg/languagetool/rules/RuleMatch; 36 <appendix> argL0 ; # org/languagetool/rules/patterns/PatternRule$$Lambda+0x000000010037a1e8
instanceKlass  @bci org/languagetool/rules/patterns/AbstractPatternRulePerformer testAllReadings ([Lorg/languagetool/AnalyzedTokenReadings;Lorg/languagetool/rules/patterns/PatternTokenMatcher;Lorg/languagetool/rules/patterns/PatternTokenMatcher;III)Z 448 <appendix> argL0 ; # org/languagetool/rules/patterns/AbstractPatternRulePerformer$$Lambda+0x0000000100379fa8
instanceKlass  @bci org/bsplines/ltexls/server/DocumentChecker mergeParagraphRun (Ljava/util/List;Lorg/bsplines/ltexls/server/LtexTextDocumentItem;)Lorg/bsplines/ltexls/parsing/AnnotatedTextFragment; 33 <appendix> argL0 ; # org/bsplines/ltexls/server/DocumentChecker$$Lambda+0x0000000100379d88
instanceKlass org/bsplines/ltexls/parsing/AnnotatedTextSlicer$TextSegment
instanceKlass org/bsplines/ltexls/parsing/AnnotatedTextSlicer$MarkupSegment
instanceKlass org/bsplines/ltexls/parsing/AnnotatedTextSlicer$Segment
instanceKlass org/bsplines/ltexls/parsing/AnnotatedTextSlicer$WhenMappings
instanceKlass org/bsplines/ltexls/parsing/AnnotatedTextSlicer$SliceState
instanceKlass org/bsplines/ltexls/parsing/latex/LatexAnnotatedTextBuilder$WhenMappings
instanceKlass kotlin/TuplesKt
instanceKlass kotlin/math/MathKt__MathHKt
instanceKlass  @bci org/bsplines/ltexls/parsing/AnnotatedTextFragment$Companion searchPlainTextPos (Ljava/util/List;IZ)I 0 <appendix> argL0 ; # org/bsplines/ltexls/parsing/AnnotatedTextFragment$Companion$$Lambda+0x0000000100378448
# instanceKlass java/lang/invoke/LambdaForm$DMH+0x000000010037c000
instanceKlass org/bsplines/ltexls/parsing/AnnotatedTextFragment$Companion$WhenMappings
instanceKlass  @bci org/languagetool/rules/RuleMatch getSuggestedReplacements ()Ljava/util/List; 17 <appendix> argL0 ; # org/languagetool/rules/RuleMatch$$Lambda+0x0000000100378000
instanceKlass  @bci org/languagetool/ShortDescriptionProvider getAllDescriptions (Lorg/languagetool/Language;)Ljava/util/Map; 4 <appendix> argL0 ; # org/languagetool/ShortDescriptionProvider$$Lambda+0x0000000100370d20
instanceKlass com/google/common/collect/Iterators$ConcatenatedIterator
instanceKlass com/google/common/collect/PeekingIterator
instanceKlass com/google/common/collect/Iterators
instanceKlass com/google/common/collect/Lists
instanceKlass com/google/common/base/Optional
instanceKlass com/google/common/collect/FluentIterable
instanceKlass com/google/common/collect/Iterables
instanceKlass  @bci org/languagetool/rules/pt/MorfologikPortugueseSpellerRule filterNoSuggestWords (Ljava/util/List;)Ljava/util/List; 6 <appendix> argL0 ; # org/languagetool/rules/pt/MorfologikPortugueseSpellerRule$$Lambda+0x0000000100376c90
instanceKlass  @bci org/languagetool/rules/spelling/SpellingCheckRule filterSuggestions (Ljava/util/List;)Ljava/util/List; 2 <appendix> member <vmtarget> ; # org/languagetool/rules/spelling/SpellingCheckRule$$Lambda+0x0000000100376a38
instanceKlass  @bci org/languagetool/rules/spelling/morfologik/MorfologikSpellerRule calcSpellerSuggestions (Ljava/lang/String;Z)Ljava/util/List; 272 <appendix> argL0 ; # org/languagetool/rules/spelling/morfologik/MorfologikSpellerRule$$Lambda+0x0000000100376808
instanceKlass  @bci org/languagetool/rules/pt/MorfologikPortugueseSpellerRule getAdditionalTopSuggestions (Ljava/util/List;Ljava/lang/String;)Ljava/util/List; 6 <appendix> argL0 ; # org/languagetool/rules/pt/MorfologikPortugueseSpellerRule$$Lambda+0x00000001003765c8
instanceKlass  @bci org/languagetool/rules/SuggestedReplacement convert (Ljava/util/List;)Ljava/util/List; 6 <appendix> argL0 ; # org/languagetool/rules/SuggestedReplacement$$Lambda+0x0000000100376388
instanceKlass org/languagetool/rules/spelling/morfologik/WeightedSuggestion
instanceKlass morfologik/speller/Speller$CandidateData
instanceKlass  @bci org/languagetool/rules/spelling/morfologik/MorfologikMultiSpeller getSuggestionsFromDefaultDicts (Ljava/lang/String;)Ljava/util/List; 7 <appendix> member <vmtarget> ; # org/languagetool/rules/spelling/morfologik/MorfologikMultiSpeller$$Lambda+0x0000000100375cf0
instanceKlass org/bsplines/ltexls/languagetool/LanguageToolRuleMatch$Companion
instanceKlass org/bsplines/ltexls/languagetool/LanguageToolRuleMatch
instanceKlass java/util/AbstractList$RandomAccessSpliterator
instanceKlass  @bci org/languagetool/JLanguageTool checkInternalWithCustomRules (Lorg/languagetool/rules/patterns/RuleSet;Lorg/languagetool/markup/AnnotatedText;Lorg/languagetool/JLanguageTool$ParagraphHandling;Lorg/languagetool/RuleMatchListener;Lorg/languagetool/JLanguageTool$Mode;Lorg/languagetool/JLanguageTool$Level;Ljava/util/Set;Ljava/lang/Long;Ljava/util/List;Ljava/util/List;)Lorg/languagetool/CheckResults; 537 <appendix> member <vmtarget> ; # org/languagetool/JLanguageTool$$Lambda+0x00000001003756b0
instanceKlass  @bci org/languagetool/rules/GRPCPostProcessing get (Lorg/languagetool/Language;)Ljava/util/List; 38 <appendix> argL0 ; # org/languagetool/rules/GRPCPostProcessing$$Lambda+0x0000000100375460
instanceKlass  @bci org/languagetool/rules/GRPCPostProcessing get (Lorg/languagetool/Language;)Ljava/util/List; 28 <appendix> member <vmtarget> ; # org/languagetool/rules/GRPCPostProcessing$$Lambda+0x0000000100375218
instanceKlass io/grpc/Channel
instanceKlass org/languagetool/rules/GRPCPostProcessing
instanceKlass org/languagetool/rules/CleanOverlappingFilter
instanceKlass  @bci org/languagetool/rules/patterns/RuleSet allRuleIds ()Ljava/util/Set; 19 <appendix> argL0 ; # org/languagetool/rules/patterns/RuleSet$$Lambda+0x0000000100374498
instanceKlass org/languagetool/rules/LanguageDependentRuleMatchFilter
instanceKlass  @bci org/languagetool/JLanguageTool filterMatches (Lorg/languagetool/markup/AnnotatedText;Lorg/languagetool/rules/patterns/RuleSet;Ljava/util/List;Lorg/languagetool/JLanguageTool$Level;Ljava/util/Set;Ljava/util/Map;)Ljava/util/List; 70 <appendix> member <vmtarget> ; # org/languagetool/JLanguageTool$$Lambda+0x0000000100374000
instanceKlass  @bci org/languagetool/JLanguageTool filterMatches (Lorg/languagetool/markup/AnnotatedText;Lorg/languagetool/rules/patterns/RuleSet;Ljava/util/List;Lorg/languagetool/JLanguageTool$Level;Ljava/util/Set;Ljava/util/Map;)Ljava/util/List; 38 <appendix> member <vmtarget> ; # org/languagetool/JLanguageTool$$Lambda+0x0000000100363c00
instanceKlass  @cpi org/languagetool/JLanguageTool 2266 form vmentry <vmtarget> ; # java/lang/invoke/LambdaForm$DMH+0x0000000100370400
instanceKlass  @bci org/languagetool/JLanguageTool filterMatches (Lorg/languagetool/markup/AnnotatedText;Lorg/languagetool/rules/patterns/RuleSet;Ljava/util/List;Lorg/languagetool/JLanguageTool$Level;Ljava/util/Set;Ljava/util/Map;)Ljava/util/List; 7 <appendix> member <vmtarget> ; # org/languagetool/JLanguageTool$$Lambda+0x00000001003639a8
instanceKlass  @bci org/languagetool/JLanguageTool$TextCheckCallable getOtherRuleMatches (Ljava/util/Set;)Lorg/languagetool/CheckResults; 706 <adapter> ; # java/lang/invoke/LambdaForm$MH+0x0000000100370000
# instanceKlass java/lang/invoke/LambdaForm$DMH+0x000000010036fc00
instanceKlass  @bci org/languagetool/JLanguageTool$TextCheckCallable getOtherRuleMatches (Ljava/util/Set;)Lorg/languagetool/CheckResults; 706 <appendix> form vmentry <vmtarget> ; # java/lang/invoke/LambdaForm$MH+0x000000010036f800
# instanceKlass java/lang/invoke/LambdaForm$MH+0x000000010036f400
# instanceKlass java/lang/invoke/LambdaForm$MH+0x000000010036f000
instanceKlass  @bci org/languagetool/JLanguageTool$TextCheckCallable getOtherRuleMatches (Ljava/util/Set;)Lorg/languagetool/CheckResults; 706 <appendix> form names 13 function resolvedHandle form vmentry <vmtarget> ; # java/lang/invoke/LambdaForm$DMH+0x000000010036ec00
instanceKlass  @bci org/languagetool/JLanguageTool$TextCheckCallable getOtherRuleMatches (Ljava/util/Set;)Lorg/languagetool/CheckResults; 706 <appendix> argL4 form vmentry <vmtarget> ; # java/lang/invoke/LambdaForm$MH+0x000000010036e800
# instanceKlass java/lang/invoke/LambdaForm$MH+0x000000010036e400
# instanceKlass java/lang/invoke/LambdaForm$MH+0x000000010036e000
# instanceKlass java/lang/invoke/LambdaForm$MH+0x000000010036dc00
# instanceKlass java/lang/invoke/LambdaForm$MH+0x000000010036d800
# instanceKlass java/lang/invoke/LambdaForm$MH+0x000000010036d400
# instanceKlass java/lang/invoke/LambdaForm$MH+0x000000010036d000
instanceKlass  @bci org/languagetool/JLanguageTool$TextCheckCallable getOtherRuleMatches (Ljava/util/Set;)Lorg/languagetool/CheckResults; 706 <appendix> form names 19 function resolvedHandle form vmentry <vmtarget> ; # java/lang/invoke/LambdaForm$DMH+0x000000010036cc00
instanceKlass  @bci org/languagetool/JLanguageTool$TextCheckCallable getOtherRuleMatches (Ljava/util/Set;)Lorg/languagetool/CheckResults; 706 <appendix> argL1 form vmentry <vmtarget> ; # java/lang/invoke/LambdaForm$MH+0x000000010036c800
# instanceKlass java/lang/invoke/LambdaForm$MH+0x000000010036c400
instanceKlass  @bci org/languagetool/JLanguageTool$TextCheckCallable getOtherRuleMatches (Ljava/util/Set;)Lorg/languagetool/CheckResults; 706 <appendix> argL1 argL0 form vmentry <vmtarget> ; # java/lang/invoke/LambdaForm$MH+0x000000010036c000
# instanceKlass java/lang/invoke/LambdaForm$MH+0x000000010036bc00
# instanceKlass java/lang/invoke/LambdaForm$MH+0x000000010036b800
# instanceKlass java/lang/invoke/LambdaForm$MH+0x000000010036b400
# instanceKlass java/lang/invoke/LambdaForm$MH+0x000000010036b000
instanceKlass  @bci org/languagetool/JLanguageTool adjustRuleMatchPos (Lorg/languagetool/rules/RuleMatch;IIILjava/lang/String;Lorg/languagetool/markup/AnnotatedText;)Lorg/languagetool/rules/RuleMatch; 106 <appendix> member <vmtarget> ; # org/languagetool/JLanguageTool$$Lambda+0x0000000100363780
instanceKlass org/languagetool/rules/SameRuleGroupFilter
instanceKlass  @bci org/languagetool/JLanguageTool checkAnalyzedSentence (Lorg/languagetool/JLanguageTool$ParagraphHandling;Ljava/util/List;Lorg/languagetool/AnalyzedSentence;ZI)Ljava/util/List; 330 <appendix> member <vmtarget> ; # org/languagetool/JLanguageTool$$Lambda+0x00000001003632e8
instanceKlass java/util/DualPivotQuicksort
instanceKlass  @bci org/languagetool/rules/spelling/multitoken/MultitokenSpeller computeSuggestions (Ljava/lang/String;Z)Ljava/util/List; 320 <appendix> argL0 ; # org/languagetool/rules/spelling/multitoken/MultitokenSpeller$$Lambda+0x00000001003630a0
instanceKlass org/apache/commons/text/similarity/LevenshteinDistance
instanceKlass org/apache/commons/text/similarity/EditDistance
instanceKlass org/apache/commons/text/similarity/SimilarityScore
instanceKlass  @bci org/languagetool/rules/spelling/multitoken/MultitokenSpeller getSuggestions (Ljava/lang/String;Z)Ljava/util/List; 27 <appendix> member <vmtarget> ; # org/languagetool/rules/spelling/multitoken/MultitokenSpeller$$Lambda+0x00000001003624e8
instanceKlass jdk/internal/icu/impl/NormalizerImpl$ReorderingBuffer
instanceKlass jdk/internal/icu/impl/NormalizerImpl$UTF16Plus
instanceKlass  @bci org/languagetool/rules/spelling/multitoken/MultitokenSpeller addToMap (Ljava/util/Map;Ljava/lang/String;Ljava/lang/String;)V 2 <appendix> argL0 ; # org/languagetool/rules/spelling/multitoken/MultitokenSpeller$$Lambda+0x00000001003622a8
instanceKlass  @bci org/languagetool/rules/spelling/multitoken/MultitokenSpeller initMultitokenSpeller (Ljava/util/List;)V 216 <appendix> argL0 ; # org/languagetool/rules/spelling/multitoken/MultitokenSpeller$$Lambda+0x0000000100362068
instanceKlass jdk/internal/icu/impl/Norm2AllModes$NFCSingleton
instanceKlass jdk/internal/icu/text/NormalizerBase$NFDModeImpl
instanceKlass  @bci org/languagetool/rules/spelling/multitoken/MultitokenSpellerFilter acceptRuleMatch (Lorg/languagetool/rules/RuleMatch;Ljava/util/Map;I[Lorg/languagetool/AnalyzedTokenReadings;Ljava/util/List;)Lorg/languagetool/rules/RuleMatch; 5 <appendix> argL0 ; # org/languagetool/rules/spelling/multitoken/MultitokenSpellerFilter$$Lambda+0x0000000100361e18
instanceKlass jdk/internal/math/MathUtils
instanceKlass jdk/internal/math/FloatToDecimal
instanceKlass  @bci org/languagetool/JLanguageTool checkAnalyzedSentence (Lorg/languagetool/JLanguageTool$ParagraphHandling;Ljava/util/List;Lorg/languagetool/AnalyzedSentence;ZI)Ljava/util/List; 174 <adapter> ; # java/lang/invoke/LambdaForm$MH+0x000000010036ac00
# instanceKlass java/lang/invoke/LambdaForm$DMH+0x000000010036a800
instanceKlass  @bci org/languagetool/JLanguageTool checkAnalyzedSentence (Lorg/languagetool/JLanguageTool$ParagraphHandling;Ljava/util/List;Lorg/languagetool/AnalyzedSentence;ZI)Ljava/util/List; 174 <appendix> form vmentry <vmtarget> ; # java/lang/invoke/LambdaForm$MH+0x000000010036a400
# instanceKlass java/lang/invoke/LambdaForm$MH+0x000000010036a000
# instanceKlass java/lang/invoke/LambdaForm$MH+0x0000000100369c00
# instanceKlass java/lang/invoke/LambdaForm$MH+0x0000000100369800
instanceKlass  @bci org/languagetool/JLanguageTool checkAnalyzedSentence (Lorg/languagetool/JLanguageTool$ParagraphHandling;Ljava/util/List;Lorg/languagetool/AnalyzedSentence;ZI)Ljava/util/List; 174 <appendix> form names 16 function resolvedHandle form vmentry <vmtarget> ; # java/lang/invoke/LambdaForm$DMH+0x0000000100369400
instanceKlass  @bci org/languagetool/JLanguageTool checkAnalyzedSentence (Lorg/languagetool/JLanguageTool$ParagraphHandling;Ljava/util/List;Lorg/languagetool/AnalyzedSentence;ZI)Ljava/util/List; 174 <appendix> argL4 form vmentry <vmtarget> ; # java/lang/invoke/LambdaForm$MH+0x0000000100369000
instanceKlass  @bci org/languagetool/JLanguageTool checkAnalyzedSentence (Lorg/languagetool/JLanguageTool$ParagraphHandling;Ljava/util/List;Lorg/languagetool/AnalyzedSentence;ZI)Ljava/util/List; 174 <appendix> argL4 form names 7 function resolvedHandle form vmentry <vmtarget> ; # java/lang/invoke/LambdaForm$DMH+0x0000000100368c00
instanceKlass  @bci org/languagetool/JLanguageTool checkAnalyzedSentence (Lorg/languagetool/JLanguageTool$ParagraphHandling;Ljava/util/List;Lorg/languagetool/AnalyzedSentence;ZI)Ljava/util/List; 174 <appendix> argL4 argL2 form vmentry <vmtarget> ; # java/lang/invoke/LambdaForm$MH+0x0000000100368800
# instanceKlass java/lang/invoke/LambdaForm$MH+0x0000000100368400
# instanceKlass java/lang/invoke/LambdaForm$MH+0x0000000100368000
# instanceKlass java/lang/invoke/LambdaForm$MH+0x0000000100367c00
# instanceKlass java/lang/invoke/LambdaForm$MH+0x0000000100367800
# instanceKlass java/lang/invoke/LambdaForm$MH+0x0000000100367400
instanceKlass  @bci org/languagetool/JLanguageTool checkAnalyzedSentence (Lorg/languagetool/JLanguageTool$ParagraphHandling;Ljava/util/List;Lorg/languagetool/AnalyzedSentence;ZI)Ljava/util/List; 174 <appendix> form names 22 function resolvedHandle form vmentry <vmtarget> ; # java/lang/invoke/LambdaForm$DMH+0x0000000100367000
instanceKlass  @bci org/languagetool/JLanguageTool checkAnalyzedSentence (Lorg/languagetool/JLanguageTool$ParagraphHandling;Ljava/util/List;Lorg/languagetool/AnalyzedSentence;ZI)Ljava/util/List; 174 <appendix> argL1 form vmentry <vmtarget> ; # java/lang/invoke/LambdaForm$MH+0x0000000100366c00
instanceKlass  @bci org/languagetool/JLanguageTool checkAnalyzedSentence (Lorg/languagetool/JLanguageTool$ParagraphHandling;Ljava/util/List;Lorg/languagetool/AnalyzedSentence;ZI)Ljava/util/List; 174 <appendix> argL1 argL1 form vmentry <vmtarget> ; # java/lang/invoke/LambdaForm$MH+0x0000000100366800
# instanceKlass java/lang/invoke/LambdaForm$MH+0x0000000100366400
# instanceKlass java/lang/invoke/LambdaForm$MH+0x0000000100366000
# instanceKlass java/lang/invoke/LambdaForm$MH+0x0000000100365c00
# instanceKlass java/lang/invoke/LambdaForm$MH+0x0000000100365800
# instanceKlass java/lang/invoke/LambdaForm$MH+0x0000000100365400
instanceKlass org/apache/commons/lang3/CharSequenceUtils
instanceKlass  @bci org/apache/commons/lang3/Strings containsAny (Ljava/lang/CharSequence;[Ljava/lang/CharSequence;)Z 1 <appendix> member <vmtarget> ; # org/apache/commons/lang3/Strings$$Lambda+0x00000001003619e8
instanceKlass  @cpi org/apache/commons/lang3/Strings 234 form vmentry <vmtarget> ; # java/lang/invoke/LambdaForm$DMH+0x0000000100365000
instanceKlass org/apache/commons/lang3/function/ToBooleanBiFunction
instanceKlass  @bci org/languagetool/rules/RuleMatch setLazySuggestedReplacements (Ljava/util/function/Supplier;)V 15 <appendix> member <vmtarget> ; # org/languagetool/rules/RuleMatch$$Lambda+0x00000001003615a0
instanceKlass  @bci org/languagetool/rules/spelling/morfologik/MorfologikSpellerRule appendLazySuggestions (Ljava/lang/String;Ljava/lang/String;Ljava/lang/String;ZLjava/util/List;)Ljava/util/function/Supplier; 8 <adapter> ; # java/lang/invoke/LambdaForm$MH+0x0000000100364c00
# instanceKlass java/lang/invoke/LambdaForm$DMH+0x0000000100364800
instanceKlass  @bci org/languagetool/rules/spelling/morfologik/MorfologikSpellerRule appendLazySuggestions (Ljava/lang/String;Ljava/lang/String;Ljava/lang/String;ZLjava/util/List;)Ljava/util/function/Supplier; 8 <appendix> form vmentry <vmtarget> ; # java/lang/invoke/LambdaForm$DMH+0x0000000100364400
instanceKlass  @bci org/languagetool/rules/spelling/morfologik/MorfologikSpellerRule appendLazySuggestions (Ljava/lang/String;Ljava/lang/String;Ljava/lang/String;ZLjava/util/List;)Ljava/util/function/Supplier; 8 <appendix> member <vmtarget> ; # org/languagetool/rules/spelling/morfologik/MorfologikSpellerRule$$Lambda+0x0000000100361378
instanceKlass  @cpi org/languagetool/rules/spelling/morfologik/MorfologikSpellerRule 1093 form vmentry <vmtarget> ; # java/lang/invoke/LambdaForm$DMH+0x0000000100364000
instanceKlass org/languagetool/rules/GenericUnpairedBracketsRule$Symbol
instanceKlass org/languagetool/rules/SymbolLocator
instanceKlass  @bci java/util/stream/IntPipeline boxed ()Ljava/util/stream/Stream; 1 <appendix> argL0 ; # java/util/stream/IntPipeline$$Lambda+0x000000010026aef0
instanceKlass it/unimi/dsi/fastutil/objects/ObjectOpenHashSet$SetIterator
instanceKlass org/languagetool/synthesis/SynthesizerTools
instanceKlass  @bci org/languagetool/synthesis/BaseSynthesizer synthesize (Lorg/languagetool/AnalyzedToken;Ljava/lang/String;Z)[Ljava/lang/String; 17 <appendix> member <vmtarget> ; # org/languagetool/synthesis/BaseSynthesizer$$Lambda+0x0000000100360420
instanceKlass org/bsplines/ltexls/parsing/CachedFragment
instanceKlass org/bsplines/ltexls/settings/HiddenFalsePositive$Companion
instanceKlass org/bsplines/ltexls/settings/HiddenFalsePositive
instanceKlass io/opentelemetry/context/ThreadLocalContextStorage$ScopeImpl
instanceKlass io/opentelemetry/api/trace/ArrayBasedTraceState
instanceKlass io/opentelemetry/api/trace/ArrayBasedTraceStateBuilder
instanceKlass io/opentelemetry/api/trace/TraceStateBuilder
instanceKlass io/opentelemetry/api/trace/TraceState
instanceKlass io/opentelemetry/api/internal/OtelEncodingUtils
instanceKlass io/opentelemetry/api/trace/ImmutableTraceFlags
instanceKlass io/opentelemetry/api/trace/TraceFlags
instanceKlass io/opentelemetry/api/trace/SpanId
instanceKlass io/opentelemetry/api/trace/TraceId
instanceKlass io/opentelemetry/api/internal/ImmutableSpanContext
instanceKlass io/opentelemetry/api/trace/SpanContext
instanceKlass io/opentelemetry/api/trace/PropagatedSpan
instanceKlass io/opentelemetry/context/DefaultContextKey
instanceKlass io/opentelemetry/context/ContextKey
instanceKlass io/opentelemetry/api/trace/SpanContextKey
instanceKlass io/opentelemetry/context/ArrayBasedContext
instanceKlass io/opentelemetry/context/ContextStorageWrappers
instanceKlass io/opentelemetry/context/Scope
instanceKlass io/opentelemetry/context/ContextStorageProvider
instanceKlass java/util/concurrent/atomic/AtomicReference
instanceKlass io/opentelemetry/context/LazyStorage
instanceKlass io/opentelemetry/context/ContextStorage
instanceKlass io/opentelemetry/context/Context
instanceKlass io/opentelemetry/api/trace/Span
instanceKlass io/opentelemetry/context/ImplicitContextKeyed
instanceKlass io/opentelemetry/api/trace/DefaultTracer$NoopSpanBuilder
instanceKlass  @bci org/languagetool/JLanguageTool checkInternalWithCustomRules (Lorg/languagetool/rules/patterns/RuleSet;Lorg/languagetool/markup/AnnotatedText;Lorg/languagetool/JLanguageTool$ParagraphHandling;Lorg/languagetool/RuleMatchListener;Lorg/languagetool/JLanguageTool$Mode;Lorg/languagetool/JLanguageTool$Level;Ljava/util/Set;Ljava/lang/Long;Ljava/util/List;Ljava/util/List;)Lorg/languagetool/CheckResults; 314 <adapter> ; # java/lang/invoke/LambdaForm$MH+0x000000010035a000
# instanceKlass java/lang/invoke/LambdaForm$DMH+0x0000000100359c00
instanceKlass  @bci org/languagetool/JLanguageTool checkInternalWithCustomRules (Lorg/languagetool/rules/patterns/RuleSet;Lorg/languagetool/markup/AnnotatedText;Lorg/languagetool/JLanguageTool$ParagraphHandling;Lorg/languagetool/RuleMatchListener;Lorg/languagetool/JLanguageTool$Mode;Lorg/languagetool/JLanguageTool$Level;Ljava/util/Set;Ljava/lang/Long;Ljava/util/List;Ljava/util/List;)Lorg/languagetool/CheckResults; 314 <appendix> form vmentry <vmtarget> ; # java/lang/invoke/LambdaForm$DMH+0x0000000100359800
instanceKlass  @bci org/languagetool/JLanguageTool checkInternalWithCustomRules (Lorg/languagetool/rules/patterns/RuleSet;Lorg/languagetool/markup/AnnotatedText;Lorg/languagetool/JLanguageTool$ParagraphHandling;Lorg/languagetool/RuleMatchListener;Lorg/languagetool/JLanguageTool$Mode;Lorg/languagetool/JLanguageTool$Level;Ljava/util/Set;Ljava/lang/Long;Ljava/util/List;Ljava/util/List;)Lorg/languagetool/CheckResults; 314 <appendix> member <vmtarget> ; # org/languagetool/JLanguageTool$$Lambda+0x000000010035c698
instanceKlass  @cpi org/languagetool/JLanguageTool 2254 form vmentry <vmtarget> ; # java/lang/invoke/LambdaForm$DMH+0x0000000100359400
instanceKlass org/languagetool/tools/WrappedValue
instanceKlass io/opentelemetry/api/internal/Utils
instanceKlass  @bci io/opentelemetry/api/common/ArrayBackedAttributes <clinit> ()V 0 <appendix> argL0 ; # io/opentelemetry/api/common/ArrayBackedAttributes$$Lambda+0x000000010035c250
instanceKlass io/opentelemetry/api/internal/ImmutableKeyValuePairs
instanceKlass io/opentelemetry/api/internal/InternalAttributeKeyImpl
instanceKlass io/opentelemetry/api/common/AttributeKey
instanceKlass io/opentelemetry/api/common/ArrayBackedAttributesBuilder
instanceKlass io/opentelemetry/api/common/AttributesBuilder
instanceKlass io/opentelemetry/api/common/Attributes
instanceKlass io/opentelemetry/api/trace/SpanBuilder
instanceKlass io/opentelemetry/api/trace/DefaultTracer
instanceKlass io/opentelemetry/api/trace/Tracer
instanceKlass io/opentelemetry/api/internal/IncubatingUtil
instanceKlass io/opentelemetry/api/trace/DefaultTracerProvider
instanceKlass io/opentelemetry/api/trace/TracerProvider
instanceKlass io/opentelemetry/api/GlobalOpenTelemetry$ObfuscatedOpenTelemetry
instanceKlass io/opentelemetry/context/propagation/NoopTextMapPropagator
instanceKlass io/opentelemetry/context/propagation/TextMapPropagator
instanceKlass io/opentelemetry/context/propagation/DefaultContextPropagators
instanceKlass io/opentelemetry/context/propagation/ContextPropagators
instanceKlass io/opentelemetry/api/DefaultOpenTelemetry
instanceKlass io/opentelemetry/api/OpenTelemetry
instanceKlass io/opentelemetry/api/GlobalOpenTelemetry
instanceKlass org/languagetool/CheckResults
instanceKlass  @bci org/bsplines/ltexls/parsing/DummyGenerator generate (Ljava/lang/String;IZ)Ljava/lang/String; 33 <appendix> form vmentry <vmtarget> ; # java/lang/invoke/LambdaForm$MH+0x0000000100359000
instanceKlass  @bci org/bsplines/ltexls/parsing/DummyGenerator generate (Ljava/lang/String;IZ)Ljava/lang/String; 33 <appendix> argL3 form vmentry <vmtarget> ; # java/lang/invoke/LambdaForm$MH+0x0000000100358c00
# instanceKlass java/lang/invoke/LambdaForm$MH+0x0000000100358800
# instanceKlass java/lang/invoke/LambdaForm$MH+0x0000000100358400
# instanceKlass java/lang/invoke/LambdaForm$MH+0x0000000100358000
instanceKlass com/google/common/primitives/IntsMethodsForWeb
instanceKlass org/languagetool/rules/patterns/RuleFilterEvaluator
instanceKlass org/languagetool/rules/SuggestedReplacement
instanceKlass org/languagetool/rules/MatchPosition
instanceKlass org/apache/commons/lang3/tuple/Pair
instanceKlass org/languagetool/rules/SuggestionWithMessage
instanceKlass java/util/stream/Nodes$IntArrayNode
instanceKlass java/util/stream/Node$Builder$OfInt
instanceKlass  @bci java/util/stream/IntPipeline toArray ()[I 1 <appendix> argL0 ; # java/util/stream/IntPipeline$$Lambda+0x00000001002686e8
instanceKlass java/lang/StringLatin1$CharsSpliterator
instanceKlass org/languagetool/rules/CompoundRuleData
instanceKlass  @bci org/languagetool/rules/spelling/morfologik/MorfologikSpellerRule match (Lorg/languagetool/AnalyzedSentence;)[Lorg/languagetool/rules/RuleMatch; 37 <appendix> argL0 ; # org/languagetool/rules/spelling/morfologik/MorfologikSpellerRule$$Lambda+0x0000000100351000
instanceKlass com/carrotsearch/hppc/cursors/IntCursor
instanceKlass com/carrotsearch/hppc/cursors/IntIntCursor
instanceKlass com/carrotsearch/hppc/AbstractIterator
instanceKlass morfologik/fsa/builders/CFSA2Serializer$3
instanceKlass com/carrotsearch/hppc/BoundedProportionalArraySizingStrategy
instanceKlass com/carrotsearch/hppc/predicates/IntPredicate
instanceKlass com/carrotsearch/hppc/AbstractIntCollection
instanceKlass com/carrotsearch/hppc/IntIndexedContainer
instanceKlass morfologik/fsa/builders/FSAUtils$IntIntHolder
instanceKlass morfologik/fsa/builders/CFSA2Serializer$2
instanceKlass morfologik/fsa/builders/CFSA2Serializer$1
instanceKlass com/carrotsearch/hppc/BitUtil
instanceKlass com/carrotsearch/hppc/HashContainers
instanceKlass com/carrotsearch/hppc/BitMixer
instanceKlass com/carrotsearch/hppc/Containers$1
instanceKlass com/carrotsearch/hppc/Containers
instanceKlass com/carrotsearch/hppc/RandomizedHashOrderMixer
instanceKlass com/carrotsearch/hppc/HashOrderMixing$4
instanceKlass com/carrotsearch/hppc/HashOrderMixing$1
instanceKlass com/carrotsearch/hppc/HashOrderMixingStrategy
instanceKlass com/carrotsearch/hppc/HashOrderMixing
instanceKlass com/carrotsearch/hppc/IntCollection
instanceKlass com/carrotsearch/hppc/IntContainer
instanceKlass com/carrotsearch/hppc/IntIntHashMap
instanceKlass com/carrotsearch/hppc/Accountable
instanceKlass com/carrotsearch/hppc/Preallocable
instanceKlass com/carrotsearch/hppc/IntIntMap
instanceKlass com/carrotsearch/hppc/IntIntAssociativeContainer
instanceKlass morfologik/fsa/StateVisitor
instanceKlass com/carrotsearch/hppc/ArraySizingStrategy
instanceKlass morfologik/fsa/builders/CFSA2Serializer
instanceKlass morfologik/fsa/builders/FSASerializer
instanceKlass morfologik/fsa/builders/FSABuilder$1
instanceKlass morfologik/fsa/builders/FSABuilder
instanceKlass org/languagetool/rules/spelling/morfologik/MorfologikMultiSpeller$BufferedReaderWithSource
instanceKlass  @bci org/languagetool/rules/spelling/morfologik/MorfologikMultiSpeller getPlainTextDictSpellerOrNull (Ljava/io/BufferedReader;Ljava/util/List;Ljava/io/BufferedReader;Ljava/lang/String;Ljava/lang/String;I)Lorg/languagetool/rules/spelling/morfologik/MorfologikSpeller; 6 <appendix> member <vmtarget> ; # org/languagetool/rules/spelling/morfologik/MorfologikMultiSpeller$$Lambda+0x00000001003497b0
instanceKlass org/languagetool/ExtendedSentenceRange
instanceKlass  @bci org/languagetool/JLanguageTool$TextCheckCallable getOtherRuleMatches (Ljava/util/Set;)Lorg/languagetool/CheckResults; 48 <appendix> argL0 ; # org/languagetool/JLanguageTool$TextCheckCallable$$Lambda+0x0000000100349118
instanceKlass  @bci org/languagetool/JLanguageTool$TextCheckCallable getOtherRuleMatches (Ljava/util/Set;)Lorg/languagetool/CheckResults; 34 <appendix> argL0 ; # org/languagetool/JLanguageTool$TextCheckCallable$$Lambda+0x0000000100348ed8
instanceKlass  @bci org/languagetool/rules/AbstractWordCoherencyRule match (Ljava/util/List;)[Lorg/languagetool/rules/RuleMatch; 113 <appendix> argL0 ; # org/languagetool/rules/AbstractWordCoherencyRule$$Lambda+0x0000000100341db8
instanceKlass org/apache/commons/lang3/Strings
instanceKlass  @bci org/languagetool/rules/GenericUnpairedBracketsRule match (Ljava/util/List;)[Lorg/languagetool/rules/RuleMatch; 251 <appendix> member <vmtarget> ; # org/languagetool/rules/GenericUnpairedBracketsRule$$Lambda+0x0000000100341b70
instanceKlass  @bci org/languagetool/JLanguageTool$TextCheckCallable getTextLevelRuleMatches ()Ljava/util/List; 102 <appendix> argL0 ; # org/languagetool/JLanguageTool$TextCheckCallable$$Lambda+0x0000000100341930
instanceKlass org/languagetool/JLanguageTool$TextCheckCallable
instanceKlass org/languagetool/JLanguageTool$SentenceData
instanceKlass  @bci org/languagetool/JLanguageTool checkInternalWithCustomRules (Lorg/languagetool/rules/patterns/RuleSet;Lorg/languagetool/markup/AnnotatedText;Lorg/languagetool/JLanguageTool$ParagraphHandling;Lorg/languagetool/RuleMatchListener;Lorg/languagetool/JLanguageTool$Mode;Lorg/languagetool/JLanguageTool$Level;Ljava/util/Set;Ljava/lang/Long;Ljava/util/List;Ljava/util/List;)Lorg/languagetool/CheckResults; 76 <appendix> member <vmtarget> ; # org/languagetool/JLanguageTool$$Lambda+0x00000001003414b0
instanceKlass  @bci org/languagetool/JLanguageTool checkInternalWithCustomRules (Lorg/languagetool/rules/patterns/RuleSet;Lorg/languagetool/markup/AnnotatedText;Lorg/languagetool/JLanguageTool$ParagraphHandling;Lorg/languagetool/RuleMatchListener;Lorg/languagetool/JLanguageTool$Mode;Lorg/languagetool/JLanguageTool$Level;Ljava/util/Set;Ljava/lang/Long;Ljava/util/List;Ljava/util/List;)Lorg/languagetool/CheckResults; 58 <appendix> member <vmtarget> ; # org/languagetool/JLanguageTool$$Lambda+0x0000000100341258
instanceKlass  @bci org/languagetool/JLanguageTool lambda$getActiveRulesForLevelAndToneTags$11 (Lorg/languagetool/JLanguageTool$Level;Ljava/util/Set;Lorg/languagetool/LevelToneTagCacheKey;)Lorg/languagetool/rules/patterns/RuleSet; 17 <appendix> member <vmtarget> ; # org/languagetool/JLanguageTool$$Lambda+0x0000000100341000
instanceKlass  @bci org/languagetool/JLanguageTool getActiveRulesForLevelAndToneTags (Lorg/languagetool/JLanguageTool$Level;Ljava/util/Set;)Lorg/languagetool/rules/patterns/RuleSet; 18 <appendix> member <vmtarget> ; # org/languagetool/JLanguageTool$$Lambda+0x0000000100343b80
instanceKlass org/languagetool/LevelToneTagCacheKey
instanceKlass org/languagetool/rules/RuleMatch
instanceKlass org/languagetool/rules/RuleWithMaxFilter
instanceKlass  @bci org/languagetool/rules/patterns/PatternRuleMatcher match (Lorg/languagetool/AnalyzedSentence;)[Lorg/languagetool/rules/RuleMatch; 83 <appendix> member <vmtarget> ; # org/languagetool/rules/patterns/PatternRuleMatcher$$Lambda+0x0000000100342f50
instanceKlass  @cpi org/languagetool/rules/patterns/PatternRuleMatcher 653 form vmentry <vmtarget> ; # java/lang/invoke/LambdaForm$DMH+0x0000000100340c00
instanceKlass org/languagetool/rules/RuleMatchFilter
instanceKlass  @bci org/languagetool/rules/patterns/Unifier checkNext (Lorg/languagetool/AnalyzedToken;Ljava/util/Map;)Z 321 <appendix> argL0 ; # org/languagetool/rules/patterns/Unifier$$Lambda+0x00000001003428c8
instanceKlass  @bci org/languagetool/rules/patterns/Unifier checkNext (Lorg/languagetool/AnalyzedToken;Ljava/util/Map;)Z 288 <appendix> argL0 ; # org/languagetool/rules/patterns/Unifier$$Lambda+0x0000000100342688
instanceKlass  @bci org/languagetool/rules/patterns/Unifier isSatisfied (Lorg/languagetool/AnalyzedToken;Ljava/util/Map;)Z 284 <appendix> argL0 ; # org/languagetool/rules/patterns/Unifier$$Lambda+0x0000000100342448
instanceKlass  @bci org/languagetool/rules/patterns/AbstractPatternRulePerformer testAllReadings ([Lorg/languagetool/AnalyzedTokenReadings;Lorg/languagetool/rules/patterns/PatternTokenMatcher;Lorg/languagetool/rules/patterns/PatternTokenMatcher;III)Z 673 <appendix> argL0 ; # org/languagetool/rules/patterns/AbstractPatternRulePerformer$$Lambda+0x0000000100342208
instanceKlass org/languagetool/rules/patterns/CaseConversionHelper$1
instanceKlass org/languagetool/rules/patterns/CaseConversionHelper
instanceKlass org/languagetool/rules/patterns/MatchState
instanceKlass org/languagetool/GlobalConfig
instanceKlass org/languagetool/tagging/disambiguation/rules/DisambiguationPatternRuleReplacer$1
instanceKlass java/util/stream/Sink$ChainedInt
instanceKlass  @bci org/languagetool/tagging/disambiguation/rules/DisambiguationPatternRuleReplacer lambda$replace$1 ([Lorg/languagetool/AnalyzedTokenReadings;Lorg/languagetool/AnalyzedSentence;[[Lorg/languagetool/AnalyzedTokenReadings;[Z[IIIII)V 88 <appendix> argL0 ; # org/languagetool/tagging/disambiguation/rules/DisambiguationPatternRuleReplacer$$Lambda+0x00000001003473c8
instanceKlass java/util/function/IntPredicate
instanceKlass java/util/Spliterators$IntArraySpliterator
instanceKlass  @bci org/languagetool/tagging/disambiguation/rules/DisambiguationPatternRuleReplacer replace (Lorg/languagetool/AnalyzedSentence;)Lorg/languagetool/AnalyzedSentence; 42 <appendix> form vmentry <vmtarget> ; # java/lang/invoke/LambdaForm$DMH+0x0000000100340800
instanceKlass  @bci org/languagetool/tagging/disambiguation/rules/DisambiguationPatternRuleReplacer replace (Lorg/languagetool/AnalyzedSentence;)Lorg/languagetool/AnalyzedSentence; 42 <appendix> member <vmtarget> ; # org/languagetool/tagging/disambiguation/rules/DisambiguationPatternRuleReplacer$$Lambda+0x00000001003471a0
instanceKlass  @cpi org/languagetool/tagging/disambiguation/rules/DisambiguationPatternRuleReplacer 510 form vmentry <vmtarget> ; # java/lang/invoke/LambdaForm$DMH+0x0000000100340400
instanceKlass org/languagetool/rules/patterns/AbstractPatternRulePerformer$MatchConsumer
instanceKlass org/languagetool/rules/patterns/PatternTokenMatcher
instanceKlass org/languagetool/rules/patterns/Unifier
instanceKlass org/languagetool/rules/patterns/AbstractPatternRulePerformer
instanceKlass org/languagetool/AnalyzedTokenReadings$1
instanceKlass  @bci org/apache/commons/text/WordUtils generateIsDelimiterFunction ([C)Ljava/util/function/Predicate; 13 <appendix> argL0 ; # org/apache/commons/text/WordUtils$$Lambda+0x0000000100346040
instanceKlass org/apache/commons/text/WordUtils
instanceKlass  @bci org/languagetool/rules/patterns/RuleSet hinted (Ljava/util/List;Z)Lorg/languagetool/rules/patterns/RuleSet; 185 <appendix> argL0 ; # org/languagetool/rules/patterns/RuleSet$$Lambda+0x0000000100345bf8
instanceKlass  @bci org/languagetool/rules/patterns/RuleSet hinted (Ljava/util/List;Z)Lorg/languagetool/rules/patterns/RuleSet; 104 <appendix> argL0 ; # org/languagetool/rules/patterns/RuleSet$$Lambda+0x00000001003459a8
instanceKlass org/languagetool/rules/patterns/RuleSet
instanceKlass org/languagetool/tagging/disambiguation/rules/DisambiguatedExample
instanceKlass  @bci org/languagetool/tagging/disambiguation/MultiWordChunker getInstance (Ljava/lang/String;ZZZLjava/lang/String;)Lorg/languagetool/tagging/disambiguation/MultiWordChunker; 22 <appendix> member <vmtarget> ; # org/languagetool/tagging/disambiguation/MultiWordChunker$$Lambda+0x0000000100344000
instanceKlass org/languagetool/tagging/disambiguation/MultiWordChunker$Settings
instanceKlass  @bci org/languagetool/AnalyzedSentence indexLemmas ([Lorg/languagetool/AnalyzedTokenReadings;)Ljava/util/Map; 76 <appendix> argL0 ; # org/languagetool/AnalyzedSentence$$Lambda+0x000000010033f6d8
instanceKlass  @bci org/languagetool/AnalyzedSentence indexTokens ([Lorg/languagetool/AnalyzedTokenReadings;)Ljava/util/Map; 28 <appendix> argL0 ; # org/languagetool/AnalyzedSentence$$Lambda+0x000000010033f498
instanceKlass org/languagetool/AnalyzedSentence
instanceKlass org/languagetool/SimpleInputSentence
instanceKlass java/util/LinkedList$ListItr
instanceKlass net/loomchild/segment/srx/RuleMatcher
instanceKlass net/loomchild/segment/srx/RuleManager
instanceKlass net/loomchild/segment/srx/TextManager
instanceKlass net/loomchild/segment/AbstractTextIterator
instanceKlass  @bci org/languagetool/JLanguageTool cleanText (Lorg/languagetool/markup/AnnotatedText;)Lorg/languagetool/markup/AnnotatedText; 38 <appendix> member <vmtarget> ; # org/languagetool/JLanguageTool$$Lambda+0x000000010033e070
instanceKlass  @bci org/languagetool/JLanguageTool cleanText (Lorg/languagetool/markup/AnnotatedText;)Lorg/languagetool/markup/AnnotatedText; 18 <appendix> member <vmtarget> ; # org/languagetool/JLanguageTool$$Lambda+0x000000010033de38
instanceKlass  @cpi org/languagetool/JLanguageTool 2228 form vmentry <vmtarget> ; # java/lang/invoke/LambdaForm$DMH+0x0000000100340000
instanceKlass  @bci org/bsplines/ltexls/languagetool/LanguageToolJavaInterface checkInternal (Lorg/bsplines/ltexls/parsing/AnnotatedTextFragment;)Ljava/util/List; 79 <appendix> member <vmtarget> ; # org/bsplines/ltexls/languagetool/LanguageToolJavaInterface$$Lambda+0x000000010033ced0
instanceKlass org/languagetool/JLanguageTool$CheckCancelledCallback
instanceKlass org/apache/commons/lang3/Validate
instanceKlass org/apache/commons/lang3/ArrayUtils
instanceKlass org/apache/commons/lang3/Range
instanceKlass  @bci org/apache/commons/text/translate/AggregateTranslator <init> ([Lorg/apache/commons/text/translate/CharSequenceTranslator;)V 42 <appendix> member <vmtarget> ; # org/apache/commons/text/translate/AggregateTranslator$$Lambda+0x000000010033ac28
instanceKlass  @bci org/apache/commons/text/translate/AggregateTranslator <init> ([Lorg/apache/commons/text/translate/CharSequenceTranslator;)V 23 <appendix> argL0 ; # org/apache/commons/text/translate/AggregateTranslator$$Lambda+0x000000010033a9d8
instanceKlass  @bci java/util/Collections$UnmodifiableMap$UnmodifiableEntrySet entryConsumer (Ljava/util/function/Consumer;)Ljava/util/function/Consumer; 1 <appendix> member <vmtarget> ; # java/util/Collections$UnmodifiableMap$UnmodifiableEntrySet$$Lambda+0x0000000100263db0
instanceKlass  @bci org/apache/commons/text/translate/EntityArrays invert (Ljava/util/Map;)Ljava/util/Map; 16 <appendix> argL0 ; # org/apache/commons/text/translate/EntityArrays$$Lambda+0x000000010033a140
instanceKlass  @bci org/apache/commons/text/translate/EntityArrays invert (Ljava/util/Map;)Ljava/util/Map; 11 <appendix> argL0 ; # org/apache/commons/text/translate/EntityArrays$$Lambda+0x0000000100339f00
instanceKlass java/util/Collections$UnmodifiableMap$UnmodifiableEntrySet$UnmodifiableEntrySetSpliterator
instanceKlass org/apache/commons/text/translate/EntityArrays
instanceKlass org/apache/commons/text/translate/CharSequenceTranslator
instanceKlass org/apache/commons/text/StringEscapeUtils
instanceKlass java/util/ArrayList$SubList$1
instanceKlass kotlin/text/Charsets
instanceKlass java/util/ComparableTimSort
instanceKlass org/bsplines/ltexls/parsing/FragmentCacheKey
instanceKlass org/bsplines/ltexls/parsing/AnnotatedTextSlicer$Slice
instanceKlass org/bsplines/ltexls/parsing/AnnotatedTextSlicer
instanceKlass org/languagetool/markup/TextPart
instanceKlass org/languagetool/markup/MappingValue
instanceKlass org/languagetool/markup/AnnotatedText
instanceKlass org/bsplines/ltexls/parsing/AnnotatedTextFragment$Companion
instanceKlass org/bsplines/ltexls/parsing/AnnotatedTextFragment
instanceKlass kotlin/UNINITIALIZED_VALUE
instanceKlass kotlin/SynchronizedLazyImpl
instanceKlass kotlin/Lazy
instanceKlass kotlin/LazyKt__LazyJVMKt
instanceKlass  @bci org/bsplines/ltexls/parsing/CharacterBasedCodeAnnotatedTextBuilder$AnchoredMatchResult <init> (Ljava/lang/CharSequence;I[I[I)V 61 <appendix> member <vmtarget> ; # org/bsplines/ltexls/parsing/CharacterBasedCodeAnnotatedTextBuilder$AnchoredMatchResult$$Lambda+0x00000001003339a8
instanceKlass org/bsplines/ltexls/parsing/CharacterBasedCodeAnnotatedTextBuilder$AnchoredMatchResult$groups$1
instanceKlass org/bsplines/ltexls/parsing/CharacterBasedCodeAnnotatedTextBuilder$AnchoredMatchResult$Companion
instanceKlass org/bsplines/ltexls/parsing/CharacterBasedCodeAnnotatedTextBuilder$AnchoredMatchResult
instanceKlass org/bsplines/ltexls/parsing/latex/LatexEnvironmentSignature$Companion
instanceKlass kotlin/collections/ArrayAsCollection
instanceKlass org/bsplines/ltexls/parsing/latex/LatexAnnotatedTextBuilderDefaults
instanceKlass org/bsplines/ltexls/parsing/CodeModeHandler
instanceKlass org/bsplines/ltexls/parsing/latex/LatexAnnotatedTextBuilder$Companion
instanceKlass org/bsplines/ltexls/parsing/CodeAnnotatedTextBuilder$Companion
instanceKlass org/languagetool/markup/AnnotatedTextBuilder
instanceKlass org/bsplines/ltexls/parsing/program/ProgramCommentRegexs$Companion
instanceKlass org/bsplines/ltexls/parsing/program/ProgramCommentRegexs
instanceKlass org/bsplines/ltexls/server/DocumentChecker$CacheRunStats
instanceKlass org/bsplines/ltexls/parsing/latex/LatexCommandSignatureMatch
instanceKlass org/bsplines/ltexls/parsing/latex/LatexCommandSignature$Companion$WhenMappings
instanceKlass kotlin/collections/ArrayDeque$Companion
instanceKlass kotlin/jvm/internal/markers/KMutableList
instanceKlass kotlin/jvm/internal/markers/KMutableCollection
instanceKlass kotlin/jvm/internal/markers/KMutableIterable
instanceKlass org/bsplines/ltexls/settings/SettingsOverride$Companion
instanceKlass org/bsplines/ltexls/settings/SettingsOverride
instanceKlass kotlin/sequences/GeneratorSequence$iterator$1
instanceKlass kotlin/sequences/GeneratorSequence
instanceKlass kotlin/sequences/Sequence
instanceKlass kotlin/sequences/SequencesKt__SequenceBuilderKt
instanceKlass  @bci org/languagetool/rules/spelling/multitoken/MultitokenSpeller getSuggestions (Ljava/lang/String;Z)Ljava/util/List; 27 <adapter> ; # java/lang/invoke/LambdaForm$MH+0x0000000100330800
# instanceKlass java/lang/invoke/LambdaForm$DMH+0x0000000100330400
instanceKlass  @bci org/languagetool/rules/spelling/multitoken/MultitokenSpeller getSuggestions (Ljava/lang/String;Z)Ljava/util/List; 27 <appendix> form vmentry <vmtarget> ; # java/lang/invoke/LambdaForm$DMH+0x0000000100330000
instanceKlass  @bci kotlin/text/Regex findAll (Ljava/lang/CharSequence;I)Lkotlin/sequences/Sequence; 64 <appendix> member <vmtarget> ; # kotlin/text/Regex$$Lambda+0x000000010032e970
instanceKlass org/bsplines/ltexls/parsing/CodeFragment
instanceKlass org/bsplines/ltexls/parsing/RegexCodeFragmentizer$Companion
instanceKlass kotlin/_Assertions
instanceKlass kotlin/internal/PlatformImplementations
instanceKlass kotlin/internal/PlatformImplementationsKt
instanceKlass kotlin/text/jdk8/RegexExtensionsJDK8Kt
instanceKlass kotlin/text/MatchGroup
instanceKlass kotlin/internal/ProgressionUtilKt
instanceKlass kotlin/ranges/IntRange$Companion
instanceKlass kotlin/ranges/IntProgression$Companion
instanceKlass kotlin/ranges/IntProgression
instanceKlass kotlin/ranges/OpenEndRange
instanceKlass kotlin/ranges/ClosedRange
instanceKlass org/bsplines/ltexls/parsing/DummyGenerator$Companion
instanceKlass org/bsplines/ltexls/parsing/DummyGenerator
instanceKlass org/bsplines/ltexls/parsing/latex/LatexCommandSignature$Companion
instanceKlass org/bsplines/ltexls/parsing/latex/LatexCommandSignature
instanceKlass org/bsplines/ltexls/parsing/latex/LatexCommandSignatureMatcher$Companion
instanceKlass org/bsplines/ltexls/parsing/latex/LatexCommandSignatureMatcher
instanceKlass kotlin/text/FlagEnum
instanceKlass org/bsplines/ltexls/parsing/latex/LatexFragmentizer$Companion
instanceKlass org/bsplines/ltexls/parsing/CodeFragmentizer$Companion
instanceKlass org/bsplines/ltexls/parsing/CodeFragmentizer
instanceKlass  @bci org/languagetool/ToneTag <clinit> ()V 230 <appendix> argL0 ; # org/languagetool/ToneTag$$Lambda+0x0000000100329438
instanceKlass  @bci org/languagetool/rules/Rule addToneTags (Ljava/util/List;)V 71 <appendix> member <vmtarget> ; # org/languagetool/rules/Rule$$Lambda+0x00000001003291e0
instanceKlass  @bci org/languagetool/rules/pt/BrazilianToponymMapLoader getToponymsFromState (Ljava/lang/String;)Ljava/util/List; 21 <appendix> argL0 ; # org/languagetool/rules/pt/BrazilianToponymMapLoader$$Lambda+0x0000000100328d58
instanceKlass org/languagetool/rules/pt/BrazilianToponymMapLoader
instanceKlass org/languagetool/rules/pt/BrazilianToponymMap
instanceKlass java/util/AbstractList$SubList$1
instanceKlass org/languagetool/rules/pt/ConfusionPairsDataLoader
instanceKlass org/languagetool/rules/pt/DateFilterHelper
instanceKlass org/languagetool/rules/patterns/EquivalenceTypeLocator
instanceKlass com/sun/xml/internal/stream/StaxXMLInputSource
instanceKlass org/languagetool/RuleEntityResolver
instanceKlass org/languagetool/rules/pt/PortugueseAccentuationDataLoader
instanceKlass org/bsplines/ltexls/settings/SettingsDifference
instanceKlass kotlin/text/MatchResult$Destructured
instanceKlass kotlin/text/MatchResult$DefaultImpls
instanceKlass kotlin/text/MatchNamedGroupCollection
instanceKlass kotlin/text/MatchGroupCollection
instanceKlass kotlin/text/MatcherMatchResult
instanceKlass kotlin/text/MatchResult
instanceKlass kotlin/text/RegexKt
instanceKlass kotlin/text/CharsKt__CharJVMKt
instanceKlass org/eclipse/lsp4j/ConfigurationItem
instanceKlass org/eclipse/lsp4j/WorkDoneProgressBegin
instanceKlass org/eclipse/lsp4j/adapters/WorkDoneProgressNotificationAdapter$1
instanceKlass  @bci org/eclipse/lsp4j/adapters/ProgressNotificationAdapter create (Lcom/google/gson/Gson;Lcom/google/gson/reflect/TypeToken;)Lcom/google/gson/TypeAdapter; 63 <appendix> argL0 ; # org/eclipse/lsp4j/adapters/ProgressNotificationAdapter$$Lambda+0x000000010031a268
instanceKlass  @bci java/util/function/Predicate or (Ljava/util/function/Predicate;)Ljava/util/function/Predicate; 7 <appendix> member <vmtarget> ; # java/util/function/Predicate$$Lambda+0x0000000100260fb8
instanceKlass  @cpi java/util/function/Predicate 72 form vmentry <vmtarget> ; # java/lang/invoke/LambdaForm$DMH+0x0000000100319000
instanceKlass org/eclipse/lsp4j/jsonrpc/json/adapters/EitherTypeAdapter$PropertyChecker
instanceKlass com/google/gson/JsonDeserializer
instanceKlass com/google/gson/JsonSerializer
instanceKlass  @bci java/util/ArrayDeque copyElements (Ljava/util/Collection;)V 2 <appendix> member <vmtarget> ; # java/util/ArrayDeque$$Lambda+0x0000000100260d80
instanceKlass org/eclipse/lsp4j/adapters/ProgressNotificationAdapter
instanceKlass org/eclipse/lsp4j/WorkDoneProgressEnd
instanceKlass org/eclipse/lsp4j/WorkDoneProgressNotification
instanceKlass com/google/gson/JsonParser
instanceKlass  @bci org/eclipse/lsp4j/jsonrpc/json/adapters/CollectionTypeAdapter$Factory getConstructor (Ljava/lang/Class;)Ljava/util/function/Supplier; 10 <appendix> member <vmtarget> ; # org/eclipse/lsp4j/jsonrpc/json/adapters/CollectionTypeAdapter$Factory$$Lambda+0x000000010031ebe0
# instanceKlass java/lang/invoke/LambdaForm$MH+0x0000000100318c00
instanceKlass org/eclipse/lsp4j/DiagnosticRelatedInformation
instanceKlass org/eclipse/lsp4j/DiagnosticCodeDescription
instanceKlass org/eclipse/lsp4j/Diagnostic
instanceKlass org/eclipse/lsp4j/Position
instanceKlass java/util/concurrent/ForkJoinTask$Aux
instanceKlass org/eclipse/lsp4j/CodeActionContext
instanceKlass org/eclipse/lsp4j/jsonrpc/RemoteEndpoint$PendingRequestInfo
instanceKlass org/eclipse/lsp4j/TextDocumentIdentifier
instanceKlass com/google/gson/internal/LinkedTreeMap$LinkedTreeMapIterator
instanceKlass  @bci org/bsplines/ltexls/server/LtexWorkspaceService didChangeConfiguration$lambda$0 (Lorg/bsplines/ltexls/server/LtexWorkspaceService;Lorg/bsplines/ltexls/server/LtexTextDocumentItem;)Lkotlin/Unit; 26 <appendix> member <vmtarget> ; # org/bsplines/ltexls/server/LtexWorkspaceService$$Lambda+0x000000010031d138
instanceKlass  @bci org/bsplines/ltexls/server/LtexWorkspaceService didChangeConfiguration (Lorg/eclipse/lsp4j/DidChangeConfigurationParams;)V 14 <appendix> member <vmtarget> ; # org/bsplines/ltexls/server/LtexWorkspaceService$$Lambda+0x000000010031cf10
# instanceKlass java/lang/invoke/LambdaForm$MH+0x0000000100318800
instanceKlass com/google/gson/internal/Streams$AppendableWriter$CurrentWrite
instanceKlass org/bsplines/ltexls/tools/Tools
instanceKlass  @bci org/bsplines/ltexls/server/LtexTextDocumentService didOpen (Lorg/eclipse/lsp4j/DidOpenTextDocumentParams;)V 97 <appendix> member <vmtarget> ; # org/bsplines/ltexls/server/LtexTextDocumentService$$Lambda+0x000000010031c440
# instanceKlass java/lang/invoke/LambdaForm$MH+0x0000000100318400
# instanceKlass java/lang/invoke/LambdaForm$MH+0x0000000100318000
instanceKlass  @bci org/eclipse/lsp4j/jsonrpc/RemoteEndpoint handleRequest (Lorg/eclipse/lsp4j/jsonrpc/messages/RequestMessage;)V 142 <appendix> member <vmtarget> ; # org/eclipse/lsp4j/jsonrpc/RemoteEndpoint$$Lambda+0x0000000100317bf8
instanceKlass  @bci org/eclipse/lsp4j/jsonrpc/RemoteEndpoint handleRequest (Lorg/eclipse/lsp4j/jsonrpc/messages/RequestMessage;)V 132 <appendix> member <vmtarget> ; # org/eclipse/lsp4j/jsonrpc/RemoteEndpoint$$Lambda+0x00000001003179b0
instanceKlass org/eclipse/lsp4j/SemanticTokensServerFull
instanceKlass org/eclipse/lsp4j/SemanticTokensLegend
instanceKlass org/eclipse/lsp4j/FileOperationPatternOptions
instanceKlass org/eclipse/lsp4j/FileOperationPattern
instanceKlass org/eclipse/lsp4j/FileOperationFilter
instanceKlass org/eclipse/lsp4j/FileOperationOptions
instanceKlass org/eclipse/lsp4j/FileOperationsServerCapabilities
instanceKlass org/eclipse/lsp4j/DocumentFilter
instanceKlass org/eclipse/lsp4j/CompletionItemOptions
instanceKlass org/eclipse/lsp4j/NotebookSelectorCell
instanceKlass org/eclipse/lsp4j/NotebookDocumentFilter
instanceKlass org/eclipse/lsp4j/NotebookSelector
instanceKlass org/eclipse/lsp4j/SaveOptions
instanceKlass org/eclipse/lsp4j/TextDocumentSyncOptions
instanceKlass org/eclipse/lsp4j/TextDocumentRegistrationOptions
instanceKlass org/eclipse/lsp4j/DocumentOnTypeFormattingOptions
instanceKlass org/eclipse/lsp4j/NotebookDocumentSyncRegistrationOptions
instanceKlass com/google/gson/internal/Streams
instanceKlass  @bci org/eclipse/lsp4j/jsonrpc/RemoteEndpoint handleRequest (Lorg/eclipse/lsp4j/jsonrpc/messages/RequestMessage;)V 121 <appendix> member <vmtarget> ; # org/eclipse/lsp4j/jsonrpc/RemoteEndpoint$$Lambda+0x0000000100310d60
instanceKlass java/util/concurrent/ForkJoinTask
instanceKlass java/util/concurrent/CompletableFuture$AsynchronousCompletionTask
instanceKlass java/util/concurrent/ForkJoinPool$2
instanceKlass jdk/internal/access/JavaUtilConcurrentFJPAccess
instanceKlass java/util/concurrent/ForkJoinPool$DefaultForkJoinWorkerThreadFactory
instanceKlass java/util/concurrent/ForkJoinPool$WorkQueue
instanceKlass java/util/concurrent/ForkJoinPool$ForkJoinWorkerThreadFactory
instanceKlass java/util/concurrent/CompletableFuture$AltResult
instanceKlass org/eclipse/lsp4j/ServerInfo
instanceKlass org/eclipse/lsp4j/WorkspaceServerCapabilities
instanceKlass org/eclipse/lsp4j/WorkspaceFoldersOptions
instanceKlass org/eclipse/lsp4j/AbstractWorkDoneProgressOptions
instanceKlass org/eclipse/lsp4j/WorkDoneProgressOptions
instanceKlass org/eclipse/lsp4j/ServerCapabilities
instanceKlass kotlin/ranges/RangesKt__RangesKt
instanceKlass  @bci sun/util/locale/provider/JRELocaleProviderAdapter getDateFormatSymbolsProvider ()Ljava/text/spi/DateFormatSymbolsProvider; 8 <appendix> member <vmtarget> ; # sun/util/locale/provider/JRELocaleProviderAdapter$$Lambda+0x000000010025e768
instanceKlass java/text/DateFormatSymbols
instanceKlass java/time/ZonedDateTime$1
instanceKlass java/util/Formatter$DateTime
instanceKlass java/util/logging/Level$RbAccess
instanceKlass  @bci java/util/logging/LogRecord inferCaller ()V 18 <appendix> member <vmtarget> ; # java/util/logging/LogRecord$$Lambda+0x000000010025d5b8
instanceKlass java/lang/StackStreamFactory$FrameBuffer
instanceKlass java/lang/StackStreamFactory
instanceKlass  @bci java/util/logging/LogRecord$CallerFinder get ()Ljava/util/Optional; 4 <appendix> member <vmtarget> ; # java/util/logging/LogRecord$CallerFinder$$Lambda+0x000000010025b608
instanceKlass  @bci java/util/logging/LogRecord$CallerFinder <clinit> ()V 0 <appendix> argL0 ; # java/util/logging/LogRecord$CallerFinder$$Lambda+0x000000010025afa8
instanceKlass java/util/logging/LogRecord$CallerFinder
instanceKlass java/time/zone/Ser
instanceKlass java/io/Externalizable
instanceKlass java/time/zone/ZoneRulesProvider$1
instanceKlass java/time/zone/ZoneRulesProvider
instanceKlass sun/util/calendar/ZoneInfoFile$ZoneOffsetTransitionRule
instanceKlass sun/util/calendar/ZoneInfoFile$1
instanceKlass sun/util/calendar/ZoneInfoFile
instanceKlass java/util/logging/LogRecord
instanceKlass java/text/AttributedCharacterIterator$Attribute
instanceKlass kotlin/text/StringsKt__AppendableKt
instanceKlass org/bsplines/ltexls/tools/I18n
# instanceKlass java/lang/invoke/LambdaForm$MH+0x000000010030d000
# instanceKlass java/lang/invoke/LambdaForm$MH+0x000000010030cc00
instanceKlass  @cpi org/languagetool/rules/GRPCPostProcessing 596 form vmentry <vmtarget> ; # java/lang/invoke/LambdaForm$DMH+0x000000010030c800
instanceKlass com/google/gson/internal/LinkedTreeMap$Node
instanceKlass com/google/gson/internal/LinkedTreeMap$1
instanceKlass com/google/gson/internal/bind/JsonElementTypeAdapter$1
instanceKlass org/eclipse/lsp4j/jsonrpc/util/Preconditions
# instanceKlass java/lang/invoke/LambdaForm$MH+0x000000010030c400
# instanceKlass java/lang/invoke/LambdaForm$MH+0x000000010030c000
instanceKlass org/eclipse/lsp4j/jsonrpc/json/adapters/JsonElementTypeAdapter$Factory
instanceKlass org/eclipse/lsp4j/StaleRequestCapabilities
instanceKlass org/eclipse/lsp4j/MarkdownCapabilities
instanceKlass org/eclipse/lsp4j/RegularExpressionsCapabilities
instanceKlass org/eclipse/lsp4j/WindowShowMessageRequestActionItemCapabilities
instanceKlass org/eclipse/lsp4j/ShowDocumentCapabilities
instanceKlass org/eclipse/lsp4j/WindowShowMessageRequestCapabilities
instanceKlass org/eclipse/lsp4j/InlayHintResolveSupportCapabilities
instanceKlass org/eclipse/lsp4j/SemanticTokensClientCapabilitiesRequestsFull
instanceKlass org/eclipse/lsp4j/SemanticTokensClientCapabilitiesRequests
instanceKlass org/eclipse/lsp4j/FoldingRangeSupportCapabilities
instanceKlass org/eclipse/lsp4j/FoldingRangeKindSupportCapabilities
instanceKlass org/eclipse/lsp4j/jsonrpc/json/adapters/EitherTypeAdapter$EitherTypeArgument
instanceKlass org/eclipse/lsp4j/DiagnosticsTagSupport
instanceKlass org/eclipse/lsp4j/CodeActionKindCapabilities
instanceKlass org/eclipse/lsp4j/CodeActionResolveSupportCapabilities
instanceKlass org/eclipse/lsp4j/CodeActionLiteralSupportCapabilities
instanceKlass org/eclipse/lsp4j/ParameterInformationCapabilities
instanceKlass org/eclipse/lsp4j/SignatureInformationCapabilities
instanceKlass org/eclipse/lsp4j/CompletionItemInsertTextModeSupportCapabilities
instanceKlass org/eclipse/lsp4j/CompletionItemResolveSupportCapabilities
instanceKlass org/eclipse/lsp4j/CompletionItemTagSupportCapabilities
instanceKlass org/eclipse/lsp4j/CompletionListCapabilities
instanceKlass org/eclipse/lsp4j/CompletionItemCapabilities
instanceKlass org/eclipse/lsp4j/CompletionItemKindCapabilities
instanceKlass org/eclipse/lsp4j/PublishDiagnosticsCapabilities
instanceKlass org/eclipse/lsp4j/WorkspaceSymbolResolveSupportCapabilities
instanceKlass org/eclipse/lsp4j/SymbolTagSupportCapabilities
instanceKlass org/eclipse/lsp4j/SymbolKindCapabilities
instanceKlass  @bci org/eclipse/lsp4j/jsonrpc/json/adapters/CollectionTypeAdapter$Factory getConstructor (Ljava/lang/Class;)Ljava/util/function/Supplier; 62 <appendix> argL0 ; # org/eclipse/lsp4j/jsonrpc/json/adapters/CollectionTypeAdapter$Factory$$Lambda+0x00000001003008d0
instanceKlass org/eclipse/lsp4j/jsonrpc/json/adapters/TypeUtils$ParameterizedTypeImpl
instanceKlass org/eclipse/lsp4j/WorkspaceEditChangeAnnotationSupportCapabilities
instanceKlass org/eclipse/lsp4j/DiagnosticWorkspaceCapabilities
instanceKlass org/eclipse/lsp4j/InlineValueWorkspaceCapabilities
instanceKlass org/eclipse/lsp4j/InlayHintWorkspaceCapabilities
instanceKlass org/eclipse/lsp4j/CodeLensWorkspaceCapabilities
instanceKlass org/eclipse/lsp4j/SemanticTokensWorkspaceCapabilities
instanceKlass org/eclipse/lsp4j/DynamicRegistrationCapabilities
instanceKlass org/eclipse/lsp4j/WorkspaceEditCapabilities
instanceKlass org/eclipse/lsp4j/GeneralClientCapabilities
instanceKlass org/eclipse/lsp4j/NotebookDocumentClientCapabilities
instanceKlass org/eclipse/lsp4j/WindowClientCapabilities
instanceKlass org/eclipse/lsp4j/TextDocumentClientCapabilities
instanceKlass org/eclipse/lsp4j/WorkspaceClientCapabilities
instanceKlass org/eclipse/lsp4j/ClientCapabilities
instanceKlass com/google/gson/internal/bind/ReflectiveTypeAdapterFactory$FieldsData
instanceKlass org/eclipse/lsp4j/jsonrpc/validation/NonNull
instanceKlass com/google/gson/annotations/SerializedName
# instanceKlass java/lang/invoke/LambdaForm$MH+0x00000001002f8c00
instanceKlass sun/invoke/util/ValueConversions$WrapperCache
instanceKlass org/eclipse/lsp4j/ClientInfo
instanceKlass com/google/gson/internal/Primitives
instanceKlass  @bci com/google/gson/internal/ConstructorConstructor newDefaultConstructor (Ljava/lang/Class;Lcom/google/gson/ReflectionAccessFilter$FilterResult;)Lcom/google/gson/internal/ObjectConstructor; 134 <appendix> member <vmtarget> ; # com/google/gson/internal/ConstructorConstructor$$Lambda+0x00000001002ff458
instanceKlass com/google/gson/internal/ReflectionAccessFilterHelper
instanceKlass org/eclipse/lsp4j/adapters/InitializeParamsTypeAdapter$Factory
instanceKlass com/google/gson/annotations/JsonAdapter
instanceKlass org/eclipse/lsp4j/jsonrpc/messages/Tuple$Two
instanceKlass org/eclipse/lsp4j/jsonrpc/messages/Tuple
instanceKlass org/eclipse/lsp4j/jsonrpc/json/adapters/TypeUtils
instanceKlass java/lang/reflect/AnnotatedType
instanceKlass com/google/gson/internal/reflect/ReflectionHelper$RecordHelper
instanceKlass com/google/gson/internal/reflect/ReflectionHelper
instanceKlass com/google/gson/internal/JsonReaderInternalAccess
instanceKlass org/eclipse/lsp4j/jsonrpc/json/StreamMessageProducer$Headers
instanceKlass org/eclipse/lsp4j/jsonrpc/json/ConcurrentMessageProcessor$1
instanceKlass org/eclipse/lsp4j/jsonrpc/StandardLauncher
instanceKlass org/eclipse/lsp4j/jsonrpc/json/ConcurrentMessageProcessor
instanceKlass org/eclipse/lsp4j/jsonrpc/json/StreamMessageProducer
instanceKlass  @bci java/lang/reflect/Proxy getProxyConstructor (Ljava/lang/Class;Ljava/lang/ClassLoader;[Ljava/lang/Class;)Ljava/lang/reflect/Constructor; 80 <appendix> argL0 ; # java/lang/reflect/Proxy$$Lambda+0x0000000100257518
instanceKlass  @bci org/eclipse/lsp4j/jsonrpc/services/EndpointProxy <init> (Lorg/eclipse/lsp4j/jsonrpc/Endpoint;Ljava/util/Collection;)V 197 <appendix> member <vmtarget> ; # org/eclipse/lsp4j/jsonrpc/services/EndpointProxy$$Lambda+0x00000001002f72e0
instanceKlass  @bci org/eclipse/lsp4j/jsonrpc/services/EndpointProxy <init> (Lorg/eclipse/lsp4j/jsonrpc/Endpoint;Ljava/util/Collection;)V 178 <appendix> member <vmtarget> ; # org/eclipse/lsp4j/jsonrpc/services/EndpointProxy$$Lambda+0x00000001002f70a8
instanceKlass  @cpi java/util/logging/LogRecord 420 form vmentry <vmtarget> ; # java/lang/invoke/LambdaForm$DMH+0x00000001002f8800
instanceKlass org/eclipse/lsp4j/jsonrpc/services/EndpointProxy
instanceKlass  @bci org/eclipse/lsp4j/jsonrpc/RemoteEndpoint <clinit> ()V 11 <appendix> argL0 ; # org/eclipse/lsp4j/jsonrpc/RemoteEndpoint$$Lambda+0x00000001002f6c30
instanceKlass org/eclipse/lsp4j/jsonrpc/messages/ResponseError
instanceKlass org/eclipse/lsp4j/jsonrpc/messages/Message
instanceKlass org/eclipse/lsp4j/jsonrpc/RemoteEndpoint
instanceKlass kotlin/Unit
instanceKlass kotlin/jvm/functions/Function1
instanceKlass org/eclipse/lsp4j/jsonrpc/CancelChecker
instanceKlass org/eclipse/lsp4j/TextDocumentItem
instanceKlass  @bci java/util/stream/Collectors joining (Ljava/lang/CharSequence;Ljava/lang/CharSequence;Ljava/lang/CharSequence;)Ljava/util/stream/Collector; 22 <appendix> argL0 ; # java/util/stream/Collectors$$Lambda+0x00000001002572d8
instanceKlass  @bci java/util/stream/Collectors joining (Ljava/lang/CharSequence;Ljava/lang/CharSequence;Ljava/lang/CharSequence;)Ljava/util/stream/Collector; 17 <appendix> argL0 ; # java/util/stream/Collectors$$Lambda+0x0000000100257090
instanceKlass  @bci java/util/stream/Collectors joining (Ljava/lang/CharSequence;Ljava/lang/CharSequence;Ljava/lang/CharSequence;)Ljava/util/stream/Collector; 12 <appendix> argL0 ; # java/util/stream/Collectors$$Lambda+0x0000000100256e60
instanceKlass  @bci java/util/stream/Collectors joining (Ljava/lang/CharSequence;Ljava/lang/CharSequence;Ljava/lang/CharSequence;)Ljava/util/stream/Collector; 7 <appendix> member <vmtarget> ; # java/util/stream/Collectors$$Lambda+0x0000000100256c38
instanceKlass  @bci java/lang/reflect/Executable sharedToString (IZ[Ljava/lang/Class;[Ljava/lang/Class;)Ljava/lang/String; 29 <appendix> argL0 ; # java/lang/reflect/Executable$$Lambda+0x00000001002569f8
instanceKlass  @bci org/languagetool/rules/patterns/PatternRuleMatcher match (Lorg/languagetool/AnalyzedSentence;)[Lorg/languagetool/rules/RuleMatch; 83 <appendix> form vmentry <vmtarget> ; # java/lang/invoke/LambdaForm$DMH+0x00000001002f8400
instanceKlass  @bci org/eclipse/lsp4j/jsonrpc/services/GenericEndpoint recursiveFindRpcMethods (Ljava/lang/Object;Ljava/util/Set;Ljava/util/Set;)V 24 <appendix> member <vmtarget> ; # org/eclipse/lsp4j/jsonrpc/services/GenericEndpoint$$Lambda+0x00000001002f46b0
instanceKlass  @cpi org/eclipse/lsp4j/jsonrpc/services/GenericEndpoint 220 form vmentry <vmtarget> ; # java/lang/invoke/LambdaForm$DMH+0x00000001002f8000
instanceKlass  @bci org/eclipse/lsp4j/jsonrpc/services/GenericEndpoint lambda$recursiveFindRpcMethods$1 (Ljava/lang/Object;Lorg/eclipse/lsp4j/jsonrpc/services/AnnotationUtil$MethodInfo;)V 3 <appendix> member <vmtarget> ; # org/eclipse/lsp4j/jsonrpc/services/GenericEndpoint$$Lambda+0x00000001002f4468
instanceKlass  @bci org/eclipse/lsp4j/jsonrpc/services/GenericEndpoint recursiveFindRpcMethods (Ljava/lang/Object;Ljava/util/Set;Ljava/util/Set;)V 7 <appendix> member <vmtarget> ; # org/eclipse/lsp4j/jsonrpc/services/GenericEndpoint$$Lambda+0x00000001002f4230
instanceKlass org/eclipse/lsp4j/jsonrpc/services/GenericEndpoint
instanceKlass org/eclipse/lsp4j/jsonrpc/json/StreamMessageConsumer
instanceKlass org/eclipse/lsp4j/jsonrpc/json/MessageConstants
instanceKlass com/google/gson/Gson
instanceKlass org/eclipse/lsp4j/jsonrpc/json/adapters/MessageTypeAdapter$Factory
instanceKlass org/eclipse/lsp4j/jsonrpc/json/adapters/EnumTypeAdapter$Factory
instanceKlass org/eclipse/lsp4j/jsonrpc/json/adapters/TupleTypeAdapters$TwoTypeAdapterFactory
instanceKlass org/eclipse/lsp4j/jsonrpc/json/adapters/EitherTypeAdapter$Factory
instanceKlass org/eclipse/lsp4j/jsonrpc/json/adapters/ThrowableTypeAdapter$Factory
instanceKlass org/eclipse/lsp4j/jsonrpc/json/adapters/CollectionTypeAdapter$Factory
instanceKlass com/google/gson/internal/bind/ReflectiveTypeAdapterFactory$BoundField
instanceKlass com/google/gson/internal/bind/ReflectiveTypeAdapterFactory
instanceKlass com/google/gson/internal/bind/MapTypeAdapterFactory
instanceKlass com/google/gson/internal/bind/CollectionTypeAdapterFactory
instanceKlass com/google/gson/internal/bind/ArrayTypeAdapter$1
instanceKlass com/google/gson/internal/bind/JavaTimeTypeAdapters$14
instanceKlass com/google/gson/internal/bind/JavaTimeTypeAdapters
instanceKlass com/google/gson/internal/bind/TypeAdapters$FactorySupplier
instanceKlass com/google/gson/internal/bind/DefaultDateTypeAdapter$1
instanceKlass java/util/concurrent/atomic/AtomicLongArray
instanceKlass com/google/gson/internal/bind/NumberTypeAdapter$1
instanceKlass com/google/gson/internal/sql/SqlTimestampTypeAdapter$1
instanceKlass com/google/gson/internal/sql/SqlTimeTypeAdapter$1
instanceKlass com/google/gson/internal/sql/SqlDateTypeAdapter$1
instanceKlass com/google/gson/internal/bind/DefaultDateTypeAdapter$DateType
instanceKlass com/google/gson/internal/sql/SqlTypesSupport
instanceKlass com/google/gson/internal/bind/ObjectTypeAdapter$1
instanceKlass com/google/gson/internal/bind/EnumTypeAdapter$1
instanceKlass com/google/gson/internal/bind/TypeAdapters$32
instanceKlass java/util/Calendar
instanceKlass com/google/gson/internal/bind/TypeAdapters$33
instanceKlass java/util/concurrent/atomic/AtomicIntegerArray
instanceKlass com/google/gson/internal/bind/TypeAdapters$31
instanceKlass java/util/BitSet
instanceKlass com/google/gson/internal/bind/TypeAdapters$30
instanceKlass com/google/gson/stream/JsonWriter
instanceKlass com/google/gson/stream/JsonReader
instanceKlass com/google/gson/internal/bind/TypeAdapters
instanceKlass com/google/gson/internal/Excluder
instanceKlass com/google/gson/internal/bind/JsonAdapterAnnotationTypeAdapterFactory$DummyTypeAdapterFactory
instanceKlass com/google/gson/internal/bind/JsonAdapterAnnotationTypeAdapterFactory
instanceKlass com/google/gson/internal/ObjectConstructor
instanceKlass com/google/gson/internal/ConstructorConstructor
instanceKlass com/google/gson/FormattingStyle
instanceKlass com/google/gson/ToNumberStrategy
instanceKlass com/google/gson/FieldNamingStrategy
instanceKlass com/google/gson/GsonBuilder
instanceKlass org/eclipse/lsp4j/jsonrpc/messages/CancelParams
instanceKlass com/google/gson/JsonElement
instanceKlass org/eclipse/lsp4j/jsonrpc/json/MessageJsonHandler
instanceKlass org/eclipse/lsp4j/WorkspaceDiagnosticReport
instanceKlass org/eclipse/lsp4j/adapters/WorkspaceSymbolResponseAdapter
instanceKlass org/eclipse/lsp4j/DidChangeWorkspaceFoldersParams
instanceKlass org/eclipse/lsp4j/WorkspaceSymbol
instanceKlass org/eclipse/lsp4j/DidChangeConfigurationParams
instanceKlass org/eclipse/lsp4j/DidChangeWatchedFilesParams
instanceKlass org/eclipse/lsp4j/DeleteFilesParams
instanceKlass org/eclipse/lsp4j/RenameFilesParams
instanceKlass org/eclipse/lsp4j/CreateFilesParams
instanceKlass org/eclipse/lsp4j/ExecuteCommandParams
instanceKlass org/eclipse/lsp4j/SemanticTokensDelta
instanceKlass org/eclipse/lsp4j/adapters/SemanticTokensFullDeltaResponseAdapter
instanceKlass org/eclipse/lsp4j/CallHierarchyIncomingCall
instanceKlass org/eclipse/lsp4j/CallHierarchyOutgoingCall
instanceKlass org/eclipse/lsp4j/CallHierarchyItem
instanceKlass org/eclipse/lsp4j/TypeHierarchyItem
instanceKlass org/eclipse/lsp4j/Moniker
instanceKlass org/eclipse/lsp4j/Hover
instanceKlass org/eclipse/lsp4j/CompletionList
instanceKlass org/eclipse/lsp4j/Command
instanceKlass org/eclipse/lsp4j/adapters/CodeActionResponseAdapter
instanceKlass org/eclipse/lsp4j/adapters/DocumentDiagnosticReportTypeAdapter
instanceKlass org/eclipse/lsp4j/ColorPresentation
instanceKlass org/eclipse/lsp4j/TextEdit
instanceKlass org/eclipse/lsp4j/InlineValueEvaluatableExpression
instanceKlass org/eclipse/lsp4j/InlineValueVariableLookup
instanceKlass org/eclipse/lsp4j/adapters/InlineValueResponseAdapter
instanceKlass org/eclipse/lsp4j/SemanticTokens
instanceKlass org/eclipse/lsp4j/ColorInformation
instanceKlass org/eclipse/lsp4j/SignatureHelp
instanceKlass org/eclipse/lsp4j/SelectionRange
instanceKlass org/eclipse/lsp4j/PrepareRenameDefaultBehavior
instanceKlass org/eclipse/lsp4j/PrepareRenameResult
instanceKlass org/eclipse/lsp4j/Range
# instanceKlass java/lang/invoke/LambdaForm$DMH+0x00000001002d8000
instanceKlass org/eclipse/lsp4j/adapters/PrepareRenameResponseAdapter
instanceKlass org/eclipse/lsp4j/FoldingRange
instanceKlass org/eclipse/lsp4j/LinkedEditingRanges
instanceKlass org/eclipse/lsp4j/DocumentSymbol
instanceKlass org/eclipse/lsp4j/SymbolInformation
instanceKlass org/eclipse/lsp4j/adapters/DocumentSymbolResponseAdapter
instanceKlass org/eclipse/lsp4j/LocationLink
instanceKlass org/eclipse/lsp4j/Location
instanceKlass com/google/gson/internal/GsonTypes$WildcardTypeImpl
instanceKlass com/google/gson/internal/GsonTypes$ParameterizedTypeImpl
instanceKlass com/google/gson/internal/GsonTypes
instanceKlass com/google/gson/TypeAdapter
instanceKlass com/google/gson/reflect/TypeToken
instanceKlass org/eclipse/lsp4j/jsonrpc/messages/Either
instanceKlass org/eclipse/lsp4j/adapters/LocationLinkListAdapter
instanceKlass com/google/gson/TypeAdapterFactory
instanceKlass org/eclipse/lsp4j/WorkspaceEdit
instanceKlass org/eclipse/lsp4j/DocumentLink
instanceKlass org/eclipse/lsp4j/CompletionItem
instanceKlass org/eclipse/lsp4j/DidChangeTextDocumentParams
instanceKlass org/eclipse/lsp4j/DidSaveTextDocumentParams
instanceKlass org/eclipse/lsp4j/DidCloseTextDocumentParams
instanceKlass org/eclipse/lsp4j/DidOpenTextDocumentParams
instanceKlass org/eclipse/lsp4j/InlayHintParams
instanceKlass org/eclipse/lsp4j/DocumentFormattingParams
instanceKlass org/eclipse/lsp4j/WillSaveTextDocumentParams
instanceKlass org/eclipse/lsp4j/DocumentRangeFormattingParams
instanceKlass org/eclipse/lsp4j/InlineValueParams
instanceKlass org/eclipse/lsp4j/InlayHint
instanceKlass org/eclipse/lsp4j/CodeAction
instanceKlass org/eclipse/lsp4j/WorkDoneProgressAndPartialResultParams
instanceKlass org/eclipse/lsp4j/CodeLens
instanceKlass org/eclipse/lsp4j/PartialResultParams
instanceKlass org/eclipse/lsp4j/TextDocumentPositionParams
instanceKlass org/eclipse/lsp4j/DidChangeNotebookDocumentParams
instanceKlass org/eclipse/lsp4j/DidSaveNotebookDocumentParams
instanceKlass org/eclipse/lsp4j/DidCloseNotebookDocumentParams
instanceKlass org/eclipse/lsp4j/DidOpenNotebookDocumentParams
instanceKlass org/eclipse/lsp4j/InitializeResult
instanceKlass org/eclipse/lsp4j/WorkDoneProgressCancelParams
instanceKlass org/eclipse/lsp4j/SetTraceParams
instanceKlass org/eclipse/lsp4j/services/NotebookDocumentService
instanceKlass org/eclipse/lsp4j/InitializedParams
instanceKlass org/eclipse/lsp4j/InitializeParams
instanceKlass org/eclipse/lsp4j/WorkDoneProgressParams
instanceKlass org/eclipse/lsp4j/jsonrpc/json/JsonRpcMethodProvider
instanceKlass org/eclipse/lsp4j/jsonrpc/services/JsonDelegate
instanceKlass  @bci org/eclipse/lsp4j/jsonrpc/services/ServiceEndpoints getSupportedMethods (Ljava/lang/Class;Ljava/util/Set;)Ljava/util/Map; 29 <appendix> member <vmtarget> ; # org/eclipse/lsp4j/jsonrpc/services/ServiceEndpoints$$Lambda+0x00000001002c9a00
instanceKlass  @cpi org/eclipse/lsp4j/jsonrpc/services/ServiceEndpoints 160 form vmentry <vmtarget> ; # java/lang/invoke/LambdaForm$DMH+0x00000001002cc000
instanceKlass org/eclipse/lsp4j/ApplyWorkspaceEditResponse
instanceKlass org/eclipse/lsp4j/WorkspaceFolder
instanceKlass org/eclipse/lsp4j/ShowDocumentResult
instanceKlass org/eclipse/lsp4j/MessageActionItem
instanceKlass org/eclipse/lsp4j/jsonrpc/services/JsonNotification
instanceKlass org/eclipse/lsp4j/jsonrpc/json/JsonRpcMethod
instanceKlass org/eclipse/lsp4j/jsonrpc/json/ResponseJsonAdapter
instanceKlass sun/reflect/generics/tree/MethodTypeSignature
instanceKlass  @bci org/eclipse/lsp4j/jsonrpc/services/AnnotationUtil getParameterTypes (Ljava/lang/reflect/Method;)[Ljava/lang/reflect/Type; 17 <appendix> argL0 ; # org/eclipse/lsp4j/jsonrpc/services/AnnotationUtil$$Lambda+0x00000001002c86a0
instanceKlass  @bci org/eclipse/lsp4j/jsonrpc/services/AnnotationUtil getParameterTypes (Ljava/lang/reflect/Method;)[Ljava/lang/reflect/Type; 7 <appendix> argL0 ; # org/eclipse/lsp4j/jsonrpc/services/AnnotationUtil$$Lambda+0x00000001002c8460
instanceKlass org/eclipse/lsp4j/jsonrpc/services/JsonRequest
instanceKlass org/eclipse/lsp4j/ApplyWorkspaceEditParams
instanceKlass org/eclipse/lsp4j/LogTraceParams
instanceKlass org/eclipse/lsp4j/UnregistrationParams
instanceKlass org/eclipse/lsp4j/ProgressParams
instanceKlass org/eclipse/lsp4j/WorkDoneProgressCreateParams
instanceKlass org/eclipse/lsp4j/ShowDocumentParams
instanceKlass org/eclipse/lsp4j/RegistrationParams
instanceKlass org/eclipse/lsp4j/MessageParams
instanceKlass org/eclipse/lsp4j/PublishDiagnosticsParams
instanceKlass java/util/concurrent/CompletableFuture
instanceKlass java/util/concurrent/CompletionStage
instanceKlass org/eclipse/lsp4j/ConfigurationParams
instanceKlass org/eclipse/lsp4j/jsonrpc/services/JsonSegment
instanceKlass org/eclipse/lsp4j/jsonrpc/services/AnnotationUtil
instanceKlass  @bci org/eclipse/lsp4j/jsonrpc/services/ServiceEndpoints getSupportedMethods (Ljava/lang/Class;Ljava/util/Set;)Ljava/util/Map; 11 <appendix> member <vmtarget> ; # org/eclipse/lsp4j/jsonrpc/services/ServiceEndpoints$$Lambda+0x00000001002c76d0
instanceKlass  @cpi org/eclipse/lsp4j/jsonrpc/services/ServiceEndpoints 155 form vmentry <vmtarget> ; # java/lang/invoke/LambdaForm$DMH+0x00000001002c4400
instanceKlass org/eclipse/lsp4j/jsonrpc/services/AnnotationUtil$MethodInfo
instanceKlass org/eclipse/lsp4j/jsonrpc/services/ServiceEndpoints
instanceKlass org/bsplines/ltexls/client/LtexLanguageClient
instanceKlass org/eclipse/lsp4j/services/LanguageClient
instanceKlass org/eclipse/lsp4j/jsonrpc/json/MethodProvider
instanceKlass org/eclipse/lsp4j/jsonrpc/Launcher
instanceKlass org/eclipse/lsp4j/jsonrpc/Endpoint
instanceKlass org/eclipse/lsp4j/jsonrpc/MessageProducer
instanceKlass org/eclipse/lsp4j/jsonrpc/MessageConsumer
instanceKlass org/eclipse/lsp4j/jsonrpc/MessageIssueHandler
instanceKlass org/eclipse/lsp4j/jsonrpc/Launcher$Builder
instanceKlass java/util/concurrent/Executors$RunnableAdapter
instanceKlass java/util/concurrent/FutureTask$WaitNode
instanceKlass java/util/concurrent/FutureTask
instanceKlass  @bci org/bsplines/ltexls/server/LtexLanguageServer <init> ()V 155 <appendix> member <vmtarget> ; # org/bsplines/ltexls/server/LtexLanguageServer$$Lambda+0x00000001002bfb10
instanceKlass  @cpi org/bsplines/ltexls/server/LtexWorkspaceService 524 form vmentry <vmtarget> ; # java/lang/invoke/LambdaForm$DMH+0x00000001002c4000
instanceKlass org/bsplines/ltexls/server/LtexWorkspaceService$Companion
instanceKlass org/bsplines/ltexls/server/LtexWorkspaceService
instanceKlass org/eclipse/lsp4j/services/WorkspaceService
instanceKlass org/bsplines/ltexls/server/LtexTextDocumentService
instanceKlass org/eclipse/lsp4j/services/TextDocumentService
instanceKlass org/bsplines/ltexls/server/CompletionListProvider$Companion
instanceKlass org/bsplines/ltexls/server/CompletionListProvider
instanceKlass org/bsplines/ltexls/server/CodeActionProvider$Companion
instanceKlass org/bsplines/ltexls/server/CodeActionProvider
instanceKlass  @bci java/util/regex/Pattern VertWS ()Ljava/util/regex/Pattern$BmpCharPredicate; 0 <appendix> argL0 ; # java/util/regex/Pattern$$Lambda+0x0000000100252fa0
instanceKlass  @bci java/util/regex/Pattern HorizWS ()Ljava/util/regex/Pattern$BmpCharPredicate; 0 <appendix> argL0 ; # java/util/regex/Pattern$$Lambda+0x0000000100252d10
instanceKlass  @bci java/util/regex/Pattern Range (II)Ljava/util/regex/Pattern$CharPredicate; 31 <appendix> member <vmtarget> ; # java/util/regex/Pattern$$Lambda+0x0000000100252ab0
instanceKlass org/languagetool/tokenizers/uk/UkrainianWordTokenizer
instanceKlass  @bci org/languagetool/rules/uk/MorfologikUkrainianSpellerRule <clinit> ()V 40 <appendix> argL0 ; # org/languagetool/rules/uk/MorfologikUkrainianSpellerRule$$Lambda+0x00000001002bde30
instanceKlass  @cpi org/languagetool/rules/uk/MorfologikUkrainianSpellerRule 333 form vmentry <vmtarget> ; # java/lang/invoke/LambdaForm$DMH+0x00000001002c3c00
instanceKlass  @bci java/util/stream/Collectors uniqKeysMapMerger ()Ljava/util/function/BinaryOperator; 0 <appendix> argL0 ; # java/util/stream/Collectors$$Lambda+0x0000000100252408
instanceKlass  @bci java/util/stream/Collectors uniqKeysMapAccumulator (Ljava/util/function/Function;Ljava/util/function/Function;)Ljava/util/function/BiConsumer; 2 <appendix> member <vmtarget> ; # java/util/stream/Collectors$$Lambda+0x00000001002521d0
instanceKlass  @bci java/util/stream/Collectors toMap (Ljava/util/function/Function;Ljava/util/function/Function;)Ljava/util/stream/Collector; 4 <appendix> argL0 ; # java/util/stream/Collectors$$Lambda+0x0000000100251fb0
instanceKlass  @bci org/languagetool/rules/uk/ExtraDictionaryLoader loadMap (Ljava/lang/String;)Ljava/util/Map; 26 <appendix> argL0 ; # org/languagetool/rules/uk/ExtraDictionaryLoader$$Lambda+0x00000001002bdbf0
instanceKlass  @bci org/languagetool/rules/uk/ExtraDictionaryLoader loadMap (Ljava/lang/String;)Ljava/util/Map; 21 <appendix> argL0 ; # org/languagetool/rules/uk/ExtraDictionaryLoader$$Lambda+0x00000001002bd9b0
instanceKlass  @bci org/languagetool/rules/uk/ExtraDictionaryLoader loadMap (Ljava/lang/String;)Ljava/util/Map; 11 <appendix> argL0 ; # org/languagetool/rules/uk/ExtraDictionaryLoader$$Lambda+0x00000001002bd770
instanceKlass org/languagetool/rules/uk/ExtraDictionaryLoader
instanceKlass  @bci org/languagetool/tools/StringTools changeFirstCharCase (Ljava/lang/String;Z)Ljava/lang/String; 104 <adapter> ; # java/lang/invoke/LambdaForm$MH+0x00000001002c3800
# instanceKlass java/lang/invoke/LambdaForm$DMH+0x00000001002c3400
instanceKlass  @bci org/languagetool/tools/StringTools changeFirstCharCase (Ljava/lang/String;Z)Ljava/lang/String; 104 <appendix> form vmentry <vmtarget> ; # java/lang/invoke/LambdaForm$MH+0x00000001002c3000
# instanceKlass java/lang/invoke/LambdaForm$MH+0x00000001002c2c00
instanceKlass  @bci org/languagetool/tools/StringTools changeFirstCharCase (Ljava/lang/String;Z)Ljava/lang/String; 104 <appendix> form names 8 function resolvedHandle form vmentry <vmtarget> ; # java/lang/invoke/LambdaForm$DMH+0x00000001002c2800
instanceKlass  @bci org/languagetool/tools/StringTools changeFirstCharCase (Ljava/lang/String;Z)Ljava/lang/String; 104 <appendix> argL3 form vmentry <vmtarget> ; # java/lang/invoke/LambdaForm$MH+0x00000001002c2400
# instanceKlass java/lang/invoke/LambdaForm$MH+0x00000001002c2000
# instanceKlass java/lang/invoke/LambdaForm$MH+0x00000001002c1c00
# instanceKlass java/lang/invoke/LambdaForm$MH+0x00000001002c1800
# instanceKlass java/lang/invoke/LambdaForm$MH+0x00000001002c1400
instanceKlass  @bci org/languagetool/tools/StringTools changeFirstCharCase (Ljava/lang/String;Z)Ljava/lang/String; 104 <appendix> form names 12 function resolvedHandle form vmentry <vmtarget> ; # java/lang/invoke/LambdaForm$DMH+0x00000001002c1000
instanceKlass  @bci org/languagetool/tools/StringTools changeFirstCharCase (Ljava/lang/String;Z)Ljava/lang/String; 104 <appendix> argL1 form vmentry <vmtarget> ; # java/lang/invoke/LambdaForm$MH+0x00000001002c0c00
# instanceKlass java/lang/invoke/LambdaForm$MH+0x00000001002c0800
# instanceKlass java/lang/invoke/LambdaForm$MH+0x00000001002c0400
# instanceKlass java/lang/invoke/LambdaForm$MH+0x00000001002c0000
instanceKlass morfologik/stemming/TrimPrefixAndSuffixEncoder
instanceKlass java/util/AbstractList$Itr
instanceKlass morfologik/stemming/BufferUtils
instanceKlass org/languagetool/tokenizers/el/GreekWordTokenizerImpl
instanceKlass it/unimi/dsi/fastutil/ints/Int2ObjectOpenHashMap$MapEntry
instanceKlass it/unimi/dsi/fastutil/ints/IntObjectPair
instanceKlass it/unimi/dsi/fastutil/Pair
instanceKlass it/unimi/dsi/fastutil/ints/Int2ObjectMap$Entry
instanceKlass org/languagetool/synthesis/ManualSynthesizer$1
instanceKlass  @bci org/languagetool/synthesis/ManualSynthesizer <init> (Ljava/io/InputStream;)V 40 <appendix> argL0 ; # org/languagetool/synthesis/ManualSynthesizer$$Lambda+0x00000001002b97a0
instanceKlass it/unimi/dsi/fastutil/ints/Int2IntMap$FastEntrySet
instanceKlass it/unimi/dsi/fastutil/ints/AbstractInt2IntFunction
instanceKlass it/unimi/dsi/fastutil/ints/Int2ObjectMap$FastEntrySet
instanceKlass it/unimi/dsi/fastutil/ints/IntSet
instanceKlass it/unimi/dsi/fastutil/ints/AbstractInt2ObjectFunction
instanceKlass it/unimi/dsi/fastutil/ints/Int2ObjectMap
instanceKlass it/unimi/dsi/fastutil/ints/Int2ObjectFunction
instanceKlass  @bci org/languagetool/synthesis/ManualSynthesizer loadMapping (Ljava/io/InputStream;)Ljava/util/Map; 186 <appendix> argL0 ; # org/languagetool/synthesis/ManualSynthesizer$$Lambda+0x00000001002b2ed8
instanceKlass it/unimi/dsi/fastutil/ints/Int2IntMap
instanceKlass it/unimi/dsi/fastutil/ints/Int2IntFunction
instanceKlass java/util/function/IntUnaryOperator
instanceKlass org/languagetool/synthesis/ManualSynthesizer
instanceKlass  @bci org/languagetool/synthesis/Soros <init> (Ljava/lang/String;Ljava/lang/String;)V 310 <appendix> form vmentry <vmtarget> ; # java/lang/invoke/LambdaForm$MH+0x00000001002b6c00
# instanceKlass java/lang/invoke/LambdaForm$MH+0x00000001002b6800
# instanceKlass java/lang/invoke/LambdaForm$MH+0x00000001002b6400
instanceKlass  @bci org/languagetool/synthesis/Soros <init> (Ljava/lang/String;Ljava/lang/String;)V 310 <appendix> argL4 form vmentry <vmtarget> ; # java/lang/invoke/LambdaForm$MH+0x00000001002b6000
# instanceKlass java/lang/invoke/LambdaForm$MH+0x00000001002b5c00
# instanceKlass java/lang/invoke/LambdaForm$MH+0x00000001002b5800
# instanceKlass java/lang/invoke/LambdaForm$MH+0x00000001002b5400
# instanceKlass java/lang/invoke/LambdaForm$MH+0x00000001002b5000
instanceKlass  @bci org/bsplines/ltexls/parsing/latex/LatexAnnotatedTextBuilder generateDummy (Lorg/bsplines/ltexls/parsing/DummyGenerator;)Ljava/lang/String; 208 <appendix> argL1 form vmentry <vmtarget> ; # java/lang/invoke/LambdaForm$MH+0x00000001002b4c00
# instanceKlass java/lang/invoke/LambdaForm$MH+0x00000001002b4800
# instanceKlass java/lang/invoke/LambdaForm$MH+0x00000001002b4400
# instanceKlass java/lang/invoke/LambdaForm$MH+0x00000001002b4000
instanceKlass org/languagetool/synthesis/Soros
instanceKlass morfologik/stemming/TrimSuffixEncoder
instanceKlass morfologik/stemming/WordData
instanceKlass morfologik/stemming/DictionaryLookup
instanceKlass org/languagetool/synthesis/BaseSynthesizer
instanceKlass com/google/common/base/NullnessCasts
instanceKlass org/languagetool/rules/de/LineExpander
instanceKlass org/languagetool/rules/LineExpander
instanceKlass  @bci org/languagetool/rules/spelling/hunspell/CompoundAwareHunspellRule <init> (Ljava/util/ResourceBundle;Lorg/languagetool/Language;Lorg/languagetool/tokenizers/CompoundWordTokenizer;Ljava/util/function/Supplier;Lorg/languagetool/UserConfig;Ljava/util/List;Lorg/languagetool/languagemodel/LanguageModel;)V 20 <appendix> member <vmtarget> ; # org/languagetool/rules/spelling/hunspell/CompoundAwareHunspellRule$$Lambda+0x00000001002b0468
instanceKlass  @bci org/languagetool/rules/de/GermanSpellerRule <init> (Ljava/util/ResourceBundle;Lorg/languagetool/language/German;Lorg/languagetool/UserConfig;Ljava/lang/String;Ljava/util/List;Lorg/languagetool/languagemodel/LanguageModel;)V 11 <appendix> member <vmtarget> ; # org/languagetool/rules/de/GermanSpellerRule$$Lambda+0x00000001002b0240
instanceKlass org/languagetool/rules/spelling/morfologik/MorfologikMultiSpeller
instanceKlass  @bci org/languagetool/language/German getNonStrictCompoundSplitter ()Lorg/languagetool/tokenizers/CompoundWordTokenizer; 5 <appendix> member <vmtarget> ; # org/languagetool/language/German$$Lambda+0x00000001002afbe0
instanceKlass org/languagetool/tokenizers/CompoundWordTokenizer
instanceKlass  @bci org/languagetool/tokenizers/de/GermanCompoundTokenizer <clinit> ()V 11 <appendix> argL0 ; # org/languagetool/tokenizers/de/GermanCompoundTokenizer$$Lambda+0x00000001002af718
instanceKlass  @bci org/languagetool/tokenizers/de/GermanCompoundTokenizer <clinit> ()V 0 <appendix> argL0 ; # org/languagetool/tokenizers/de/GermanCompoundTokenizer$$Lambda+0x00000001002af4d8
instanceKlass org/languagetool/tokenizers/de/GermanCompoundTokenizer
instanceKlass de/danielnaber/jwordsplitter/tools/FileTools
instanceKlass de/danielnaber/jwordsplitter/GermanInterfixDisambiguator
instanceKlass de/danielnaber/jwordsplitter/ExceptionSplits
instanceKlass de/danielnaber/jwordsplitter/EmbeddedGermanDictionary
instanceKlass de/danielnaber/jwordsplitter/AbstractWordSplitter
instanceKlass  @bci org/languagetool/rules/de/GermanSpellerRule <clinit> ()V 16300 <appendix> argL0 ; # org/languagetool/rules/de/GermanSpellerRule$$Lambda+0x00000001002ae300
instanceKlass  @bci org/languagetool/rules/de/GermanSpellerRule <clinit> ()V 16289 <appendix> argL0 ; # org/languagetool/rules/de/GermanSpellerRule$$Lambda+0x00000001002ae0c0
instanceKlass  @bci org/languagetool/rules/de/GermanSpellerRule <clinit> ()V 16278 <appendix> argL0 ; # org/languagetool/rules/de/GermanSpellerRule$$Lambda+0x00000001002ade80
instanceKlass  @bci org/languagetool/rules/de/GermanSpellerRule <clinit> ()V 16210 <appendix> argL0 ; # org/languagetool/rules/de/GermanSpellerRule$$Lambda+0x00000001002adc40
instanceKlass  @bci org/languagetool/rules/de/GermanSpellerRule <clinit> ()V 16199 <appendix> argL0 ; # org/languagetool/rules/de/GermanSpellerRule$$Lambda+0x00000001002ada00
instanceKlass  @bci org/languagetool/rules/de/GermanSpellerRule <clinit> ()V 16125 <appendix> argL0 ; # org/languagetool/rules/de/GermanSpellerRule$$Lambda+0x00000001002ad7c0
instanceKlass  @bci org/languagetool/rules/de/GermanSpellerRule <clinit> ()V 16114 <appendix> argL0 ; # org/languagetool/rules/de/GermanSpellerRule$$Lambda+0x00000001002ad580
instanceKlass  @bci org/languagetool/rules/de/GermanSpellerRule <clinit> ()V 15797 <appendix> argL0 ; # org/languagetool/rules/de/GermanSpellerRule$$Lambda+0x00000001002ad340
instanceKlass  @bci org/languagetool/rules/de/GermanSpellerRule <clinit> ()V 15786 <appendix> argL0 ; # org/languagetool/rules/de/GermanSpellerRule$$Lambda+0x00000001002ad100
instanceKlass  @bci org/languagetool/rules/de/GermanSpellerRule <clinit> ()V 15775 <appendix> argL0 ; # org/languagetool/rules/de/GermanSpellerRule$$Lambda+0x00000001002acec0
instanceKlass  @bci org/languagetool/rules/de/GermanSpellerRule <clinit> ()V 15764 <appendix> argL0 ; # org/languagetool/rules/de/GermanSpellerRule$$Lambda+0x00000001002acc80
instanceKlass  @bci org/languagetool/rules/de/GermanSpellerRule <clinit> ()V 15735 <appendix> argL0 ; # org/languagetool/rules/de/GermanSpellerRule$$Lambda+0x00000001002aca40
instanceKlass  @bci org/languagetool/rules/de/GermanSpellerRule <clinit> ()V 15724 <appendix> argL0 ; # org/languagetool/rules/de/GermanSpellerRule$$Lambda+0x00000001002ac800
instanceKlass  @bci org/languagetool/rules/de/GermanSpellerRule <clinit> ()V 15713 <appendix> argL0 ; # org/languagetool/rules/de/GermanSpellerRule$$Lambda+0x00000001002ac5c0
instanceKlass  @bci org/languagetool/rules/de/GermanSpellerRule <clinit> ()V 15702 <appendix> argL0 ; # org/languagetool/rules/de/GermanSpellerRule$$Lambda+0x00000001002ac380
instanceKlass  @bci org/languagetool/rules/de/GermanSpellerRule <clinit> ()V 15691 <appendix> argL0 ; # org/languagetool/rules/de/GermanSpellerRule$$Lambda+0x00000001002ac140
instanceKlass  @bci org/languagetool/rules/de/GermanSpellerRule <clinit> ()V 15680 <appendix> argL0 ; # org/languagetool/rules/de/GermanSpellerRule$$Lambda+0x00000001002abf00
instanceKlass  @bci org/languagetool/rules/de/GermanSpellerRule <clinit> ()V 15669 <appendix> argL0 ; # org/languagetool/rules/de/GermanSpellerRule$$Lambda+0x00000001002abcc0
instanceKlass  @bci org/languagetool/rules/de/GermanSpellerRule <clinit> ()V 15658 <appendix> argL0 ; # org/languagetool/rules/de/GermanSpellerRule$$Lambda+0x00000001002aba80
instanceKlass  @bci org/languagetool/rules/de/GermanSpellerRule <clinit> ()V 15647 <appendix> argL0 ; # org/languagetool/rules/de/GermanSpellerRule$$Lambda+0x00000001002ab840
instanceKlass  @bci org/languagetool/rules/de/GermanSpellerRule <clinit> ()V 15636 <appendix> argL0 ; # org/languagetool/rules/de/GermanSpellerRule$$Lambda+0x00000001002ab600
instanceKlass  @bci org/languagetool/rules/de/GermanSpellerRule <clinit> ()V 15625 <appendix> argL0 ; # org/languagetool/rules/de/GermanSpellerRule$$Lambda+0x00000001002ab3c0
instanceKlass  @bci org/languagetool/rules/de/GermanSpellerRule <clinit> ()V 15614 <appendix> argL0 ; # org/languagetool/rules/de/GermanSpellerRule$$Lambda+0x00000001002ab180
instanceKlass  @bci org/languagetool/rules/de/GermanSpellerRule <clinit> ()V 15603 <appendix> argL0 ; # org/languagetool/rules/de/GermanSpellerRule$$Lambda+0x00000001002aaf40
instanceKlass  @bci org/languagetool/rules/de/GermanSpellerRule <clinit> ()V 15592 <appendix> argL0 ; # org/languagetool/rules/de/GermanSpellerRule$$Lambda+0x00000001002aad00
instanceKlass  @bci org/languagetool/rules/de/GermanSpellerRule <clinit> ()V 15581 <appendix> argL0 ; # org/languagetool/rules/de/GermanSpellerRule$$Lambda+0x00000001002aaac0
instanceKlass  @bci org/languagetool/rules/de/GermanSpellerRule <clinit> ()V 15570 <appendix> argL0 ; # org/languagetool/rules/de/GermanSpellerRule$$Lambda+0x00000001002aa880
instanceKlass  @bci org/languagetool/rules/de/GermanSpellerRule <clinit> ()V 15559 <appendix> argL0 ; # org/languagetool/rules/de/GermanSpellerRule$$Lambda+0x00000001002aa640
instanceKlass  @bci org/languagetool/rules/de/GermanSpellerRule <clinit> ()V 15548 <appendix> argL0 ; # org/languagetool/rules/de/GermanSpellerRule$$Lambda+0x00000001002aa400
instanceKlass  @bci org/languagetool/rules/de/GermanSpellerRule <clinit> ()V 15537 <appendix> argL0 ; # org/languagetool/rules/de/GermanSpellerRule$$Lambda+0x00000001002aa1c0
instanceKlass  @bci org/languagetool/rules/de/GermanSpellerRule <clinit> ()V 15526 <appendix> argL0 ; # org/languagetool/rules/de/GermanSpellerRule$$Lambda+0x00000001002a9f80
instanceKlass  @bci org/languagetool/rules/de/GermanSpellerRule <clinit> ()V 15515 <appendix> argL0 ; # org/languagetool/rules/de/GermanSpellerRule$$Lambda+0x00000001002a9d40
instanceKlass  @bci org/languagetool/rules/de/GermanSpellerRule <clinit> ()V 15504 <appendix> argL0 ; # org/languagetool/rules/de/GermanSpellerRule$$Lambda+0x00000001002a9b00
instanceKlass  @bci org/languagetool/rules/de/GermanSpellerRule <clinit> ()V 15493 <appendix> argL0 ; # org/languagetool/rules/de/GermanSpellerRule$$Lambda+0x00000001002a98c0
instanceKlass  @bci org/languagetool/rules/de/GermanSpellerRule <clinit> ()V 15482 <appendix> argL0 ; # org/languagetool/rules/de/GermanSpellerRule$$Lambda+0x00000001002a9680
instanceKlass  @bci org/languagetool/rules/de/GermanSpellerRule <clinit> ()V 15471 <appendix> argL0 ; # org/languagetool/rules/de/GermanSpellerRule$$Lambda+0x00000001002a9440
instanceKlass  @bci org/languagetool/rules/de/GermanSpellerRule <clinit> ()V 15460 <appendix> argL0 ; # org/languagetool/rules/de/GermanSpellerRule$$Lambda+0x00000001002a9200
instanceKlass  @bci org/languagetool/rules/de/GermanSpellerRule <clinit> ()V 15449 <appendix> argL0 ; # org/languagetool/rules/de/GermanSpellerRule$$Lambda+0x00000001002a8fc0
instanceKlass  @bci org/languagetool/rules/de/GermanSpellerRule <clinit> ()V 15438 <appendix> argL0 ; # org/languagetool/rules/de/GermanSpellerRule$$Lambda+0x00000001002a8d80
instanceKlass  @bci org/languagetool/rules/de/GermanSpellerRule <clinit> ()V 15427 <appendix> argL0 ; # org/languagetool/rules/de/GermanSpellerRule$$Lambda+0x00000001002a8b40
instanceKlass  @bci org/languagetool/rules/de/GermanSpellerRule <clinit> ()V 15416 <appendix> argL0 ; # org/languagetool/rules/de/GermanSpellerRule$$Lambda+0x00000001002a8900
instanceKlass  @bci org/languagetool/rules/de/GermanSpellerRule <clinit> ()V 15405 <appendix> argL0 ; # org/languagetool/rules/de/GermanSpellerRule$$Lambda+0x00000001002a86c0
instanceKlass  @bci org/languagetool/rules/de/GermanSpellerRule <clinit> ()V 15394 <appendix> argL0 ; # org/languagetool/rules/de/GermanSpellerRule$$Lambda+0x00000001002a8480
instanceKlass  @bci org/languagetool/rules/de/GermanSpellerRule <clinit> ()V 15383 <appendix> argL0 ; # org/languagetool/rules/de/GermanSpellerRule$$Lambda+0x00000001002a8240
instanceKlass  @bci org/languagetool/rules/de/GermanSpellerRule <clinit> ()V 15372 <appendix> argL0 ; # org/languagetool/rules/de/GermanSpellerRule$$Lambda+0x00000001002a8000
instanceKlass  @bci org/languagetool/rules/de/GermanSpellerRule <clinit> ()V 15361 <appendix> argL0 ; # org/languagetool/rules/de/GermanSpellerRule$$Lambda+0x00000001002a7bc0
instanceKlass  @bci org/languagetool/rules/de/GermanSpellerRule <clinit> ()V 15350 <appendix> argL0 ; # org/languagetool/rules/de/GermanSpellerRule$$Lambda+0x00000001002a7980
instanceKlass  @bci org/languagetool/rules/de/GermanSpellerRule <clinit> ()V 15339 <appendix> argL0 ; # org/languagetool/rules/de/GermanSpellerRule$$Lambda+0x00000001002a7740
instanceKlass  @bci org/languagetool/rules/de/GermanSpellerRule <clinit> ()V 15328 <appendix> argL0 ; # org/languagetool/rules/de/GermanSpellerRule$$Lambda+0x00000001002a7500
instanceKlass  @bci org/languagetool/rules/de/GermanSpellerRule <clinit> ()V 15317 <appendix> argL0 ; # org/languagetool/rules/de/GermanSpellerRule$$Lambda+0x00000001002a72c0
instanceKlass  @bci org/languagetool/rules/de/GermanSpellerRule <clinit> ()V 15306 <appendix> argL0 ; # org/languagetool/rules/de/GermanSpellerRule$$Lambda+0x00000001002a7080
instanceKlass  @bci org/languagetool/rules/de/GermanSpellerRule <clinit> ()V 15295 <appendix> argL0 ; # org/languagetool/rules/de/GermanSpellerRule$$Lambda+0x00000001002a6e40
instanceKlass  @bci org/languagetool/rules/de/GermanSpellerRule <clinit> ()V 15284 <appendix> argL0 ; # org/languagetool/rules/de/GermanSpellerRule$$Lambda+0x00000001002a6c00
instanceKlass  @bci org/languagetool/rules/de/GermanSpellerRule <clinit> ()V 15273 <appendix> argL0 ; # org/languagetool/rules/de/GermanSpellerRule$$Lambda+0x00000001002a69c0
instanceKlass  @bci org/languagetool/rules/de/GermanSpellerRule <clinit> ()V 15262 <appendix> argL0 ; # org/languagetool/rules/de/GermanSpellerRule$$Lambda+0x00000001002a6780
instanceKlass  @bci org/languagetool/rules/de/GermanSpellerRule <clinit> ()V 15251 <appendix> argL0 ; # org/languagetool/rules/de/GermanSpellerRule$$Lambda+0x00000001002a6540
instanceKlass  @bci org/languagetool/rules/de/GermanSpellerRule <clinit> ()V 15240 <appendix> argL0 ; # org/languagetool/rules/de/GermanSpellerRule$$Lambda+0x00000001002a6300
instanceKlass  @bci org/languagetool/rules/de/GermanSpellerRule <clinit> ()V 15229 <appendix> argL0 ; # org/languagetool/rules/de/GermanSpellerRule$$Lambda+0x00000001002a60c0
instanceKlass  @bci org/languagetool/rules/de/GermanSpellerRule <clinit> ()V 15218 <appendix> argL0 ; # org/languagetool/rules/de/GermanSpellerRule$$Lambda+0x00000001002a5e80
instanceKlass  @bci org/languagetool/rules/de/GermanSpellerRule <clinit> ()V 15207 <appendix> argL0 ; # org/languagetool/rules/de/GermanSpellerRule$$Lambda+0x00000001002a5c40
instanceKlass  @bci org/languagetool/rules/de/GermanSpellerRule <clinit> ()V 15196 <appendix> argL0 ; # org/languagetool/rules/de/GermanSpellerRule$$Lambda+0x00000001002a5a00
instanceKlass  @bci org/languagetool/rules/de/GermanSpellerRule <clinit> ()V 15185 <appendix> argL0 ; # org/languagetool/rules/de/GermanSpellerRule$$Lambda+0x00000001002a57c0
instanceKlass  @bci org/languagetool/rules/de/GermanSpellerRule <clinit> ()V 15174 <appendix> argL0 ; # org/languagetool/rules/de/GermanSpellerRule$$Lambda+0x00000001002a5580
instanceKlass  @bci org/languagetool/rules/de/GermanSpellerRule <clinit> ()V 15145 <appendix> argL0 ; # org/languagetool/rules/de/GermanSpellerRule$$Lambda+0x00000001002a5340
instanceKlass  @bci org/languagetool/rules/de/GermanSpellerRule <clinit> ()V 15134 <appendix> argL0 ; # org/languagetool/rules/de/GermanSpellerRule$$Lambda+0x00000001002a5100
instanceKlass  @bci org/languagetool/rules/de/GermanSpellerRule <clinit> ()V 14907 <appendix> argL0 ; # org/languagetool/rules/de/GermanSpellerRule$$Lambda+0x00000001002a4ec0
instanceKlass  @bci org/languagetool/rules/de/GermanSpellerRule <clinit> ()V 14896 <appendix> argL0 ; # org/languagetool/rules/de/GermanSpellerRule$$Lambda+0x00000001002a4c80
instanceKlass  @bci org/languagetool/rules/de/GermanSpellerRule <clinit> ()V 14390 <appendix> argL0 ; # org/languagetool/rules/de/GermanSpellerRule$$Lambda+0x00000001002a4a40
instanceKlass  @bci org/languagetool/rules/de/GermanSpellerRule <clinit> ()V 14379 <appendix> argL0 ; # org/languagetool/rules/de/GermanSpellerRule$$Lambda+0x00000001002a4800
instanceKlass  @bci org/languagetool/rules/de/GermanSpellerRule <clinit> ()V 14368 <appendix> argL0 ; # org/languagetool/rules/de/GermanSpellerRule$$Lambda+0x00000001002a45c0
instanceKlass  @bci org/languagetool/rules/de/GermanSpellerRule <clinit> ()V 14150 <appendix> argL0 ; # org/languagetool/rules/de/GermanSpellerRule$$Lambda+0x00000001002a4380
instanceKlass  @bci org/languagetool/rules/de/GermanSpellerRule <clinit> ()V 13860 <appendix> argL0 ; # org/languagetool/rules/de/GermanSpellerRule$$Lambda+0x00000001002a4140
instanceKlass  @bci org/languagetool/rules/de/GermanSpellerRule <clinit> ()V 13849 <appendix> argL0 ; # org/languagetool/rules/de/GermanSpellerRule$$Lambda+0x00000001002a3f00
instanceKlass  @bci org/languagetool/rules/de/GermanSpellerRule <clinit> ()V 13379 <appendix> argL0 ; # org/languagetool/rules/de/GermanSpellerRule$$Lambda+0x00000001002a3cc0
instanceKlass  @bci org/languagetool/rules/de/GermanSpellerRule <clinit> ()V 13368 <appendix> argL0 ; # org/languagetool/rules/de/GermanSpellerRule$$Lambda+0x00000001002a3a80
instanceKlass  @bci org/languagetool/rules/de/GermanSpellerRule <clinit> ()V 13357 <appendix> argL0 ; # org/languagetool/rules/de/GermanSpellerRule$$Lambda+0x00000001002a3840
instanceKlass  @bci org/languagetool/rules/de/GermanSpellerRule <clinit> ()V 13346 <appendix> argL0 ; # org/languagetool/rules/de/GermanSpellerRule$$Lambda+0x00000001002a3600
instanceKlass  @bci org/languagetool/rules/de/GermanSpellerRule <clinit> ()V 13335 <appendix> argL0 ; # org/languagetool/rules/de/GermanSpellerRule$$Lambda+0x00000001002a33c0
instanceKlass  @bci org/languagetool/rules/de/GermanSpellerRule <clinit> ()V 13324 <appendix> argL0 ; # org/languagetool/rules/de/GermanSpellerRule$$Lambda+0x00000001002a3180
instanceKlass  @bci org/languagetool/rules/de/GermanSpellerRule <clinit> ()V 13313 <appendix> argL0 ; # org/languagetool/rules/de/GermanSpellerRule$$Lambda+0x00000001002a2f40
instanceKlass  @bci org/languagetool/rules/de/GermanSpellerRule <clinit> ()V 13302 <appendix> argL0 ; # org/languagetool/rules/de/GermanSpellerRule$$Lambda+0x00000001002a2d00
instanceKlass  @bci org/languagetool/rules/de/GermanSpellerRule <clinit> ()V 13291 <appendix> argL0 ; # org/languagetool/rules/de/GermanSpellerRule$$Lambda+0x00000001002a2ac0
instanceKlass  @bci org/languagetool/rules/de/GermanSpellerRule <clinit> ()V 13280 <appendix> argL0 ; # org/languagetool/rules/de/GermanSpellerRule$$Lambda+0x00000001002a2880
instanceKlass  @bci org/languagetool/rules/de/GermanSpellerRule <clinit> ()V 13269 <appendix> argL0 ; # org/languagetool/rules/de/GermanSpellerRule$$Lambda+0x00000001002a2640
instanceKlass  @bci org/languagetool/rules/de/GermanSpellerRule <clinit> ()V 13258 <appendix> argL0 ; # org/languagetool/rules/de/GermanSpellerRule$$Lambda+0x00000001002a2400
instanceKlass  @bci org/languagetool/rules/de/GermanSpellerRule <clinit> ()V 13247 <appendix> argL0 ; # org/languagetool/rules/de/GermanSpellerRule$$Lambda+0x00000001002a21c0
instanceKlass  @bci org/languagetool/rules/de/GermanSpellerRule <clinit> ()V 13236 <appendix> argL0 ; # org/languagetool/rules/de/GermanSpellerRule$$Lambda+0x00000001002a1f80
instanceKlass  @bci org/languagetool/rules/de/GermanSpellerRule <clinit> ()V 13225 <appendix> argL0 ; # org/languagetool/rules/de/GermanSpellerRule$$Lambda+0x00000001002a1d40
instanceKlass  @bci org/languagetool/rules/de/GermanSpellerRule <clinit> ()V 13214 <appendix> argL0 ; # org/languagetool/rules/de/GermanSpellerRule$$Lambda+0x00000001002a1b00
instanceKlass  @bci org/languagetool/rules/de/GermanSpellerRule <clinit> ()V 13203 <appendix> argL0 ; # org/languagetool/rules/de/GermanSpellerRule$$Lambda+0x00000001002a18c0
instanceKlass  @bci org/languagetool/rules/de/GermanSpellerRule <clinit> ()V 13192 <appendix> argL0 ; # org/languagetool/rules/de/GermanSpellerRule$$Lambda+0x00000001002a1680
instanceKlass  @bci org/languagetool/rules/de/GermanSpellerRule <clinit> ()V 13181 <appendix> argL0 ; # org/languagetool/rules/de/GermanSpellerRule$$Lambda+0x00000001002a1440
instanceKlass  @bci org/languagetool/rules/de/GermanSpellerRule <clinit> ()V 13170 <appendix> argL0 ; # org/languagetool/rules/de/GermanSpellerRule$$Lambda+0x00000001002a1200
instanceKlass  @bci org/languagetool/rules/de/GermanSpellerRule <clinit> ()V 13159 <appendix> argL0 ; # org/languagetool/rules/de/GermanSpellerRule$$Lambda+0x00000001002a0fc0
instanceKlass  @bci org/languagetool/rules/de/GermanSpellerRule <clinit> ()V 13148 <appendix> argL0 ; # org/languagetool/rules/de/GermanSpellerRule$$Lambda+0x00000001002a0d80
instanceKlass  @bci org/languagetool/rules/de/GermanSpellerRule <clinit> ()V 13137 <appendix> argL0 ; # org/languagetool/rules/de/GermanSpellerRule$$Lambda+0x00000001002a0b40
instanceKlass  @bci org/languagetool/rules/de/GermanSpellerRule <clinit> ()V 13126 <appendix> argL0 ; # org/languagetool/rules/de/GermanSpellerRule$$Lambda+0x00000001002a0900
instanceKlass  @bci org/languagetool/rules/de/GermanSpellerRule <clinit> ()V 13115 <appendix> argL0 ; # org/languagetool/rules/de/GermanSpellerRule$$Lambda+0x00000001002a06c0
instanceKlass  @bci org/languagetool/rules/de/GermanSpellerRule <clinit> ()V 13104 <appendix> argL0 ; # org/languagetool/rules/de/GermanSpellerRule$$Lambda+0x00000001002a0480
instanceKlass  @bci org/languagetool/rules/de/GermanSpellerRule <clinit> ()V 13093 <appendix> argL0 ; # org/languagetool/rules/de/GermanSpellerRule$$Lambda+0x00000001002a0240
instanceKlass  @bci org/languagetool/rules/de/GermanSpellerRule <clinit> ()V 13082 <appendix> argL0 ; # org/languagetool/rules/de/GermanSpellerRule$$Lambda+0x00000001002a0000
instanceKlass  @bci org/languagetool/rules/de/GermanSpellerRule <clinit> ()V 13071 <appendix> argL0 ; # org/languagetool/rules/de/GermanSpellerRule$$Lambda+0x000000010029fbc0
instanceKlass  @bci org/languagetool/rules/de/GermanSpellerRule <clinit> ()V 13060 <appendix> argL0 ; # org/languagetool/rules/de/GermanSpellerRule$$Lambda+0x000000010029f980
instanceKlass  @bci org/languagetool/rules/de/GermanSpellerRule <clinit> ()V 13049 <appendix> argL0 ; # org/languagetool/rules/de/GermanSpellerRule$$Lambda+0x000000010029f740
instanceKlass  @bci org/languagetool/rules/de/GermanSpellerRule <clinit> ()V 13038 <appendix> argL0 ; # org/languagetool/rules/de/GermanSpellerRule$$Lambda+0x000000010029f500
instanceKlass  @bci org/languagetool/rules/de/GermanSpellerRule <clinit> ()V 13027 <appendix> argL0 ; # org/languagetool/rules/de/GermanSpellerRule$$Lambda+0x000000010029f2c0
instanceKlass  @bci org/languagetool/rules/de/GermanSpellerRule <clinit> ()V 13016 <appendix> argL0 ; # org/languagetool/rules/de/GermanSpellerRule$$Lambda+0x000000010029f080
instanceKlass  @bci org/languagetool/rules/de/GermanSpellerRule <clinit> ()V 13005 <appendix> argL0 ; # org/languagetool/rules/de/GermanSpellerRule$$Lambda+0x000000010029ee40
instanceKlass  @bci org/languagetool/rules/de/GermanSpellerRule <clinit> ()V 12994 <appendix> argL0 ; # org/languagetool/rules/de/GermanSpellerRule$$Lambda+0x000000010029ec00
instanceKlass  @bci org/languagetool/rules/de/GermanSpellerRule <clinit> ()V 12983 <appendix> argL0 ; # org/languagetool/rules/de/GermanSpellerRule$$Lambda+0x000000010029e9c0
instanceKlass  @bci org/languagetool/rules/de/GermanSpellerRule <clinit> ()V 12972 <appendix> argL0 ; # org/languagetool/rules/de/GermanSpellerRule$$Lambda+0x000000010029e780
instanceKlass  @bci org/languagetool/rules/de/GermanSpellerRule <clinit> ()V 12961 <appendix> argL0 ; # org/languagetool/rules/de/GermanSpellerRule$$Lambda+0x000000010029e540
instanceKlass  @bci org/languagetool/rules/de/GermanSpellerRule <clinit> ()V 12950 <appendix> argL0 ; # org/languagetool/rules/de/GermanSpellerRule$$Lambda+0x000000010029e300
instanceKlass  @bci org/languagetool/rules/de/GermanSpellerRule <clinit> ()V 12939 <appendix> argL0 ; # org/languagetool/rules/de/GermanSpellerRule$$Lambda+0x000000010029e0c0
instanceKlass  @bci org/languagetool/rules/de/GermanSpellerRule <clinit> ()V 12928 <appendix> argL0 ; # org/languagetool/rules/de/GermanSpellerRule$$Lambda+0x000000010029de80
instanceKlass  @bci org/languagetool/rules/de/GermanSpellerRule <clinit> ()V 12917 <appendix> argL0 ; # org/languagetool/rules/de/GermanSpellerRule$$Lambda+0x000000010029dc40
instanceKlass  @bci org/languagetool/rules/de/GermanSpellerRule <clinit> ()V 12906 <appendix> argL0 ; # org/languagetool/rules/de/GermanSpellerRule$$Lambda+0x000000010029da00
instanceKlass  @bci org/languagetool/rules/de/GermanSpellerRule <clinit> ()V 12895 <appendix> argL0 ; # org/languagetool/rules/de/GermanSpellerRule$$Lambda+0x000000010029d7c0
instanceKlass  @bci org/languagetool/rules/de/GermanSpellerRule <clinit> ()V 12884 <appendix> argL0 ; # org/languagetool/rules/de/GermanSpellerRule$$Lambda+0x000000010029d580
instanceKlass  @bci org/languagetool/rules/de/GermanSpellerRule <clinit> ()V 12873 <appendix> argL0 ; # org/languagetool/rules/de/GermanSpellerRule$$Lambda+0x000000010029d340
instanceKlass  @bci org/languagetool/rules/de/GermanSpellerRule <clinit> ()V 12862 <appendix> argL0 ; # org/languagetool/rules/de/GermanSpellerRule$$Lambda+0x000000010029d100
instanceKlass  @bci org/languagetool/rules/de/GermanSpellerRule <clinit> ()V 12851 <appendix> argL0 ; # org/languagetool/rules/de/GermanSpellerRule$$Lambda+0x000000010029cec0
instanceKlass  @bci org/languagetool/rules/de/GermanSpellerRule <clinit> ()V 12840 <appendix> argL0 ; # org/languagetool/rules/de/GermanSpellerRule$$Lambda+0x000000010029cc80
instanceKlass  @bci org/languagetool/rules/de/GermanSpellerRule <clinit> ()V 12829 <appendix> argL0 ; # org/languagetool/rules/de/GermanSpellerRule$$Lambda+0x000000010029ca40
instanceKlass  @bci org/languagetool/rules/de/GermanSpellerRule <clinit> ()V 12818 <appendix> argL0 ; # org/languagetool/rules/de/GermanSpellerRule$$Lambda+0x000000010029c800
instanceKlass  @bci org/languagetool/rules/de/GermanSpellerRule <clinit> ()V 12807 <appendix> argL0 ; # org/languagetool/rules/de/GermanSpellerRule$$Lambda+0x000000010029c5c0
instanceKlass  @bci org/languagetool/rules/de/GermanSpellerRule <clinit> ()V 12796 <appendix> argL0 ; # org/languagetool/rules/de/GermanSpellerRule$$Lambda+0x000000010029c380
instanceKlass  @bci org/languagetool/rules/de/GermanSpellerRule <clinit> ()V 12785 <appendix> argL0 ; # org/languagetool/rules/de/GermanSpellerRule$$Lambda+0x000000010029c140
instanceKlass  @bci org/languagetool/rules/de/GermanSpellerRule <clinit> ()V 12774 <appendix> argL0 ; # org/languagetool/rules/de/GermanSpellerRule$$Lambda+0x000000010029bf00
instanceKlass  @bci org/languagetool/rules/de/GermanSpellerRule <clinit> ()V 12763 <appendix> argL0 ; # org/languagetool/rules/de/GermanSpellerRule$$Lambda+0x000000010029bcc0
instanceKlass  @bci org/languagetool/rules/de/GermanSpellerRule <clinit> ()V 12752 <appendix> argL0 ; # org/languagetool/rules/de/GermanSpellerRule$$Lambda+0x000000010029ba80
instanceKlass  @bci org/languagetool/rules/de/GermanSpellerRule <clinit> ()V 12741 <appendix> argL0 ; # org/languagetool/rules/de/GermanSpellerRule$$Lambda+0x000000010029b840
instanceKlass  @bci org/languagetool/rules/de/GermanSpellerRule <clinit> ()V 12730 <appendix> argL0 ; # org/languagetool/rules/de/GermanSpellerRule$$Lambda+0x000000010029b600
instanceKlass  @bci org/languagetool/rules/de/GermanSpellerRule <clinit> ()V 12719 <appendix> argL0 ; # org/languagetool/rules/de/GermanSpellerRule$$Lambda+0x000000010029b3c0
instanceKlass  @bci org/languagetool/rules/de/GermanSpellerRule <clinit> ()V 12708 <appendix> argL0 ; # org/languagetool/rules/de/GermanSpellerRule$$Lambda+0x000000010029b180
instanceKlass  @bci org/languagetool/rules/de/GermanSpellerRule <clinit> ()V 12697 <appendix> argL0 ; # org/languagetool/rules/de/GermanSpellerRule$$Lambda+0x000000010029af40
instanceKlass  @bci org/languagetool/rules/de/GermanSpellerRule <clinit> ()V 12686 <appendix> argL0 ; # org/languagetool/rules/de/GermanSpellerRule$$Lambda+0x000000010029ad00
instanceKlass  @bci org/languagetool/rules/de/GermanSpellerRule <clinit> ()V 12675 <appendix> argL0 ; # org/languagetool/rules/de/GermanSpellerRule$$Lambda+0x000000010029aac0
instanceKlass  @bci org/languagetool/rules/de/GermanSpellerRule <clinit> ()V 12664 <appendix> argL0 ; # org/languagetool/rules/de/GermanSpellerRule$$Lambda+0x000000010029a880
instanceKlass  @bci org/languagetool/rules/de/GermanSpellerRule <clinit> ()V 12653 <appendix> argL0 ; # org/languagetool/rules/de/GermanSpellerRule$$Lambda+0x000000010029a640
instanceKlass  @bci org/languagetool/rules/de/GermanSpellerRule <clinit> ()V 12642 <appendix> argL0 ; # org/languagetool/rules/de/GermanSpellerRule$$Lambda+0x000000010029a400
instanceKlass  @bci org/languagetool/rules/de/GermanSpellerRule <clinit> ()V 12631 <appendix> argL0 ; # org/languagetool/rules/de/GermanSpellerRule$$Lambda+0x000000010029a1c0
instanceKlass  @bci org/languagetool/rules/de/GermanSpellerRule <clinit> ()V 12620 <appendix> argL0 ; # org/languagetool/rules/de/GermanSpellerRule$$Lambda+0x0000000100299f80
instanceKlass  @bci org/languagetool/rules/de/GermanSpellerRule <clinit> ()V 12609 <appendix> argL0 ; # org/languagetool/rules/de/GermanSpellerRule$$Lambda+0x0000000100299d40
instanceKlass  @bci org/languagetool/rules/de/GermanSpellerRule <clinit> ()V 12598 <appendix> argL0 ; # org/languagetool/rules/de/GermanSpellerRule$$Lambda+0x0000000100299b00
instanceKlass  @bci org/languagetool/rules/de/GermanSpellerRule <clinit> ()V 12587 <appendix> argL0 ; # org/languagetool/rules/de/GermanSpellerRule$$Lambda+0x00000001002998c0
instanceKlass  @bci org/languagetool/rules/de/GermanSpellerRule <clinit> ()V 12576 <appendix> argL0 ; # org/languagetool/rules/de/GermanSpellerRule$$Lambda+0x0000000100299680
instanceKlass  @bci org/languagetool/rules/de/GermanSpellerRule <clinit> ()V 12565 <appendix> argL0 ; # org/languagetool/rules/de/GermanSpellerRule$$Lambda+0x0000000100299440
instanceKlass  @bci org/languagetool/rules/de/GermanSpellerRule <clinit> ()V 12554 <appendix> argL0 ; # org/languagetool/rules/de/GermanSpellerRule$$Lambda+0x0000000100299200
instanceKlass  @bci org/languagetool/rules/de/GermanSpellerRule <clinit> ()V 12543 <appendix> argL0 ; # org/languagetool/rules/de/GermanSpellerRule$$Lambda+0x0000000100298fc0
instanceKlass  @bci org/languagetool/rules/de/GermanSpellerRule <clinit> ()V 12532 <appendix> argL0 ; # org/languagetool/rules/de/GermanSpellerRule$$Lambda+0x0000000100298d80
instanceKlass  @bci org/languagetool/rules/de/GermanSpellerRule <clinit> ()V 12521 <appendix> argL0 ; # org/languagetool/rules/de/GermanSpellerRule$$Lambda+0x0000000100298b40
instanceKlass  @bci org/languagetool/rules/de/GermanSpellerRule <clinit> ()V 12510 <appendix> argL0 ; # org/languagetool/rules/de/GermanSpellerRule$$Lambda+0x0000000100298900
instanceKlass  @bci org/languagetool/rules/de/GermanSpellerRule <clinit> ()V 12499 <appendix> argL0 ; # org/languagetool/rules/de/GermanSpellerRule$$Lambda+0x00000001002986c0
instanceKlass  @bci org/languagetool/rules/de/GermanSpellerRule <clinit> ()V 12488 <appendix> argL0 ; # org/languagetool/rules/de/GermanSpellerRule$$Lambda+0x0000000100298480
instanceKlass  @bci org/languagetool/rules/de/GermanSpellerRule <clinit> ()V 12477 <appendix> argL0 ; # org/languagetool/rules/de/GermanSpellerRule$$Lambda+0x0000000100298240
instanceKlass  @bci org/languagetool/rules/de/GermanSpellerRule <clinit> ()V 12466 <appendix> argL0 ; # org/languagetool/rules/de/GermanSpellerRule$$Lambda+0x0000000100298000
instanceKlass  @bci org/languagetool/rules/de/GermanSpellerRule <clinit> ()V 12455 <appendix> argL0 ; # org/languagetool/rules/de/GermanSpellerRule$$Lambda+0x0000000100297bc0
instanceKlass  @bci org/languagetool/rules/de/GermanSpellerRule <clinit> ()V 12444 <appendix> argL0 ; # org/languagetool/rules/de/GermanSpellerRule$$Lambda+0x0000000100297980
instanceKlass  @bci org/languagetool/rules/de/GermanSpellerRule <clinit> ()V 12433 <appendix> argL0 ; # org/languagetool/rules/de/GermanSpellerRule$$Lambda+0x0000000100297740
instanceKlass  @bci org/languagetool/rules/de/GermanSpellerRule <clinit> ()V 12422 <appendix> argL0 ; # org/languagetool/rules/de/GermanSpellerRule$$Lambda+0x0000000100297500
instanceKlass  @bci org/languagetool/rules/de/GermanSpellerRule <clinit> ()V 12411 <appendix> argL0 ; # org/languagetool/rules/de/GermanSpellerRule$$Lambda+0x00000001002972c0
instanceKlass  @bci org/languagetool/rules/de/GermanSpellerRule <clinit> ()V 12400 <appendix> argL0 ; # org/languagetool/rules/de/GermanSpellerRule$$Lambda+0x0000000100297080
instanceKlass  @bci org/languagetool/rules/de/GermanSpellerRule <clinit> ()V 12389 <appendix> argL0 ; # org/languagetool/rules/de/GermanSpellerRule$$Lambda+0x0000000100296e40
instanceKlass  @bci org/languagetool/rules/de/GermanSpellerRule <clinit> ()V 12378 <appendix> argL0 ; # org/languagetool/rules/de/GermanSpellerRule$$Lambda+0x0000000100296c00
instanceKlass  @bci org/languagetool/rules/de/GermanSpellerRule <clinit> ()V 12367 <appendix> argL0 ; # org/languagetool/rules/de/GermanSpellerRule$$Lambda+0x00000001002969c0
instanceKlass  @bci org/languagetool/rules/de/GermanSpellerRule <clinit> ()V 12356 <appendix> argL0 ; # org/languagetool/rules/de/GermanSpellerRule$$Lambda+0x0000000100296780
instanceKlass  @bci org/languagetool/rules/de/GermanSpellerRule <clinit> ()V 12345 <appendix> argL0 ; # org/languagetool/rules/de/GermanSpellerRule$$Lambda+0x0000000100296540
instanceKlass  @bci org/languagetool/rules/de/GermanSpellerRule <clinit> ()V 12334 <appendix> argL0 ; # org/languagetool/rules/de/GermanSpellerRule$$Lambda+0x0000000100296300
instanceKlass  @bci org/languagetool/rules/de/GermanSpellerRule <clinit> ()V 12323 <appendix> argL0 ; # org/languagetool/rules/de/GermanSpellerRule$$Lambda+0x00000001002960c0
instanceKlass  @bci org/languagetool/rules/de/GermanSpellerRule <clinit> ()V 12312 <appendix> argL0 ; # org/languagetool/rules/de/GermanSpellerRule$$Lambda+0x0000000100295e80
instanceKlass  @bci org/languagetool/rules/de/GermanSpellerRule <clinit> ()V 12301 <appendix> argL0 ; # org/languagetool/rules/de/GermanSpellerRule$$Lambda+0x0000000100295c40
instanceKlass  @bci org/languagetool/rules/de/GermanSpellerRule <clinit> ()V 12290 <appendix> argL0 ; # org/languagetool/rules/de/GermanSpellerRule$$Lambda+0x0000000100295a00
instanceKlass  @bci org/languagetool/rules/de/GermanSpellerRule <clinit> ()V 12279 <appendix> argL0 ; # org/languagetool/rules/de/GermanSpellerRule$$Lambda+0x00000001002957c0
instanceKlass  @bci org/languagetool/rules/de/GermanSpellerRule <clinit> ()V 12268 <appendix> argL0 ; # org/languagetool/rules/de/GermanSpellerRule$$Lambda+0x0000000100295580
instanceKlass  @bci org/languagetool/rules/de/GermanSpellerRule <clinit> ()V 12257 <appendix> argL0 ; # org/languagetool/rules/de/GermanSpellerRule$$Lambda+0x0000000100295340
instanceKlass  @bci org/languagetool/rules/de/GermanSpellerRule <clinit> ()V 12246 <appendix> argL0 ; # org/languagetool/rules/de/GermanSpellerRule$$Lambda+0x0000000100295100
instanceKlass  @bci org/languagetool/rules/de/GermanSpellerRule <clinit> ()V 12235 <appendix> argL0 ; # org/languagetool/rules/de/GermanSpellerRule$$Lambda+0x0000000100294ec0
instanceKlass  @bci org/languagetool/rules/de/GermanSpellerRule <clinit> ()V 12224 <appendix> argL0 ; # org/languagetool/rules/de/GermanSpellerRule$$Lambda+0x0000000100294c80
instanceKlass  @bci org/languagetool/rules/de/GermanSpellerRule <clinit> ()V 12213 <appendix> argL0 ; # org/languagetool/rules/de/GermanSpellerRule$$Lambda+0x0000000100294a40
instanceKlass  @bci org/languagetool/rules/de/GermanSpellerRule <clinit> ()V 12202 <appendix> argL0 ; # org/languagetool/rules/de/GermanSpellerRule$$Lambda+0x0000000100294800
instanceKlass  @bci org/languagetool/rules/de/GermanSpellerRule <clinit> ()V 12191 <appendix> argL0 ; # org/languagetool/rules/de/GermanSpellerRule$$Lambda+0x00000001002945c0
instanceKlass  @bci org/languagetool/rules/de/GermanSpellerRule <clinit> ()V 12180 <appendix> argL0 ; # org/languagetool/rules/de/GermanSpellerRule$$Lambda+0x0000000100294380
instanceKlass  @bci org/languagetool/rules/de/GermanSpellerRule <clinit> ()V 12169 <appendix> argL0 ; # org/languagetool/rules/de/GermanSpellerRule$$Lambda+0x0000000100294140
instanceKlass  @bci org/languagetool/rules/de/GermanSpellerRule <clinit> ()V 12140 <appendix> argL0 ; # org/languagetool/rules/de/GermanSpellerRule$$Lambda+0x0000000100293f00
instanceKlass  @bci org/languagetool/rules/de/GermanSpellerRule <clinit> ()V 12129 <appendix> argL0 ; # org/languagetool/rules/de/GermanSpellerRule$$Lambda+0x0000000100293cc0
instanceKlass  @bci org/languagetool/rules/de/GermanSpellerRule <clinit> ()V 12118 <appendix> argL0 ; # org/languagetool/rules/de/GermanSpellerRule$$Lambda+0x0000000100293a80
instanceKlass  @bci org/languagetool/rules/de/GermanSpellerRule <clinit> ()V 12107 <appendix> argL0 ; # org/languagetool/rules/de/GermanSpellerRule$$Lambda+0x0000000100293840
instanceKlass  @bci org/languagetool/rules/de/GermanSpellerRule <clinit> ()V 12051 <appendix> argL0 ; # org/languagetool/rules/de/GermanSpellerRule$$Lambda+0x0000000100293600
instanceKlass  @bci org/languagetool/rules/de/GermanSpellerRule <clinit> ()V 12040 <appendix> argL0 ; # org/languagetool/rules/de/GermanSpellerRule$$Lambda+0x00000001002933c0
instanceKlass  @bci org/languagetool/rules/de/GermanSpellerRule <clinit> ()V 12029 <appendix> argL0 ; # org/languagetool/rules/de/GermanSpellerRule$$Lambda+0x0000000100293180
instanceKlass  @bci org/languagetool/rules/de/GermanSpellerRule <clinit> ()V 12018 <appendix> argL0 ; # org/languagetool/rules/de/GermanSpellerRule$$Lambda+0x0000000100292f40
instanceKlass  @bci org/languagetool/rules/de/GermanSpellerRule <clinit> ()V 12007 <appendix> argL0 ; # org/languagetool/rules/de/GermanSpellerRule$$Lambda+0x0000000100292d00
instanceKlass  @bci org/languagetool/rules/de/GermanSpellerRule <clinit> ()V 11996 <appendix> argL0 ; # org/languagetool/rules/de/GermanSpellerRule$$Lambda+0x0000000100292ac0
instanceKlass  @bci org/languagetool/rules/de/GermanSpellerRule <clinit> ()V 11985 <appendix> argL0 ; # org/languagetool/rules/de/GermanSpellerRule$$Lambda+0x0000000100292880
instanceKlass  @bci org/languagetool/rules/de/GermanSpellerRule <clinit> ()V 11974 <appendix> argL0 ; # org/languagetool/rules/de/GermanSpellerRule$$Lambda+0x0000000100292640
instanceKlass  @bci org/languagetool/rules/de/GermanSpellerRule <clinit> ()V 11963 <appendix> argL0 ; # org/languagetool/rules/de/GermanSpellerRule$$Lambda+0x0000000100292400
instanceKlass  @bci org/languagetool/rules/de/GermanSpellerRule <clinit> ()V 11952 <appendix> argL0 ; # org/languagetool/rules/de/GermanSpellerRule$$Lambda+0x00000001002921c0
instanceKlass  @bci org/languagetool/rules/de/GermanSpellerRule <clinit> ()V 11941 <appendix> argL0 ; # org/languagetool/rules/de/GermanSpellerRule$$Lambda+0x0000000100291f80
instanceKlass  @bci org/languagetool/rules/de/GermanSpellerRule <clinit> ()V 11930 <appendix> argL0 ; # org/languagetool/rules/de/GermanSpellerRule$$Lambda+0x0000000100291d40
instanceKlass  @bci org/languagetool/rules/de/GermanSpellerRule <clinit> ()V 10239 <appendix> argL0 ; # org/languagetool/rules/de/GermanSpellerRule$$Lambda+0x0000000100291b00
instanceKlass  @bci org/languagetool/rules/de/GermanSpellerRule <clinit> ()V 10228 <appendix> argL0 ; # org/languagetool/rules/de/GermanSpellerRule$$Lambda+0x00000001002918c0
instanceKlass  @bci org/languagetool/rules/de/GermanSpellerRule <clinit> ()V 10199 <appendix> argL0 ; # org/languagetool/rules/de/GermanSpellerRule$$Lambda+0x0000000100291680
instanceKlass  @bci org/languagetool/rules/de/GermanSpellerRule <clinit> ()V 10188 <appendix> argL0 ; # org/languagetool/rules/de/GermanSpellerRule$$Lambda+0x0000000100291440
instanceKlass  @bci org/languagetool/rules/de/GermanSpellerRule <clinit> ()V 10055 <appendix> argL0 ; # org/languagetool/rules/de/GermanSpellerRule$$Lambda+0x0000000100291200
instanceKlass  @bci org/languagetool/rules/de/GermanSpellerRule <clinit> ()V 9930 <appendix> argL0 ; # org/languagetool/rules/de/GermanSpellerRule$$Lambda+0x0000000100290fc0
instanceKlass  @bci org/languagetool/rules/de/GermanSpellerRule <clinit> ()V 9919 <appendix> argL0 ; # org/languagetool/rules/de/GermanSpellerRule$$Lambda+0x0000000100290d80
instanceKlass  @bci org/languagetool/rules/de/GermanSpellerRule <clinit> ()V 9724 <appendix> argL0 ; # org/languagetool/rules/de/GermanSpellerRule$$Lambda+0x0000000100290b40
instanceKlass  @bci org/languagetool/rules/de/GermanSpellerRule <clinit> ()V 9713 <appendix> argL0 ; # org/languagetool/rules/de/GermanSpellerRule$$Lambda+0x0000000100290900
instanceKlass  @bci org/languagetool/rules/de/GermanSpellerRule <clinit> ()V 9702 <appendix> argL0 ; # org/languagetool/rules/de/GermanSpellerRule$$Lambda+0x00000001002906c0
instanceKlass  @bci org/languagetool/rules/de/GermanSpellerRule <clinit> ()V 9046 <appendix> argL0 ; # org/languagetool/rules/de/GermanSpellerRule$$Lambda+0x0000000100290480
instanceKlass  @bci org/languagetool/rules/de/GermanSpellerRule <clinit> ()V 8666 <appendix> argL0 ; # org/languagetool/rules/de/GermanSpellerRule$$Lambda+0x0000000100290240
instanceKlass  @bci org/languagetool/rules/de/GermanSpellerRule <clinit> ()V 8547 <appendix> argL0 ; # org/languagetool/rules/de/GermanSpellerRule$$Lambda+0x0000000100290000
instanceKlass  @bci org/languagetool/rules/de/GermanSpellerRule <clinit> ()V 8464 <appendix> argL0 ; # org/languagetool/rules/de/GermanSpellerRule$$Lambda+0x0000000100288400
instanceKlass  @bci org/languagetool/rules/de/GermanSpellerRule <clinit> ()V 8390 <appendix> argL0 ; # org/languagetool/rules/de/GermanSpellerRule$$Lambda+0x0000000100288c80
instanceKlass  @bci org/languagetool/rules/de/GermanSpellerRule <clinit> ()V 8226 <appendix> argL0 ; # org/languagetool/rules/de/GermanSpellerRule$$Lambda+0x0000000100288a40
instanceKlass  @bci org/languagetool/rules/de/GermanSpellerRule <clinit> ()V 7705 <appendix> argL0 ; # org/languagetool/rules/de/GermanSpellerRule$$Lambda+0x0000000100288800
instanceKlass  @bci org/languagetool/rules/de/GermanSpellerRule <clinit> ()V 7040 <appendix> argL0 ; # org/languagetool/rules/de/GermanSpellerRule$$Lambda+0x0000000100289d80
instanceKlass  @bci org/languagetool/rules/de/GermanSpellerRule <clinit> ()V 7029 <appendix> argL0 ; # org/languagetool/rules/de/GermanSpellerRule$$Lambda+0x0000000100289b40
instanceKlass  @bci org/languagetool/rules/de/GermanSpellerRule <clinit> ()V 7018 <appendix> argL0 ; # org/languagetool/rules/de/GermanSpellerRule$$Lambda+0x0000000100289900
instanceKlass  @bci org/languagetool/rules/de/GermanSpellerRule <clinit> ()V 7007 <appendix> argL0 ; # org/languagetool/rules/de/GermanSpellerRule$$Lambda+0x00000001002896c0
instanceKlass  @bci org/languagetool/rules/de/GermanSpellerRule <clinit> ()V 6996 <appendix> argL0 ; # org/languagetool/rules/de/GermanSpellerRule$$Lambda+0x0000000100289480
instanceKlass  @bci org/languagetool/rules/de/GermanSpellerRule <clinit> ()V 6661 <appendix> argL0 ; # org/languagetool/rules/de/GermanSpellerRule$$Lambda+0x0000000100289240
instanceKlass  @bci org/languagetool/rules/de/GermanSpellerRule <clinit> ()V 6650 <appendix> argL0 ; # org/languagetool/rules/de/GermanSpellerRule$$Lambda+0x0000000100289000
instanceKlass  @bci org/languagetool/rules/de/GermanSpellerRule <clinit> ()V 6630 <appendix> argL0 ; # org/languagetool/rules/de/GermanSpellerRule$$Lambda+0x000000010028bd40
instanceKlass  @bci org/languagetool/rules/de/GermanSpellerRule <clinit> ()V 6295 <appendix> argL0 ; # org/languagetool/rules/de/GermanSpellerRule$$Lambda+0x000000010028bb00
instanceKlass  @bci org/languagetool/rules/de/GermanSpellerRule <clinit> ()V 6284 <appendix> argL0 ; # org/languagetool/rules/de/GermanSpellerRule$$Lambda+0x000000010028b8c0
instanceKlass  @bci org/languagetool/rules/de/GermanSpellerRule <clinit> ()V 6273 <appendix> argL0 ; # org/languagetool/rules/de/GermanSpellerRule$$Lambda+0x000000010028b680
instanceKlass  @bci org/languagetool/rules/de/GermanSpellerRule <clinit> ()V 6262 <appendix> argL0 ; # org/languagetool/rules/de/GermanSpellerRule$$Lambda+0x000000010028b440
instanceKlass  @bci org/languagetool/rules/de/GermanSpellerRule <clinit> ()V 6251 <appendix> argL0 ; # org/languagetool/rules/de/GermanSpellerRule$$Lambda+0x000000010028b200
instanceKlass  @bci org/languagetool/rules/de/GermanSpellerRule <clinit> ()V 6240 <appendix> argL0 ; # org/languagetool/rules/de/GermanSpellerRule$$Lambda+0x000000010028afc0
instanceKlass  @bci org/languagetool/rules/de/GermanSpellerRule <clinit> ()V 6229 <appendix> argL0 ; # org/languagetool/rules/de/GermanSpellerRule$$Lambda+0x000000010028ad80
instanceKlass  @bci org/languagetool/rules/de/GermanSpellerRule <clinit> ()V 6218 <appendix> argL0 ; # org/languagetool/rules/de/GermanSpellerRule$$Lambda+0x000000010028ab40
instanceKlass  @bci org/languagetool/rules/de/GermanSpellerRule <clinit> ()V 5485 <appendix> argL0 ; # org/languagetool/rules/de/GermanSpellerRule$$Lambda+0x000000010028a900
instanceKlass  @bci org/languagetool/rules/de/GermanSpellerRule <clinit> ()V 4457 <appendix> argL0 ; # org/languagetool/rules/de/GermanSpellerRule$$Lambda+0x000000010028a6c0
instanceKlass  @bci org/languagetool/rules/de/GermanSpellerRule <clinit> ()V 4347 <appendix> argL0 ; # org/languagetool/rules/de/GermanSpellerRule$$Lambda+0x000000010028a480
instanceKlass  @bci org/languagetool/rules/de/GermanSpellerRule <clinit> ()V 4093 <appendix> argL0 ; # org/languagetool/rules/de/GermanSpellerRule$$Lambda+0x000000010028a240
instanceKlass  @bci org/languagetool/rules/de/GermanSpellerRule <clinit> ()V 3902 <appendix> argL0 ; # org/languagetool/rules/de/GermanSpellerRule$$Lambda+0x000000010028a000
instanceKlass  @bci org/languagetool/rules/de/GermanSpellerRule <clinit> ()V 3891 <appendix> argL0 ; # org/languagetool/rules/de/GermanSpellerRule$$Lambda+0x000000010028fcc0
instanceKlass  @bci org/languagetool/rules/de/GermanSpellerRule <clinit> ()V 3880 <appendix> argL0 ; # org/languagetool/rules/de/GermanSpellerRule$$Lambda+0x000000010028fa80
instanceKlass  @bci org/languagetool/rules/de/GermanSpellerRule <clinit> ()V 3869 <appendix> argL0 ; # org/languagetool/rules/de/GermanSpellerRule$$Lambda+0x000000010028f840
instanceKlass  @bci org/languagetool/rules/de/GermanSpellerRule <clinit> ()V 3858 <appendix> argL0 ; # org/languagetool/rules/de/GermanSpellerRule$$Lambda+0x000000010028f600
instanceKlass  @bci org/languagetool/rules/de/GermanSpellerRule <clinit> ()V 3847 <appendix> argL0 ; # org/languagetool/rules/de/GermanSpellerRule$$Lambda+0x000000010028f3c0
instanceKlass  @bci org/languagetool/rules/de/GermanSpellerRule <clinit> ()V 3836 <appendix> argL0 ; # org/languagetool/rules/de/GermanSpellerRule$$Lambda+0x000000010028f180
instanceKlass  @bci org/languagetool/rules/de/GermanSpellerRule <clinit> ()V 3321 <appendix> argL0 ; # org/languagetool/rules/de/GermanSpellerRule$$Lambda+0x000000010028ef40
instanceKlass  @bci org/languagetool/rules/de/GermanSpellerRule <clinit> ()V 3310 <appendix> argL0 ; # org/languagetool/rules/de/GermanSpellerRule$$Lambda+0x000000010028ed00
instanceKlass  @bci org/languagetool/rules/de/GermanSpellerRule <clinit> ()V 3299 <appendix> argL0 ; # org/languagetool/rules/de/GermanSpellerRule$$Lambda+0x000000010028eac0
instanceKlass  @bci org/languagetool/rules/de/GermanSpellerRule <clinit> ()V 3288 <appendix> argL0 ; # org/languagetool/rules/de/GermanSpellerRule$$Lambda+0x000000010028e880
instanceKlass  @bci org/languagetool/rules/de/GermanSpellerRule <clinit> ()V 3259 <appendix> argL0 ; # org/languagetool/rules/de/GermanSpellerRule$$Lambda+0x000000010028e640
instanceKlass  @bci org/languagetool/rules/de/GermanSpellerRule <clinit> ()V 3248 <appendix> argL0 ; # org/languagetool/rules/de/GermanSpellerRule$$Lambda+0x000000010028e400
instanceKlass  @bci org/languagetool/rules/de/GermanSpellerRule <clinit> ()V 2360 <appendix> argL0 ; # org/languagetool/rules/de/GermanSpellerRule$$Lambda+0x000000010028e1c0
instanceKlass  @bci org/languagetool/rules/de/GermanSpellerRule <clinit> ()V 2349 <appendix> argL0 ; # org/languagetool/rules/de/GermanSpellerRule$$Lambda+0x000000010028df80
instanceKlass  @bci org/languagetool/rules/de/GermanSpellerRule <clinit> ()V 2338 <appendix> argL0 ; # org/languagetool/rules/de/GermanSpellerRule$$Lambda+0x000000010028dd40
instanceKlass  @bci org/languagetool/rules/de/GermanSpellerRule <clinit> ()V 2327 <appendix> argL0 ; # org/languagetool/rules/de/GermanSpellerRule$$Lambda+0x000000010028db00
instanceKlass  @bci org/languagetool/rules/de/GermanSpellerRule <clinit> ()V 2316 <appendix> argL0 ; # org/languagetool/rules/de/GermanSpellerRule$$Lambda+0x000000010028d8c0
instanceKlass  @bci org/languagetool/rules/de/GermanSpellerRule <clinit> ()V 2197 <appendix> argL0 ; # org/languagetool/rules/de/GermanSpellerRule$$Lambda+0x000000010028d680
instanceKlass  @bci org/languagetool/rules/de/GermanSpellerRule <clinit> ()V 2186 <appendix> argL0 ; # org/languagetool/rules/de/GermanSpellerRule$$Lambda+0x000000010028d440
instanceKlass  @bci org/languagetool/rules/de/GermanSpellerRule <clinit> ()V 2157 <appendix> argL0 ; # org/languagetool/rules/de/GermanSpellerRule$$Lambda+0x000000010028d200
instanceKlass  @bci org/languagetool/rules/de/GermanSpellerRule <clinit> ()V 2146 <appendix> argL0 ; # org/languagetool/rules/de/GermanSpellerRule$$Lambda+0x000000010028cfc0
instanceKlass  @bci org/languagetool/rules/de/GermanSpellerRule <clinit> ()V 2135 <appendix> argL0 ; # org/languagetool/rules/de/GermanSpellerRule$$Lambda+0x000000010028cd80
instanceKlass  @bci org/languagetool/rules/de/GermanSpellerRule <clinit> ()V 2124 <appendix> argL0 ; # org/languagetool/rules/de/GermanSpellerRule$$Lambda+0x000000010028cb40
instanceKlass  @bci org/languagetool/rules/de/GermanSpellerRule <clinit> ()V 2113 <appendix> argL0 ; # org/languagetool/rules/de/GermanSpellerRule$$Lambda+0x000000010028c900
instanceKlass  @bci org/languagetool/rules/de/GermanSpellerRule <clinit> ()V 2102 <appendix> argL0 ; # org/languagetool/rules/de/GermanSpellerRule$$Lambda+0x000000010028c6c0
instanceKlass  @bci org/languagetool/rules/de/GermanSpellerRule <clinit> ()V 2082 <appendix> argL0 ; # org/languagetool/rules/de/GermanSpellerRule$$Lambda+0x000000010028c480
instanceKlass  @bci org/languagetool/rules/de/GermanSpellerRule <clinit> ()V 2071 <appendix> argL0 ; # org/languagetool/rules/de/GermanSpellerRule$$Lambda+0x000000010028c240
instanceKlass  @bci org/languagetool/rules/de/GermanSpellerRule <clinit> ()V 2060 <appendix> argL0 ; # org/languagetool/rules/de/GermanSpellerRule$$Lambda+0x000000010028c000
instanceKlass  @bci org/languagetool/rules/de/GermanSpellerRule <clinit> ()V 2049 <appendix> argL0 ; # org/languagetool/rules/de/GermanSpellerRule$$Lambda+0x0000000100287c58
instanceKlass  @bci org/languagetool/rules/de/GermanSpellerRule <clinit> ()V 1960 <appendix> argL0 ; # org/languagetool/rules/de/GermanSpellerRule$$Lambda+0x0000000100287a18
instanceKlass  @bci org/languagetool/rules/de/GermanSpellerRule <clinit> ()V 1949 <appendix> argL0 ; # org/languagetool/rules/de/GermanSpellerRule$$Lambda+0x00000001002877d8
instanceKlass  @bci org/languagetool/rules/de/GermanSpellerRule <clinit> ()V 1938 <appendix> argL0 ; # org/languagetool/rules/de/GermanSpellerRule$$Lambda+0x0000000100287598
instanceKlass  @bci org/languagetool/rules/de/GermanSpellerRule putRepl (Ljava/lang/String;Ljava/lang/String;Ljava/lang/String;)V 9 <appendix> member <vmtarget> ; # org/languagetool/rules/de/GermanSpellerRule$$Lambda+0x0000000100287350
instanceKlass  @cpi org/languagetool/rules/de/GermanSpellerRule 13689 form vmentry <vmtarget> ; # java/lang/invoke/LambdaForm$DMH+0x0000000100288000
instanceKlass  @bci org/languagetool/rules/de/GermanSpellerRule <clinit> ()V 1357 <appendix> argL0 ; # org/languagetool/rules/de/GermanSpellerRule$$Lambda+0x0000000100287110
instanceKlass  @bci org/languagetool/rules/de/GermanSpellerRule <clinit> ()V 1337 <appendix> argL0 ; # org/languagetool/rules/de/GermanSpellerRule$$Lambda+0x0000000100286ed0
instanceKlass  @bci org/languagetool/rules/de/GermanSpellerRule <clinit> ()V 1191 <appendix> argL0 ; # org/languagetool/rules/de/GermanSpellerRule$$Lambda+0x0000000100286c90
instanceKlass  @bci org/languagetool/rules/de/GermanSpellerRule put (Ljava/lang/String;Ljava/lang/String;)V 8 <appendix> member <vmtarget> ; # org/languagetool/rules/de/GermanSpellerRule$$Lambda+0x0000000100286a48
instanceKlass  @bci org/languagetool/rules/de/GermanSpellerRule <clinit> ()V 1171 <appendix> argL0 ; # org/languagetool/rules/de/GermanSpellerRule$$Lambda+0x0000000100286808
instanceKlass  @bci org/languagetool/rules/de/GermanSpellerRule <clinit> ()V 1160 <appendix> argL0 ; # org/languagetool/rules/de/GermanSpellerRule$$Lambda+0x00000001002865c8
instanceKlass  @bci org/languagetool/rules/de/GermanSpellerRule <clinit> ()V 1149 <appendix> argL0 ; # org/languagetool/rules/de/GermanSpellerRule$$Lambda+0x0000000100286388
instanceKlass org/languagetool/tagging/CombiningTagger
instanceKlass  @bci org/languagetool/tagging/ManualTagger <init> (Ljava/io/InputStream;Z)V 38 <appendix> argL0 ; # org/languagetool/tagging/ManualTagger$$Lambda+0x0000000100285a00
instanceKlass it/unimi/dsi/fastutil/objects/Object2IntMap$FastEntrySet
instanceKlass it/unimi/dsi/fastutil/ints/IntCollection
instanceKlass it/unimi/dsi/fastutil/ints/IntIterable
instanceKlass it/unimi/dsi/fastutil/objects/AbstractObject2IntFunction
instanceKlass org/languagetool/tagging/TaggedWord
instanceKlass  @bci org/languagetool/tagging/ManualTagger loadMapping (Ljava/io/InputStream;Z)Ljava/util/Map; 237 <appendix> argL0 ; # org/languagetool/tagging/ManualTagger$$Lambda+0x0000000100283950
instanceKlass it/unimi/dsi/fastutil/objects/Object2IntMap
instanceKlass it/unimi/dsi/fastutil/objects/Object2IntFunction
instanceKlass org/languagetool/tagging/ManualTagger
instanceKlass morfologik/stemming/IStemmer
instanceKlass org/languagetool/tagging/MorfologikTagger
instanceKlass org/languagetool/tagging/WordTagger
instanceKlass org/languagetool/tagging/BaseTagger
instanceKlass org/languagetool/rules/spelling/RuleWithLanguage
instanceKlass  @bci java/util/regex/CharPredicates forProperty (Ljava/lang/String;Z)Ljava/util/regex/Pattern$CharPredicate; 2561 <appendix> argL0 ; # java/util/regex/CharPredicates$$Lambda+0x00000001002507a8
instanceKlass java/util/concurrent/ConcurrentLinkedQueue$Node
instanceKlass  @bci org/languagetool/Language getDefaultSpellingRule ()Lorg/languagetool/rules/spelling/SpellingCheckRule; 8 <appendix> member <vmtarget> ; # org/languagetool/Language$$Lambda+0x0000000100281e50
instanceKlass java/text/StringCharacterIterator
instanceKlass java/text/CharacterIterator
instanceKlass java/text/BreakIterator$BreakIteratorCache
instanceKlass sun/text/SupplementaryCharacterData
instanceKlass sun/text/CompactByteArray
instanceKlass  @bci sun/util/resources/BreakIteratorResourceBundle getResourceAsStream (Ljava/lang/String;)Ljava/io/InputStream; 2 <appendix> member <vmtarget> ; # sun/util/resources/BreakIteratorResourceBundle$$Lambda+0x000000010024ef38
instanceKlass sun/util/resources/provider/NonBaseLocaleDataMetaInfo
instanceKlass  @bci sun/util/locale/provider/JRELocaleProviderAdapter createSupportedLocaleString (Ljava/lang/String;)Ljava/lang/String; 6 <appendix> member <vmtarget> ; # sun/util/locale/provider/JRELocaleProviderAdapter$$Lambda+0x000000010024e608
instanceKlass sun/util/locale/provider/BaseLocaleDataMetaInfo
instanceKlass  @bci sun/util/locale/provider/JRELocaleProviderAdapter getBreakIteratorProvider ()Ljava/text/spi/BreakIteratorProvider; 8 <appendix> member <vmtarget> ; # sun/util/locale/provider/JRELocaleProviderAdapter$$Lambda+0x000000010024df28
instanceKlass java/text/BreakIterator
instanceKlass java/lang/ConditionalSpecialCasing$Entry
instanceKlass java/lang/ConditionalSpecialCasing
instanceKlass java/lang/foreign/MemorySegment
instanceKlass java/util/LinkedList$Node
instanceKlass org/languagetool/language/identifier/detector/CommonWordsDetector
instanceKlass org/languagetool/language/identifier/detector/UnicodeBasedDetector
instanceKlass  @bci org/languagetool/language/identifier/LanguageIdentifier <clinit> ()V 172 <appendix> argL0 ; # org/languagetool/language/identifier/LanguageIdentifier$$Lambda+0x0000000100281810
instanceKlass  @bci org/languagetool/language/identifier/LanguageIdentifier <clinit> ()V 164 <appendix> argL0 ; # org/languagetool/language/identifier/LanguageIdentifier$$Lambda+0x00000001002815f0
instanceKlass  @bci org/languagetool/language/identifier/LanguageIdentifier <clinit> ()V 156 <appendix> argL0 ; # org/languagetool/language/identifier/LanguageIdentifier$$Lambda+0x00000001002813d0
instanceKlass  @bci org/languagetool/language/identifier/LanguageIdentifier <clinit> ()V 148 <appendix> argL0 ; # org/languagetool/language/identifier/LanguageIdentifier$$Lambda+0x00000001002811b0
instanceKlass com/optimaize/langdetect/text/TextFilter
instanceKlass org/languagetool/language/identifier/LanguageIdentifier
instanceKlass org/bsplines/ltexls/server/DocumentChecker$Companion
instanceKlass org/bsplines/ltexls/server/DocumentChecker
instanceKlass  @bci org/bsplines/ltexls/server/LtexLanguageServer <init> ()V 46 <appendix> argL0 ; # org/bsplines/ltexls/server/LtexLanguageServer$$Lambda+0x0000000100280468
instanceKlass kotlin/jvm/internal/CallableReference$NoReceiver
instanceKlass kotlin/reflect/KDeclarationContainer
instanceKlass kotlin/jvm/internal/CallableReference
instanceKlass kotlin/jvm/internal/KotlinGenericDeclaration
instanceKlass kotlin/reflect/KFunction
instanceKlass kotlin/reflect/KCallable
instanceKlass kotlin/reflect/KAnnotatedElement
instanceKlass kotlin/jvm/internal/FunctionBase
instanceKlass kotlin/jvm/functions/Function0
instanceKlass kotlin/Function
instanceKlass org/bsplines/ltexls/parsing/FragmentCache$Companion
instanceKlass org/bsplines/ltexls/parsing/FragmentCache
instanceKlass java/util/logging/StreamHandler$1
instanceKlass java/util/logging/Handler$1
instanceKlass java/util/logging/ErrorManager
instanceKlass jdk/internal/logger/SimpleConsoleLogger$Formatting
instanceKlass sun/util/logging/PlatformLogger
instanceKlass sun/util/logging/PlatformLogger$ConfigurableBridge$LoggerConfiguration
instanceKlass  @bci java/util/logging/SimpleFormatter <init> ()V 5 <appendix> argL0 ; # java/util/logging/SimpleFormatter$$Lambda+0x000000010024af60
instanceKlass java/util/logging/Formatter
instanceKlass org/bsplines/ltexls/tools/Logging
instanceKlass org/bsplines/ltexls/tools/FileIo
instanceKlass org/languagetool/ShortDescriptionProvider
instanceKlass  @bci org/languagetool/JLanguageTool updateOptionalLanguageModelRules (Lorg/languagetool/languagemodel/LanguageModel;)V 84 <appendix> member <vmtarget> ; # org/languagetool/JLanguageTool$$Lambda+0x000000010023eeb8
instanceKlass  @bci org/languagetool/JLanguageTool updateOptionalLanguageModelRules (Lorg/languagetool/languagemodel/LanguageModel;)V 65 <appendix> argL0 ; # org/languagetool/JLanguageTool$$Lambda+0x000000010023ec78
instanceKlass  @bci org/languagetool/JLanguageTool updateOptionalLanguageModelRules (Lorg/languagetool/languagemodel/LanguageModel;)V 39 <appendix> member <vmtarget> ; # org/languagetool/JLanguageTool$$Lambda+0x000000010023ea20
instanceKlass org/languagetool/rules/spelling/suggestions/SuggestionsChanges
instanceKlass  @bci org/languagetool/rules/patterns/ConsistencyPatternRuleTransformer apply (Ljava/util/List;)Lorg/languagetool/rules/patterns/PatternRuleTransformer$TransformedRules; 116 <appendix> member <vmtarget> ; # org/languagetool/rules/patterns/ConsistencyPatternRuleTransformer$$Lambda+0x000000010023e5a0
instanceKlass org/languagetool/rules/patterns/PatternRuleTransformer$TransformedRules
instanceKlass  @bci org/languagetool/rules/patterns/RepeatedPatternRuleTransformer$RepeatedPatternRule <init> (Lorg/languagetool/rules/patterns/RepeatedPatternRuleTransformer;Ljava/util/List;Lorg/languagetool/Language;)V 29 <appendix> argL0 ; # org/languagetool/rules/patterns/RepeatedPatternRuleTransformer$RepeatedPatternRule$$Lambda+0x000000010023bbb0
instanceKlass  @bci org/languagetool/rules/patterns/RepeatedPatternRuleTransformer apply (Ljava/util/List;)Lorg/languagetool/rules/patterns/PatternRuleTransformer$TransformedRules; 100 <appendix> member <vmtarget> ; # org/languagetool/rules/patterns/RepeatedPatternRuleTransformer$$Lambda+0x000000010023b968
instanceKlass  @bci org/languagetool/rules/patterns/RepeatedPatternRuleTransformer apply (Ljava/util/List;)Lorg/languagetool/rules/patterns/PatternRuleTransformer$TransformedRules; 62 <appendix> member <vmtarget> ; # org/languagetool/rules/patterns/RepeatedPatternRuleTransformer$$Lambda+0x000000010023b3b0
instanceKlass org/languagetool/rules/patterns/ConsistencyPatternRuleTransformer
instanceKlass org/languagetool/rules/patterns/RepeatedPatternRuleTransformer
instanceKlass org/languagetool/rules/patterns/PatternRuleTransformer
instanceKlass  @bci java/util/regex/Pattern SingleS (I)Ljava/util/regex/Pattern$CharPredicate; 1 <appendix> member <vmtarget> ; # java/util/regex/Pattern$$Lambda+0x0000000100249ed8
instanceKlass org/languagetool/rules/patterns/RegexRuleFilter
instanceKlass org/languagetool/rules/patterns/RegexRuleFilterCreator
instanceKlass org/languagetool/rules/YMDDateHelper
instanceKlass org/languagetool/rules/en/DateFilterHelper
instanceKlass  @bci java/util/regex/Pattern union (Ljava/util/regex/Pattern$CharPredicate;Ljava/util/regex/Pattern$CharPredicate;Ljava/util/regex/Pattern$CharPredicate;Z)Ljava/util/regex/Pattern$CharPredicate; 16 <appendix> member <vmtarget> ; # java/util/regex/Pattern$$Lambda+0x00000001002498b0
instanceKlass  @cpi java/util/regex/Pattern 1453 form vmentry <vmtarget> ; # java/lang/invoke/LambdaForm$DMH+0x000000010023c000
instanceKlass  @bci java/util/regex/CharPredicates JOIN_CONTROL ()Ljava/util/regex/Pattern$CharPredicate; 0 <appendix> argL0 ; # java/util/regex/CharPredicates$$Lambda+0x0000000100249650
instanceKlass  @bci java/util/regex/CharPredicates WORD ()Ljava/util/regex/Pattern$CharPredicate; 3 <appendix> argL0 ; # java/util/regex/CharPredicates$$Lambda+0x00000001002493f0
instanceKlass morfologik/fsa/ByteSequenceIterator
instanceKlass morfologik/fsa/FSATraversal
instanceKlass morfologik/speller/HMatrix
instanceKlass morfologik/fsa/MatchResult
instanceKlass morfologik/speller/Speller
instanceKlass morfologik/stemming/ISequenceEncoder
instanceKlass morfologik/stemming/DictionaryMetadata$1
instanceKlass java/util/EnumMap$EntryIterator$Entry
instanceKlass java/util/EnumMap$EnumMapIterator
instanceKlass java/util/RegularEnumSet$EnumSetIterator
instanceKlass jdk/internal/util/ByteArray
instanceKlass morfologik/fsa/FSAHeader
instanceKlass morfologik/fsa/FSA
instanceKlass morfologik/stemming/DictionaryMetadataBuilder
instanceKlass morfologik/stemming/DictionaryMetadata
instanceKlass morfologik/stemming/Dictionary
instanceKlass org/languagetool/rules/spelling/morfologik/MorfologikSpeller
instanceKlass  @bci java/util/stream/MatchOps makeRef (Ljava/util/function/Predicate;Ljava/util/stream/MatchOps$MatchKind;)Ljava/util/stream/TerminalOp; 20 <appendix> member <vmtarget> ; # java/util/stream/MatchOps$$Lambda+0x00000001002460b0
instanceKlass java/util/stream/MatchOps$BooleanTerminalSink
instanceKlass java/util/stream/MatchOps$MatchOp
instanceKlass java/util/stream/MatchOps
instanceKlass  @bci org/languagetool/rules/Rule addTags (Ljava/util/List;)V 67 <appendix> member <vmtarget> ; # org/languagetool/rules/Rule$$Lambda+0x000000010022ec00
instanceKlass org/languagetool/rules/en/translation/BeoLingusTranslator
instanceKlass  @bci java/util/regex/CharPredicates forUnicodeScript (Ljava/lang/String;)Ljava/util/regex/Pattern$CharPredicate; 6 <appendix> member <vmtarget> ; # java/util/regex/CharPredicates$$Lambda+0x0000000100245308
instanceKlass org/languagetool/rules/translation/Translator
instanceKlass  @bci org/languagetool/rules/patterns/RuleFilterCreator getFilter (Ljava/lang/String;)Lorg/languagetool/rules/patterns/RuleFilter; 16 <appendix> member <vmtarget> ; # org/languagetool/rules/patterns/RuleFilterCreator$$Lambda+0x000000010022e020
instanceKlass org/languagetool/rules/patterns/RuleFilter
instanceKlass org/languagetool/rules/patterns/RuleFilterCreator
instanceKlass  @bci org/languagetool/rules/patterns/PatternRuleMatcher formatMatches ([Lorg/languagetool/AnalyzedTokenReadings;[IILjava/lang/String;Ljava/util/List;)Ljava/lang/String; 400 <appendix> form vmentry <vmtarget> ; # java/lang/invoke/LambdaForm$MH+0x0000000100231c00
# instanceKlass java/lang/invoke/LambdaForm$MH+0x0000000100231800
instanceKlass  @bci org/languagetool/rules/patterns/PatternRuleMatcher formatMatches ([Lorg/languagetool/AnalyzedTokenReadings;[IILjava/lang/String;Ljava/util/List;)Ljava/lang/String; 400 <appendix> argL3 form vmentry <vmtarget> ; # java/lang/invoke/LambdaForm$MH+0x0000000100231400
# instanceKlass java/lang/invoke/LambdaForm$MH+0x0000000100231000
# instanceKlass java/lang/invoke/LambdaForm$MH+0x0000000100230c00
# instanceKlass java/lang/invoke/LambdaForm$MH+0x0000000100230800
# instanceKlass java/lang/invoke/LambdaForm$MH+0x0000000100230400
instanceKlass  @bci org/languagetool/rules/patterns/PatternRuleMatcher formatMatches ([Lorg/languagetool/AnalyzedTokenReadings;[IILjava/lang/String;Ljava/util/List;)Ljava/lang/String; 400 <appendix> argL1 form vmentry <vmtarget> ; # java/lang/invoke/LambdaForm$MH+0x0000000100230000
# instanceKlass java/lang/invoke/LambdaForm$MH+0x000000010022bc00
# instanceKlass java/lang/invoke/LambdaForm$MH+0x000000010022b800
# instanceKlass java/lang/invoke/LambdaForm$MH+0x000000010022b400
# instanceKlass java/lang/invoke/LambdaForm$MH+0x000000010022b000
instanceKlass com/google/common/collect/ObjectArrays
instanceKlass org/languagetool/chunking/ChunkTag
instanceKlass org/languagetool/rules/patterns/Match
instanceKlass org/languagetool/AnalyzedToken
instanceKlass org/languagetool/AnalyzedTokenReadings
instanceKlass  @bci org/languagetool/synthesis/Soros translate (Ljava/lang/String;Ljava/lang/String;Ljava/lang/String;Ljava/lang/String;)Ljava/lang/String; 20 <appendix> form vmentry <vmtarget> ; # java/lang/invoke/LambdaForm$MH+0x000000010022ac00
# instanceKlass java/lang/invoke/LambdaForm$MH+0x000000010022a800
instanceKlass  @bci org/languagetool/synthesis/Soros translate (Ljava/lang/String;Ljava/lang/String;Ljava/lang/String;Ljava/lang/String;)Ljava/lang/String; 20 <appendix> argL3 form vmentry <vmtarget> ; # java/lang/invoke/LambdaForm$MH+0x000000010022a400
# instanceKlass java/lang/invoke/LambdaForm$MH+0x000000010022a000
# instanceKlass java/lang/invoke/LambdaForm$MH+0x0000000100229c00
# instanceKlass java/lang/invoke/LambdaForm$MH+0x0000000100229800
# instanceKlass java/lang/invoke/LambdaForm$MH+0x0000000100229400
instanceKlass  @bci org/languagetool/synthesis/Soros translate (Ljava/lang/String;Ljava/lang/String;Ljava/lang/String;Ljava/lang/String;)Ljava/lang/String; 20 <appendix> argL1 form vmentry <vmtarget> ; # java/lang/invoke/LambdaForm$MH+0x0000000100229000
instanceKlass  @bci org/languagetool/JLanguageTool$TextCheckCallable getOtherRuleMatches (Ljava/util/Set;)Lorg/languagetool/CheckResults; 706 <appendix> argL1 argL0 argL0 form vmentry <vmtarget> ; # java/lang/invoke/LambdaForm$MH+0x0000000100228c00
# instanceKlass java/lang/invoke/LambdaForm$MH+0x0000000100228800
# instanceKlass java/lang/invoke/LambdaForm$MH+0x0000000100228400
# instanceKlass java/lang/invoke/LambdaForm$MH+0x0000000100228000
instanceKlass java/util/function/UnaryOperator
instanceKlass org/apache/commons/lang3/ObjectUtils$Null
instanceKlass org/apache/commons/lang3/ObjectUtils
instanceKlass org/languagetool/rules/patterns/PatternToken$RareFields
instanceKlass  @bci org/languagetool/rules/patterns/XMLRuleHandler obtainPosToken (Ljava/lang/String;ZZ)Lorg/languagetool/rules/patterns/PatternToken$PosToken; 17 <appendix> member <vmtarget> ; # org/languagetool/rules/patterns/XMLRuleHandler$$Lambda+0x0000000100223560
instanceKlass  @bci org/languagetool/rules/patterns/XMLRuleHandler internMatcher (Ljava/lang/String;ZZ)Lorg/languagetool/rules/patterns/StringMatcher; 24 <appendix> argL0 ; # org/languagetool/rules/patterns/XMLRuleHandler$$Lambda+0x0000000100223320
instanceKlass org/apache/commons/lang3/tuple/Triple
instanceKlass com/sun/org/apache/xerces/internal/impl/XMLDocumentScannerImpl$DTDDriver
instanceKlass com/sun/org/apache/xerces/internal/impl/dtd/XMLContentSpec
instanceKlass com/sun/org/apache/xerces/internal/impl/dtd/models/ContentModelValidator
instanceKlass com/sun/org/apache/xerces/internal/impl/dtd/DTDGrammar
instanceKlass com/sun/org/apache/xerces/internal/impl/XMLEntityManager$EncodingInfo
instanceKlass org/languagetool/rules/patterns/RuleMatcher
instanceKlass  @bci org/languagetool/rules/AbstractUnitConversionRule <init> (Ljava/util/ResourceBundle;)V 982 <appendix> member <vmtarget> ; # org/languagetool/rules/AbstractUnitConversionRule$$Lambda+0x0000000100226e08
instanceKlass  @bci org/languagetool/rules/patterns/MatchState toFinalString (Lorg/languagetool/Language;)[Ljava/lang/String; 364 <appendix> form vmentry <vmtarget> ; # java/lang/invoke/LambdaForm$MH+0x0000000100221800
# instanceKlass java/lang/invoke/LambdaForm$MH+0x0000000100221400
instanceKlass  @bci org/languagetool/JLanguageTool$TextCheckCallable getOtherRuleMatches (Ljava/util/Set;)Lorg/languagetool/CheckResults; 706 <appendix> argL5 form vmentry <vmtarget> ; # java/lang/invoke/LambdaForm$MH+0x0000000100221000
# instanceKlass java/lang/invoke/LambdaForm$MH+0x0000000100220c00
# instanceKlass java/lang/invoke/LambdaForm$MH+0x0000000100220800
# instanceKlass java/lang/invoke/LambdaForm$MH+0x0000000100220400
instanceKlass javax/measure/quantity/Dimensionless
instanceKlass tech/units/indriya/AbstractSystemOfUnits$Helper
instanceKlass javax/measure/quantity/Volume
instanceKlass javax/measure/quantity/Area
instanceKlass javax/measure/quantity/Acceleration
instanceKlass javax/measure/quantity/Speed
instanceKlass javax/measure/quantity/CatalyticActivity
instanceKlass javax/measure/quantity/RadiationDoseEffective
instanceKlass javax/measure/quantity/RadiationDoseAbsorbed
instanceKlass javax/measure/quantity/Radioactivity
instanceKlass javax/measure/quantity/Illuminance
instanceKlass javax/measure/quantity/LuminousFlux
instanceKlass javax/measure/quantity/ElectricInductance
instanceKlass javax/measure/quantity/MagneticFluxDensity
instanceKlass javax/measure/quantity/MagneticFlux
instanceKlass javax/measure/quantity/ElectricConductance
instanceKlass javax/measure/quantity/ElectricResistance
instanceKlass javax/measure/quantity/ElectricCapacitance
instanceKlass javax/measure/quantity/ElectricPotential
instanceKlass javax/measure/quantity/ElectricCharge
instanceKlass javax/measure/quantity/Power
instanceKlass javax/measure/quantity/Energy
instanceKlass javax/measure/quantity/Pressure
instanceKlass javax/measure/quantity/Force
instanceKlass javax/measure/quantity/Frequency
instanceKlass tech/units/indriya/AbstractUnit$Equalizer
instanceKlass javax/measure/quantity/SolidAngle
instanceKlass javax/measure/quantity/Angle
instanceKlass tec/uom/lib/common/function/UnitConverterSupplier
instanceKlass tec/uom/lib/common/function/DoubleFactorSupplier
instanceKlass tech/units/indriya/internal/simplify/Simplifier
instanceKlass  @bci tech/units/indriya/AbstractConverter concatenate (Ljavax/measure/UnitConverter;)Ljavax/measure/UnitConverter; 26 <appendix> argL0 ; # tech/units/indriya/AbstractConverter$$Lambda+0x000000010021d440
instanceKlass  @cpi tech/units/indriya/AbstractConverter 153 form vmentry <vmtarget> ; # java/lang/invoke/LambdaForm$DMH+0x0000000100220000
instanceKlass  @bci tech/units/indriya/AbstractConverter concatenate (Ljavax/measure/UnitConverter;)Ljavax/measure/UnitConverter; 21 <appendix> argL0 ; # tech/units/indriya/AbstractConverter$$Lambda+0x000000010021d1f0
instanceKlass tech/units/indriya/AbstractConverter
instanceKlass java/util/function/DoubleSupplier
instanceKlass tec/uom/lib/common/function/ValueSupplier
instanceKlass javax/measure/quantity/Time
instanceKlass javax/measure/quantity/AmountOfSubstance
instanceKlass javax/measure/quantity/Length
instanceKlass javax/measure/quantity/Mass
instanceKlass javax/measure/quantity/Temperature
instanceKlass javax/measure/quantity/LuminousIntensity
instanceKlass javax/measure/quantity/ElectricCurrent
instanceKlass javax/measure/Quantity
instanceKlass tech/units/indriya/quantity/QuantityDimension
instanceKlass javax/measure/Dimension
instanceKlass tech/units/indriya/unit/ProductUnit$Element
instanceKlass javax/measure/UnitConverter
instanceKlass tech/units/indriya/AbstractUnit
instanceKlass tech/units/indriya/ComparableUnit
instanceKlass tech/units/indriya/AbstractSystemOfUnits
instanceKlass javax/measure/spi/SystemOfUnits
instanceKlass tec/uom/lib/common/function/Nameable
instanceKlass javax/measure/Unit
instanceKlass  @bci com/google/common/base/Suppliers$NonSerializableMemoizingSupplier <clinit> ()V 0 <appendix> argL0 ; # com/google/common/base/Suppliers$NonSerializableMemoizingSupplier$$Lambda+0x0000000100212f38
instanceKlass  @bci org/eclipse/lsp4j/adapters/DocumentChangeListAdapter create (Lcom/google/gson/Gson;Lcom/google/gson/reflect/TypeToken;)Lcom/google/gson/TypeAdapter; 62 <bsm> form vmentry <vmtarget> ; # java/lang/invoke/LambdaForm$DMH+0x0000000100211800
instanceKlass java/lang/invoke/MethodHandle$1
instanceKlass com/google/common/base/Suppliers$MemoizingSupplier
instanceKlass com/google/common/base/Suppliers$NonSerializableMemoizingSupplier
instanceKlass  @bci org/languagetool/rules/Rule cacheAntiPatterns (Lorg/languagetool/Language;Ljava/util/List;)Ljava/util/function/Supplier; 2 <appendix> member <vmtarget> ; # org/languagetool/rules/Rule$$Lambda+0x0000000100212860
instanceKlass org/languagetool/rules/SynonymsData
instanceKlass org/languagetool/tools/InterruptibleCharSequence
instanceKlass  @bci java/util/stream/StreamSpliterators$WrappingSpliterator forEachRemaining (Ljava/util/function/Consumer;)V 33 <appendix> member <vmtarget> ; # java/util/stream/StreamSpliterators$WrappingSpliterator$$Lambda+0x0000000100240738
instanceKlass java/util/stream/StreamSpliterators
instanceKlass  @cpi java/util/stream/StreamSpliterators$WrappingSpliterator 151 form vmentry <vmtarget> ; # java/lang/invoke/LambdaForm$DMH+0x0000000100211400
instanceKlass java/util/stream/StreamSpliterators$AbstractWrappingSpliterator
instanceKlass  @bci java/util/stream/AbstractPipeline spliterator ()Ljava/util/Spliterator; 103 <appendix> member <vmtarget> ; # java/util/stream/AbstractPipeline$$Lambda+0x00000001001ffd18
instanceKlass  @bci org/languagetool/rules/WordCoherencyDataLoader loadWords (Ljava/lang/String;)Ljava/util/Map; 231 <appendix> argL0 ; # org/languagetool/rules/WordCoherencyDataLoader$$Lambda+0x0000000100215c10
instanceKlass  @bci it/unimi/dsi/fastutil/objects/ObjectOpenHashSet <clinit> ()V 10 <appendix> argL0 ; # it/unimi/dsi/fastutil/objects/ObjectOpenHashSet$$Lambda+0x00000001002159c8
instanceKlass  @bci it/unimi/dsi/fastutil/objects/ObjectOpenHashSet <clinit> ()V 5 <appendix> argL0 ; # it/unimi/dsi/fastutil/objects/ObjectOpenHashSet$$Lambda+0x0000000100215798
instanceKlass  @cpi tech/units/indriya/AbstractConverter 149 form vmentry <vmtarget> ; # java/lang/invoke/LambdaForm$DMH+0x0000000100211000
instanceKlass  @bci it/unimi/dsi/fastutil/objects/ObjectOpenHashSet <clinit> ()V 0 <appendix> argL0 ; # it/unimi/dsi/fastutil/objects/ObjectOpenHashSet$$Lambda+0x0000000100215578
instanceKlass  @bci java/util/stream/Collectors toCollection (Ljava/util/function/Supplier;)Ljava/util/stream/Collector; 10 <appendix> argL0 ; # java/util/stream/Collectors$$Lambda+0x00000001001ff730
instanceKlass  @bci java/util/stream/Collectors toCollection (Ljava/util/function/Supplier;)Ljava/util/stream/Collector; 5 <appendix> argL0 ; # java/util/stream/Collectors$$Lambda+0x00000001001ff500
instanceKlass  @bci org/languagetool/rules/WordCoherencyDataLoader loadWords (Ljava/lang/String;)Ljava/util/Map; 158 <appendix> argL0 ; # org/languagetool/rules/WordCoherencyDataLoader$$Lambda+0x0000000100215358
instanceKlass it/unimi/dsi/fastutil/objects/ObjectSpliterator
instanceKlass it/unimi/dsi/fastutil/objects/ObjectIterator
instanceKlass org/languagetool/rules/WordCoherencyDataLoader
instanceKlass  @bci org/languagetool/JLanguageTool$TextCheckCallable getOtherRuleMatches (Ljava/util/Set;)Lorg/languagetool/CheckResults; 903 <appendix> argL2 form vmentry <vmtarget> ; # java/lang/invoke/LambdaForm$MH+0x0000000100210c00
instanceKlass org/languagetool/rules/WrongWordInContextRule$ContextWords
instanceKlass org/languagetool/rules/SimpleReplaceDataLoader
instanceKlass com/google/common/collect/CollectPreconditions
instanceKlass java/util/OptionalInt
instanceKlass java/util/stream/ReduceOps$6ReducingSink
instanceKlass  @bci java/util/stream/IntPipeline min ()Ljava/util/OptionalInt; 1 <appendix> argL0 ; # java/util/stream/IntPipeline$$Lambda+0x00000001000fa038
instanceKlass  @bci org/languagetool/rules/patterns/AbstractTokenBasedRule lambda$new$1 (Lorg/languagetool/rules/patterns/AbstractTokenBasedRule$TokenHint;)Ljava/lang/Integer; 7 <appendix> argL0 ; # org/languagetool/rules/patterns/AbstractTokenBasedRule$$Lambda+0x000000010020d638
instanceKlass java/util/stream/Nodes$ArrayNode
instanceKlass  @bci org/languagetool/rules/patterns/AbstractTokenBasedRule <init> (Ljava/lang/String;Ljava/lang/String;Lorg/languagetool/Language;Ljava/util/List;Z)V 254 <appendix> argL0 ; # org/languagetool/rules/patterns/AbstractTokenBasedRule$$Lambda+0x000000010020d418
instanceKlass java/util/stream/SortedOps
instanceKlass  @bci java/util/Comparator thenComparing (Ljava/util/Comparator;)Ljava/util/Comparator; 7 <appendix> member <vmtarget> ; # java/util/Comparator$$Lambda+0x00000001001fd9d8
instanceKlass  @cpi java/util/Comparator 251 form vmentry <vmtarget> ; # java/lang/invoke/LambdaForm$DMH+0x0000000100210800
instanceKlass  @bci org/languagetool/rules/patterns/AbstractTokenBasedRule <init> (Ljava/lang/String;Ljava/lang/String;Lorg/languagetool/Language;Ljava/util/List;Z)V 239 <appendix> argL0 ; # org/languagetool/rules/patterns/AbstractTokenBasedRule$$Lambda+0x000000010020cfe0
instanceKlass  @bci java/util/Comparator comparing (Ljava/util/function/Function;)Ljava/util/Comparator; 6 <appendix> member <vmtarget> ; # java/util/Comparator$$Lambda+0x00000001001fd738
instanceKlass  @bci java/lang/invoke/BootstrapMethodInvoker invoke (Ljava/lang/Class;Ljava/lang/invoke/MethodHandle;Ljava/lang/String;Ljava/lang/Object;Ljava/lang/Object;Ljava/lang/Class;)Ljava/lang/Object; 462 <adapter> ; # java/lang/invoke/LambdaForm$MH+0x0000000100210400
instanceKlass  @cpi org/languagetool/JLanguageTool 2269 form vmentry <vmtarget> ; # java/lang/invoke/LambdaForm$DMH+0x0000000100210000
instanceKlass  @bci org/languagetool/rules/patterns/AbstractTokenBasedRule <init> (Ljava/lang/String;Ljava/lang/String;Lorg/languagetool/Language;Ljava/util/List;Z)V 231 <appendix> argL0 ; # org/languagetool/rules/patterns/AbstractTokenBasedRule$$Lambda+0x000000010020cda0
instanceKlass java/util/Collections$2
instanceKlass  @bci org/languagetool/rules/patterns/AbstractTokenBasedRule$TokenHint <init> (ZLjava/util/Set;I)V 36 <appendix> argL0 ; # org/languagetool/rules/patterns/AbstractTokenBasedRule$TokenHint$$Lambda+0x000000010020cb80
instanceKlass java/util/stream/DistinctOps
instanceKlass  @bci org/languagetool/rules/patterns/AbstractTokenBasedRule$TokenHint <init> (ZLjava/util/Set;I)V 21 <appendix> argL0 ; # org/languagetool/rules/patterns/AbstractTokenBasedRule$TokenHint$$Lambda+0x000000010020c940
instanceKlass org/languagetool/rules/patterns/AbstractTokenBasedRule$TokenHint
instanceKlass com/google/common/base/Converter
instanceKlass com/google/common/collect/ImmutableMap
instanceKlass com/google/common/collect/BiMap
instanceKlass com/google/common/collect/UnmodifiableIterator
instanceKlass com/google/common/collect/SortedMapDifference
instanceKlass com/google/common/collect/MapDifference
instanceKlass com/google/common/collect/Maps
instanceKlass com/google/common/collect/Sets
instanceKlass java/util/stream/ReduceOps$5ReducingSink
instanceKlass java/util/stream/Sink$OfInt
instanceKlass java/util/function/IntConsumer
instanceKlass  @bci java/util/stream/IntPipeline sum ()I 2 <appendix> argL0 ; # java/util/stream/IntPipeline$$Lambda+0x00000001001fb6e8
instanceKlass java/util/function/IntBinaryOperator
instanceKlass java/util/stream/IntStream
instanceKlass  @bci org/languagetool/rules/patterns/Substrings <init> (ZZ[Ljava/lang/String;)V 8 <appendix> argL0 ; # org/languagetool/rules/patterns/Substrings$$Lambda+0x0000000100207278
instanceKlass java/util/function/ToIntFunction
instanceKlass org/languagetool/rules/patterns/Substrings
instanceKlass  @bci org/languagetool/rules/patterns/StringMatcher$6 lambda$handleConcatenation$1 (Ljava/util/List;Ljava/lang/String;)Ljava/util/stream/Stream; 7 <appendix> member <vmtarget> ; # org/languagetool/rules/patterns/StringMatcher$6$$Lambda+0x0000000100206ba0
instanceKlass java/util/stream/ForEachOps$ForEachOp
instanceKlass java/util/stream/ForEachOps
instanceKlass  @bci org/languagetool/rules/patterns/StringMatcher$6 handleConcatenation (Ljava/util/stream/Stream;Ljava/util/stream/Stream;)Ljava/util/stream/Stream; 15 <appendix> member <vmtarget> ; # org/languagetool/rules/patterns/StringMatcher$6$$Lambda+0x0000000100206958
instanceKlass java/util/stream/Streams$2
instanceKlass java/util/stream/Streams$ConcatSpliterator
instanceKlass org/languagetool/rules/patterns/PatternToken$PosToken
instanceKlass com/google/common/collect/MapMakerInternalMap$StrongValueEntry
instanceKlass com/google/common/collect/MapMakerInternalMap$WeakKeyDummyValueEntry$Helper
instanceKlass com/google/common/collect/MapMakerInternalMap$InternalEntry
instanceKlass com/google/common/collect/MapMakerInternalMap$1
instanceKlass com/google/common/collect/MapMakerInternalMap$InternalEntryHelper
instanceKlass com/google/common/collect/MapMakerInternalMap$WeakValueReference
instanceKlass com/google/common/collect/Interners$InternerImpl
instanceKlass com/google/common/collect/MapMaker
instanceKlass com/google/common/collect/Interner
instanceKlass com/google/common/collect/Interners$InternerBuilder
instanceKlass com/google/common/collect/Interners
instanceKlass  @bci org/languagetool/rules/patterns/StringMatcher create (Ljava/lang/String;ZZ)Lorg/languagetool/rules/patterns/StringMatcher; 53 <appendix> argL0 ; # org/languagetool/rules/patterns/StringMatcher$$Lambda+0x0000000100202a18
instanceKlass org/languagetool/tools/StringInterner
instanceKlass  @bci java/util/function/Function identity ()Ljava/util/function/Function; 0 <appendix> argL0 ; # java/util/function/Function$$Lambda+0x00000001001f8f78
instanceKlass  @bci java/util/stream/Collectors toList ()Ljava/util/stream/Collector; 14 <appendix> argL0 ; # java/util/stream/Collectors$$Lambda+0x00000001001f8d30
instanceKlass  @bci java/util/stream/Collectors toList ()Ljava/util/stream/Collector; 9 <appendix> argL0 ; # java/util/stream/Collectors$$Lambda+0x00000001001f8b00
instanceKlass  @bci java/util/stream/Collectors toList ()Ljava/util/stream/Collector; 4 <appendix> argL0 ; # java/util/stream/Collectors$$Lambda+0x00000001001f88e0
instanceKlass  @bci org/languagetool/rules/patterns/StringMatcher$RegexpParser squareBracketGroup ()Ljava/lang/Object; 268 <appendix> member <vmtarget> ; # org/languagetool/rules/patterns/StringMatcher$RegexpParser$$Lambda+0x00000001002025c8
instanceKlass org/languagetool/rules/patterns/StringMatcher$RegexpParser
instanceKlass org/languagetool/rules/patterns/StringMatcher
instanceKlass org/languagetool/rules/patterns/PatternTokenBuilder
instanceKlass org/languagetool/rules/patterns/PatternRuleBuilderHelper
instanceKlass org/languagetool/rules/patterns/PatternToken
instanceKlass  @bci java/util/regex/CharPredicates ctype (I)Ljava/util/regex/Pattern$CharPredicate; 1 <appendix> member <vmtarget> ; # java/util/regex/CharPredicates$$Lambda+0x00000001001f8260
instanceKlass com/google/common/cache/LocalCache$StrongValueReference
instanceKlass com/google/common/util/concurrent/AbstractFuture$Failure
instanceKlass com/google/common/util/concurrent/AbstractFuture$Cancellation
instanceKlass com/google/common/util/concurrent/AbstractFuture$DelegatingToFuture
instanceKlass com/google/common/util/concurrent/Platform
instanceKlass com/google/common/util/concurrent/Uninterruptibles
instanceKlass com/google/common/base/Stopwatch
instanceKlass com/google/common/util/concurrent/AbstractFuture$Listener
instanceKlass com/google/common/util/concurrent/AbstractFutureState$Waiter
instanceKlass com/google/common/util/concurrent/LazyLogger
instanceKlass com/google/common/util/concurrent/AbstractFutureState$AtomicHelper
instanceKlass com/google/common/util/concurrent/internal/InternalFutureFailureAccess
instanceKlass com/google/common/util/concurrent/AbstractFuture$Trusted
instanceKlass com/google/common/util/concurrent/ListenableFuture
instanceKlass it/unimi/dsi/fastutil/HashCommon
instanceKlass it/unimi/dsi/fastutil/objects/Object2ObjectMap$FastEntrySet
instanceKlass it/unimi/dsi/fastutil/objects/ObjectSet
instanceKlass it/unimi/dsi/fastutil/objects/ObjectCollection
instanceKlass it/unimi/dsi/fastutil/objects/ObjectIterable
instanceKlass it/unimi/dsi/fastutil/objects/AbstractObject2ObjectFunction
instanceKlass it/unimi/dsi/fastutil/objects/Object2ObjectMap
instanceKlass it/unimi/dsi/fastutil/objects/Object2ObjectFunction
instanceKlass it/unimi/dsi/fastutil/Function
instanceKlass it/unimi/dsi/fastutil/Hash
instanceKlass  @bci org/languagetool/rules/AbstractSpecificCaseRule loadPhrases ()V 8 <appendix> member <vmtarget> ; # org/languagetool/rules/AbstractSpecificCaseRule$$Lambda+0x00000001001e9b38
instanceKlass org/languagetool/rules/spelling/CachingWordListLoader
instanceKlass java/net/spi/URLStreamHandlerProvider
instanceKlass java/net/URL$1
instanceKlass java/net/URL$2
instanceKlass java/net/URL$ThreadTrackHolder
instanceKlass java/net/Authenticator
instanceKlass org/languagetool/tools/Tools
instanceKlass org/languagetool/rules/Categories
instanceKlass org/languagetool/rules/ExampleSentence
instanceKlass org/languagetool/rules/Example
instanceKlass org/languagetool/rules/CategoryId
instanceKlass org/languagetool/rules/CategoryIds
instanceKlass org/languagetool/rules/Category
instanceKlass java/util/ResourceBundle$Control$2
instanceKlass java/util/stream/AbstractSpinedBuffer
instanceKlass java/util/stream/Node$Builder
instanceKlass java/util/stream/Node$OfDouble
instanceKlass java/util/stream/Node$OfLong
instanceKlass java/util/stream/Node$OfInt
instanceKlass java/util/stream/Node$OfPrimitive
instanceKlass java/util/stream/Nodes$EmptyNode
instanceKlass java/util/stream/Node
instanceKlass java/util/stream/Nodes
instanceKlass  @bci java/util/stream/ReferencePipeline toArray ()[Ljava/lang/Object; 1 <appendix> argL0 ; # java/util/stream/ReferencePipeline$$Lambda+0x00000001001bbf00
instanceKlass java/util/function/IntFunction
instanceKlass java/util/ImmutableCollections$Access$1
instanceKlass jdk/internal/access/JavaUtilCollectionAccess
instanceKlass java/util/ImmutableCollections$Access
instanceKlass  @bci java/util/ResourceBundle$ResourceBundleControlProviderHolder lambda$static$0 ()Ljava/util/List; 11 <appendix> argL0 ; # java/util/ResourceBundle$ResourceBundleControlProviderHolder$$Lambda+0x00000001001bb480
instanceKlass java/util/ServiceLoader$ProviderSpliterator
instanceKlass java/util/spi/ResourceBundleControlProvider
instanceKlass  @bci java/util/ResourceBundle$ResourceBundleControlProviderHolder <clinit> ()V 0 <appendix> argL0 ; # java/util/ResourceBundle$ResourceBundleControlProviderHolder$$Lambda+0x00000001001badc0
instanceKlass java/util/ResourceBundle$ResourceBundleControlProviderHolder
instanceKlass org/languagetool/ResourceBundleTools
instanceKlass  @bci org/languagetool/JLanguageTool <init> (Lorg/languagetool/Language;Ljava/util/List;Lorg/languagetool/Language;Lorg/languagetool/ResultCache;Lorg/languagetool/GlobalConfig;Lorg/languagetool/UserConfig;ZZLjava/util/List;)V 137 <appendix> argL0 ; # org/languagetool/JLanguageTool$$Lambda+0x00000001001e7810
instanceKlass  @bci org/languagetool/UserConfig removeAllButMainLanguagesAndSort (Ljava/util/List;)Ljava/lang/String; 20 <appendix> argL0 ; # org/languagetool/UserConfig$$Lambda+0x00000001001e75c0
instanceKlass kotlin/collections/EmptyIterator
instanceKlass kotlin/collections/EmptyList
instanceKlass org/languagetool/UserConfig
instanceKlass java/util/HashMap$HashMapSpliterator
instanceKlass java/util/stream/ReduceOps$Box
instanceKlass java/util/stream/ReduceOps$AccumulatingSink
instanceKlass java/util/stream/ReduceOps$ReduceOp
instanceKlass java/util/stream/ReduceOps
instanceKlass  @bci java/util/stream/Collectors castingIdentity ()Ljava/util/function/Function; 0 <appendix> argL0 ; # java/util/stream/Collectors$$Lambda+0x00000001001b96c8
instanceKlass  @bci java/util/stream/Collectors toSet ()Ljava/util/stream/Collector; 14 <appendix> argL0 ; # java/util/stream/Collectors$$Lambda+0x00000001001b9480
instanceKlass java/util/function/BinaryOperator
instanceKlass  @bci java/util/stream/Collectors toSet ()Ljava/util/stream/Collector; 9 <appendix> argL0 ; # java/util/stream/Collectors$$Lambda+0x00000001001b9050
instanceKlass  @bci java/util/stream/Collectors toSet ()Ljava/util/stream/Collector; 4 <appendix> argL0 ; # java/util/stream/Collectors$$Lambda+0x00000001001b8e30
instanceKlass java/util/stream/Collector
instanceKlass java/util/stream/Collectors
instanceKlass  @bci org/languagetool/tools/StringTools collectAllTitleCaseExceptions ()Ljava/util/Set; 51 <appendix> argL0 ; # org/languagetool/tools/StringTools$$Lambda+0x00000001001e64a8
instanceKlass  @cpi io/opentelemetry/api/common/ArrayBackedAttributes 114 form vmentry <vmtarget> ; # java/lang/invoke/LambdaForm$DMH+0x00000001001e8000
instanceKlass java/util/Spliterators$ArraySpliterator
instanceKlass  @bci java/util/regex/CharPredicates DIGIT ()Ljava/util/regex/Pattern$CharPredicate; 0 <appendix> argL0 ; # java/util/regex/CharPredicates$$Lambda+0x00000001001b6cd8
instanceKlass  @bci java/util/regex/CharPredicates ALPHABETIC ()Ljava/util/regex/Pattern$CharPredicate; 0 <appendix> argL0 ; # java/util/regex/CharPredicates$$Lambda+0x00000001001b6a78
instanceKlass  @bci java/util/regex/CharPredicates WHITE_SPACE ()Ljava/util/regex/Pattern$CharPredicate; 0 <appendix> argL0 ; # java/util/regex/CharPredicates$$Lambda+0x00000001001b6818
instanceKlass  @bci java/util/regex/CharPredicates PUNCTUATION ()Ljava/util/regex/Pattern$CharPredicate; 0 <appendix> argL0 ; # java/util/regex/CharPredicates$$Lambda+0x00000001001b65b8
instanceKlass org/apache/commons/lang3/ArrayFill
instanceKlass  @bci java/util/regex/CharPredicates forUnicodeBlock (Ljava/lang/String;)Ljava/util/regex/Pattern$CharPredicate; 6 <appendix> member <vmtarget> ; # java/util/regex/CharPredicates$$Lambda+0x00000001001b6350
instanceKlass java/lang/Character$Subset
instanceKlass org/apache/commons/lang3/StringUtils
instanceKlass org/languagetool/tools/StringTools
instanceKlass com/google/common/cache/LocalCache$AbstractReferenceEntry
instanceKlass java/util/concurrent/atomic/AtomicReferenceArray
instanceKlass com/google/common/cache/LocalCache$LoadingValueReference
instanceKlass com/google/common/cache/RemovalListener
instanceKlass com/google/common/cache/Weigher
instanceKlass com/google/common/base/Predicate
instanceKlass com/google/common/base/Equivalence
instanceKlass java/util/function/BiPredicate
instanceKlass com/google/common/base/MoreObjects
instanceKlass com/google/common/cache/LocalCache$1
instanceKlass jdk/internal/logger/DefaultLoggerFinder$1
instanceKlass java/util/logging/Logger$SystemLoggerHelper$1
instanceKlass java/util/logging/Logger$SystemLoggerHelper
instanceKlass java/util/logging/LogManager$4
instanceKlass jdk/internal/logger/BootstrapLogger$BootstrapExecutors
instanceKlass jdk/internal/logger/BootstrapLogger$RedirectedLoggers
instanceKlass jdk/internal/logger/BootstrapLogger$DetectBackend$1
instanceKlass jdk/internal/logger/BootstrapLogger$DetectBackend
instanceKlass jdk/internal/logger/BootstrapLogger
instanceKlass sun/util/logging/PlatformLogger$ConfigurableBridge
instanceKlass sun/util/logging/PlatformLogger$Bridge
instanceKlass java/util/stream/Streams
instanceKlass java/util/stream/Streams$AbstractStreamBuilderImpl
instanceKlass java/util/stream/Stream$Builder
instanceKlass java/util/stream/Sink$ChainedReference
instanceKlass  @bci java/util/stream/FindOps$FindSink$OfRef <clinit> ()V 43 <appendix> argL0 ; # java/util/stream/FindOps$FindSink$OfRef$$Lambda+0x00000001001b2080
instanceKlass  @bci java/util/stream/FindOps$FindSink$OfRef <clinit> ()V 38 <appendix> argL0 ; # java/util/stream/FindOps$FindSink$OfRef$$Lambda+0x00000001001b1e30
instanceKlass  @bci java/util/stream/FindOps$FindSink$OfRef <clinit> ()V 16 <appendix> argL0 ; # java/util/stream/FindOps$FindSink$OfRef$$Lambda+0x00000001001b1c10
instanceKlass  @bci java/util/stream/FindOps$FindSink$OfRef <clinit> ()V 11 <appendix> argL0 ; # java/util/stream/FindOps$FindSink$OfRef$$Lambda+0x00000001001b19c0
instanceKlass java/util/stream/FindOps$FindOp
instanceKlass java/util/stream/TerminalOp
instanceKlass java/util/stream/FindOps$FindSink
instanceKlass java/util/stream/TerminalSink
instanceKlass java/util/stream/Sink
instanceKlass java/util/stream/FindOps
instanceKlass  @bci java/util/logging/Level$KnownLevel findByName (Ljava/lang/String;Ljava/util/function/Function;)Ljava/util/Optional; 29 <appendix> argL0 ; # java/util/logging/Level$KnownLevel$$Lambda+0x00000001001b0250
instanceKlass java/util/ArrayList$ArrayListSpliterator
instanceKlass  @bci java/util/logging/Level findLevel (Ljava/lang/String;)Ljava/util/logging/Level; 13 <appendix> argL0 ; # java/util/logging/Level$$Lambda+0x00000001001aef70
instanceKlass java/util/Hashtable$Enumerator
instanceKlass java/util/Collections$3
instanceKlass java/util/logging/LogManager$LoggerContext$1
instanceKlass java/util/logging/LogManager$VisitedLoggers
instanceKlass java/util/logging/LogManager$2
instanceKlass java/lang/System$LoggerFinder
instanceKlass java/util/logging/LogManager$LoggingProviderAccess
instanceKlass sun/util/logging/internal/LoggingProviderImpl$LogManagerAccess
instanceKlass java/lang/ApplicationShutdownHooks$1
instanceKlass java/lang/ApplicationShutdownHooks
instanceKlass java/util/logging/LogManager$LogNode
instanceKlass java/util/logging/LogManager$LoggerContext
instanceKlass java/util/logging/LogManager$1
instanceKlass java/util/logging/LogManager
instanceKlass java/util/logging/Logger$ConfigurationData
instanceKlass java/util/logging/Logger$LoggerBundle
instanceKlass  @bci java/util/logging/Level$KnownLevel add (Ljava/util/logging/Level;)V 49 <appendix> argL0 ; # java/util/logging/Level$KnownLevel$$Lambda+0x00000001001ab2e0
instanceKlass  @bci java/util/logging/Level$KnownLevel add (Ljava/util/logging/Level;)V 19 <appendix> argL0 ; # java/util/logging/Level$KnownLevel$$Lambda+0x00000001001ab0a0
instanceKlass java/util/logging/Level
instanceKlass java/util/logging/Handler
instanceKlass java/util/logging/Logger
instanceKlass com/google/common/cache/ReferenceEntry
instanceKlass com/google/common/cache/LocalCache$ValueReference
instanceKlass com/google/common/cache/LocalCache$LocalManualCache
instanceKlass com/google/common/cache/CacheBuilder$2
instanceKlass com/google/common/base/Preconditions
instanceKlass com/google/common/cache/CacheStats
instanceKlass com/google/common/base/Suppliers$SupplierOfInstance
instanceKlass com/google/common/base/Suppliers
instanceKlass com/google/common/cache/CacheBuilder$1
instanceKlass com/google/common/cache/AbstractCache$StatsCounter
instanceKlass com/google/common/cache/LoadingCache
instanceKlass com/google/common/base/Function
instanceKlass com/google/common/cache/Cache
instanceKlass com/google/common/base/Ticker
instanceKlass com/google/common/base/Supplier
instanceKlass com/google/common/cache/CacheBuilder
instanceKlass com/google/common/cache/CacheLoader
instanceKlass  @bci java/util/regex/Pattern CIRangeU (II)Ljava/util/regex/Pattern$CharPredicate; 2 <appendix> member <vmtarget> ; # java/util/regex/Pattern$$Lambda+0x00000001001aa148
instanceKlass  @bci java/util/regex/Pattern SingleU (I)Ljava/util/regex/Pattern$CharPredicate; 1 <appendix> member <vmtarget> ; # java/util/regex/Pattern$$Lambda+0x00000001001a9ee8
instanceKlass org/languagetool/rules/spelling/multitoken/MultitokenSpeller
instanceKlass java/util/concurrent/atomic/AtomicBoolean
instanceKlass org/languagetool/rules/Rule
instanceKlass org/languagetool/synthesis/Synthesizer
instanceKlass org/languagetool/languagemodel/LanguageModel
instanceKlass org/languagetool/Premium
instanceKlass java/util/regex/Matcher$ImmutableMatchResult
instanceKlass java/text/DigitList
instanceKlass java/text/FieldPosition
instanceKlass  @bci sun/util/locale/provider/JRELocaleProviderAdapter getDecimalFormatSymbolsProvider ()Ljava/text/spi/DecimalFormatSymbolsProvider; 8 <appendix> member <vmtarget> ; # sun/util/locale/provider/JRELocaleProviderAdapter$$Lambda+0x00000001001a75c8
instanceKlass java/text/DecimalFormatSymbols
instanceKlass sun/util/resources/Bundles$2
instanceKlass sun/util/resources/Bundles$CacheKeyReference
instanceKlass  @bci java/util/ResourceBundle$ResourceBundleProviderHelper newResourceBundle (Ljava/lang/Class;)Ljava/util/ResourceBundle; 22 <appendix> member <vmtarget> ; # java/util/ResourceBundle$ResourceBundleProviderHelper$$Lambda+0x00000001001a6528
instanceKlass  @bci sun/util/cldr/CLDRLocaleProviderAdapter applyAliases (Ljava/util/Locale;)Ljava/util/Locale; 4 <appendix> argL0 ; # sun/util/cldr/CLDRLocaleProviderAdapter$$Lambda+0x00000001001a59a8
instanceKlass sun/util/resources/LocaleData$LocaleDataResourceBundleProvider
instanceKlass java/util/spi/ResourceBundleProvider
instanceKlass sun/util/resources/Bundles$CacheKey
instanceKlass sun/util/resources/Bundles
instanceKlass sun/util/resources/LocaleData$LocaleDataStrategy
instanceKlass sun/util/resources/Bundles$Strategy
instanceKlass sun/util/resources/LocaleData$1
instanceKlass sun/util/resources/LocaleData
instanceKlass sun/util/locale/provider/LocaleResources
instanceKlass java/util/Locale$Builder
instanceKlass sun/util/locale/provider/CalendarDataUtility
instanceKlass sun/util/locale/provider/AvailableLanguageTags
instanceKlass  @bci sun/util/locale/provider/JRELocaleProviderAdapter getNumberFormatProvider ()Ljava/text/spi/NumberFormatProvider; 8 <appendix> member <vmtarget> ; # sun/util/locale/provider/JRELocaleProviderAdapter$$Lambda+0x00000001001a3668
instanceKlass sun/util/resources/cldr/provider/CLDRLocaleDataMetaInfo
instanceKlass java/util/concurrent/CopyOnWriteArrayList$COWIterator
instanceKlass  @bci sun/util/cldr/CLDRLocaleProviderAdapter <init> ()V 4 <appendix> argL0 ; # sun/util/cldr/CLDRLocaleProviderAdapter$$Lambda+0x00000001001a31b0
instanceKlass sun/util/locale/InternalLocaleBuilder$CaseInsensitiveChar
instanceKlass sun/util/locale/InternalLocaleBuilder
instanceKlass sun/util/locale/StringTokenIterator
instanceKlass sun/util/locale/ParseStatus
instanceKlass sun/util/locale/LanguageTag
instanceKlass sun/util/cldr/CLDRBaseLocaleDataMetaInfo
instanceKlass sun/util/locale/provider/LocaleDataMetaInfo
instanceKlass sun/util/locale/provider/ResourceBundleBasedAdapter
instanceKlass sun/util/locale/provider/LocaleProviderAdapter
instanceKlass java/util/spi/LocaleServiceProvider
instanceKlass java/text/Format
instanceKlass java/util/Scanner$PatternLRUCache
instanceKlass  @bci java/util/regex/Pattern and (Ljava/util/regex/Pattern$CharPredicate;Ljava/util/regex/Pattern$CharPredicate;Z)Ljava/util/regex/Pattern$CharPredicate; 14 <appendix> member <vmtarget> ; # java/util/regex/Pattern$$Lambda+0x00000001001a05a0
instanceKlass  @bci java/util/regex/CharPredicates forProperty (Ljava/lang/String;Z)Ljava/util/regex/Pattern$CharPredicate; 2625 <appendix> argL0 ; # java/util/regex/CharPredicates$$Lambda+0x00000001001a0340
instanceKlass  @bci java/util/regex/Pattern ALL ()Ljava/util/regex/Pattern$CharPredicate; 0 <appendix> argL0 ; # java/util/regex/Pattern$$Lambda+0x00000001001a00e0
instanceKlass  @bci java/util/regex/CharPredicates forProperty (Ljava/lang/String;Z)Ljava/util/regex/Pattern$CharPredicate; 2705 <appendix> argL0 ; # java/util/regex/CharPredicates$$Lambda+0x000000010019fe80
instanceKlass java/util/Scanner
instanceKlass org/languagetool/tools/MultiKeyProperties
instanceKlass jdk/internal/foreign/MemorySessionImpl
instanceKlass java/lang/foreign/MemorySegment$Scope
instanceKlass  @bci java/util/regex/Pattern union (Ljava/util/regex/Pattern$CharPredicate;Ljava/util/regex/Pattern$CharPredicate;Z)Ljava/util/regex/Pattern$CharPredicate; 14 <appendix> member <vmtarget> ; # java/util/regex/Pattern$$Lambda+0x000000010019f4f8
instanceKlass  @bci java/util/regex/CharPredicates category (I)Ljava/util/regex/Pattern$CharPredicate; 1 <appendix> member <vmtarget> ; # java/util/regex/CharPredicates$$Lambda+0x000000010019f298
instanceKlass org/languagetool/tokenizers/WordTokenizer
instanceKlass net/loomchild/segment/srx/LanguageMap
instanceKlass net/loomchild/segment/srx/Rule
instanceKlass net/loomchild/segment/srx/LanguageRule
instanceKlass com/sun/org/apache/xerces/internal/impl/xs/AttributePSVImpl
instanceKlass com/sun/org/apache/xerces/internal/xs/AttributePSVI
instanceKlass com/sun/org/apache/xerces/internal/impl/Constants$ArrayEnumeration
instanceKlass com/sun/org/apache/xerces/internal/impl/Constants
instanceKlass com/sun/org/apache/xerces/internal/parsers/AbstractSAXParser$LocatorProxy
instanceKlass org/xml/sax/ext/Locator2
instanceKlass org/xml/sax/Locator
instanceKlass com/sun/org/apache/xerces/internal/util/EntityResolverWrapper
instanceKlass org/xml/sax/ext/EntityResolver2
instanceKlass org/xml/sax/InputSource
instanceKlass net/loomchild/segment/srx/SrxDocumentCache
instanceKlass net/loomchild/segment/srx/SrxDocument
instanceKlass com/sun/org/apache/xerces/internal/jaxp/SchemaValidatorConfiguration
instanceKlass com/sun/org/apache/xerces/internal/jaxp/UnparsedEntityHandler
instanceKlass com/sun/org/apache/xerces/internal/impl/validation/EntityState
instanceKlass com/sun/org/apache/xerces/internal/impl/xs/XMLSchemaValidator$LocalIDKey
instanceKlass com/sun/org/apache/xerces/internal/impl/xs/XMLSchemaValidator$ValueStoreCache
instanceKlass com/sun/org/apache/xerces/internal/impl/xs/identity/XPathMatcher
instanceKlass com/sun/org/apache/xerces/internal/impl/xs/XMLSchemaValidator$XPathMatcherStack
instanceKlass com/sun/org/apache/xerces/internal/impl/xs/XSNotationDecl
instanceKlass com/sun/org/apache/xerces/internal/xs/XSNotationDeclaration
instanceKlass com/sun/org/apache/xerces/internal/impl/xs/XMLSchemaValidator$XSIErrorReporter
instanceKlass com/sun/org/apache/xerces/internal/impl/xs/ElementPSVImpl
instanceKlass com/sun/org/apache/xerces/internal/xs/ElementPSVI
instanceKlass com/sun/org/apache/xerces/internal/xs/ItemPSVI
instanceKlass com/sun/org/apache/xerces/internal/impl/xs/XMLSchemaValidator
instanceKlass com/sun/org/apache/xerces/internal/impl/xs/identity/FieldActivator
instanceKlass com/sun/org/apache/xerces/internal/parsers/AbstractSAXParser$AttributesProxy
instanceKlass org/xml/sax/ext/Attributes2
instanceKlass org/xml/sax/Attributes
instanceKlass org/xml/sax/AttributeList
instanceKlass com/sun/org/apache/xerces/internal/impl/dtd/DTDGrammarBucket
instanceKlass com/sun/org/apache/xerces/internal/impl/dtd/XMLAttributeDecl
instanceKlass com/sun/org/apache/xerces/internal/impl/dtd/XMLSimpleType
instanceKlass com/sun/org/apache/xerces/internal/impl/dtd/XMLElementDecl
instanceKlass com/sun/org/apache/xerces/internal/impl/dtd/XMLDTDValidator
instanceKlass com/sun/org/apache/xerces/internal/impl/RevalidationHandler
instanceKlass com/sun/org/apache/xerces/internal/impl/dtd/XMLDTDValidatorFilter
instanceKlass com/sun/org/apache/xerces/internal/xni/parser/XMLDocumentFilter
instanceKlass com/sun/org/apache/xerces/internal/impl/dtd/XMLEntityDecl
instanceKlass com/sun/org/apache/xerces/internal/impl/dtd/XMLDTDProcessor
instanceKlass com/sun/org/apache/xerces/internal/xni/parser/XMLDTDContentModelFilter
instanceKlass com/sun/org/apache/xerces/internal/xni/parser/XMLDTDFilter
instanceKlass com/sun/org/apache/xerces/internal/parsers/XML11Configurable
instanceKlass com/sun/org/apache/xerces/internal/parsers/XMLParser
instanceKlass org/xml/sax/XMLReader
instanceKlass org/xml/sax/Parser
instanceKlass javax/xml/parsers/SAXParser
instanceKlass com/sun/org/apache/xerces/internal/xs/PSVIProvider
instanceKlass com/sun/org/apache/xerces/internal/jaxp/JAXPConstants
instanceKlass javax/xml/validation/Schema
instanceKlass com/sun/org/apache/xerces/internal/jaxp/validation/XSGrammarPoolContainer
instanceKlass com/sun/org/apache/xerces/internal/impl/xs/models/XSDFACM$Occurence
instanceKlass com/sun/org/apache/xerces/internal/impl/dtd/models/CMStateSet
instanceKlass com/sun/org/apache/xerces/internal/impl/xs/models/XSDFACM
instanceKlass com/sun/org/apache/xerces/internal/impl/dtd/models/CMNode
instanceKlass com/sun/org/apache/xerces/internal/impl/dv/xs/XSSimpleTypeDecl$ValidationContextImpl
instanceKlass com/sun/org/apache/xerces/internal/impl/xs/traversers/XSDAbstractTraverser$FacetInfo
instanceKlass com/sun/org/apache/xerces/internal/xs/datatypes/XSQName
instanceKlass com/sun/org/apache/xerces/internal/impl/xs/XSConstraints$1
instanceKlass com/sun/org/apache/xerces/internal/impl/xs/XSConstraints
instanceKlass com/sun/org/apache/xerces/internal/impl/xs/util/XSObjectListImpl$EmptyIterator
instanceKlass com/sun/org/apache/xerces/internal/xs/XSObjectList
instanceKlass com/sun/org/apache/xerces/internal/impl/xs/XSAnnotationImpl
instanceKlass com/sun/org/apache/xerces/internal/xs/XSAnnotation
instanceKlass  @bci javax/xml/catalog/CatalogFeatures setProperties (Ljavax/xml/catalog/CatalogFeatures$Builder;)V 5 <appendix> member <vmtarget> ; # javax/xml/catalog/CatalogFeatures$$Lambda+0x000000010018f678
instanceKlass java/util/function/BiConsumer
instanceKlass  @bci org/bsplines/ltexls/parsing/latex/LatexAnnotatedTextBuilder processBackslash ()V 2325 <appendix> form vmentry <vmtarget> ; # java/lang/invoke/LambdaForm$MH+0x00000001001c0000
instanceKlass javax/xml/catalog/CatalogMessages
instanceKlass javax/xml/catalog/Util
instanceKlass javax/xml/catalog/CatalogFeatures$Builder
instanceKlass javax/xml/catalog/CatalogFeatures
instanceKlass com/sun/org/apache/xerces/internal/util/IntStack
instanceKlass com/sun/org/apache/xerces/internal/impl/xpath/regex/RegularExpression$ClosureContext
instanceKlass com/sun/org/apache/xerces/internal/impl/xpath/regex/RegularExpression$ExpressionTarget
instanceKlass com/sun/org/apache/xerces/internal/impl/xpath/regex/RegularExpression$Context
instanceKlass com/sun/org/apache/xerces/internal/impl/xpath/regex/Op
instanceKlass com/sun/org/apache/xerces/internal/impl/xs/opti/NamedNodeMapImpl
instanceKlass org/w3c/dom/NamedNodeMap
instanceKlass com/sun/org/apache/xerces/internal/impl/xs/identity/IdentityConstraint
instanceKlass com/sun/org/apache/xerces/internal/xs/XSIDCDefinition
instanceKlass com/sun/org/apache/xerces/internal/impl/xs/traversers/XSDAbstractParticleTraverser$ParticleArray
instanceKlass com/sun/org/apache/xerces/internal/impl/validation/ValidationState
instanceKlass com/sun/org/apache/xerces/internal/impl/xs/traversers/XSDAbstractTraverser
instanceKlass com/sun/org/apache/xerces/internal/impl/xs/traversers/Container
instanceKlass com/sun/org/apache/xerces/internal/impl/xs/traversers/OneAttr
instanceKlass com/sun/org/apache/xerces/internal/impl/xs/XSAttributeDecl
instanceKlass com/sun/org/apache/xerces/internal/xs/XSAttributeDeclaration
instanceKlass com/sun/org/apache/xerces/internal/impl/xs/XSGroupDecl
instanceKlass com/sun/org/apache/xerces/internal/xs/XSModelGroupDefinition
instanceKlass com/sun/org/apache/xerces/internal/impl/xs/XSAttributeUseImpl
instanceKlass com/sun/org/apache/xerces/internal/xs/XSAttributeUse
instanceKlass com/sun/org/apache/xerces/internal/impl/xs/XSAttributeGroupDecl
instanceKlass com/sun/org/apache/xerces/internal/xs/XSAttributeGroupDefinition
instanceKlass com/sun/org/apache/xerces/internal/impl/xs/XSModelGroupImpl
instanceKlass com/sun/org/apache/xerces/internal/xs/XSModelGroup
instanceKlass com/sun/org/apache/xerces/internal/impl/xs/XSWildcardDecl
instanceKlass com/sun/org/apache/xerces/internal/xs/XSWildcard
instanceKlass com/sun/org/apache/xerces/internal/impl/xs/XSComplexTypeDecl
instanceKlass com/sun/org/apache/xerces/internal/xs/XSComplexTypeDefinition
instanceKlass com/sun/org/apache/xerces/internal/impl/xs/SchemaGrammar
instanceKlass com/sun/org/apache/xerces/internal/xs/XSNamespaceItem
instanceKlass com/sun/org/apache/xerces/internal/xni/grammars/XSGrammar
instanceKlass com/sun/org/apache/xerces/internal/impl/xs/util/XInt
instanceKlass com/sun/org/apache/xerces/internal/impl/xs/util/XIntPool
instanceKlass com/sun/org/apache/xerces/internal/impl/xs/traversers/XSAttributeChecker
instanceKlass com/sun/org/apache/xerces/internal/impl/xs/traversers/XSDHandler$XSDKey
instanceKlass com/sun/org/apache/xerces/internal/util/DOMUtil
instanceKlass com/sun/org/apache/xerces/internal/util/NamespaceSupport$Prefixes
instanceKlass org/w3c/dom/Attr
instanceKlass com/sun/org/apache/xerces/internal/impl/xs/SchemaSymbols
instanceKlass com/sun/org/apache/xerces/internal/impl/xs/opti/DefaultNode
instanceKlass org/w3c/dom/Document
instanceKlass com/sun/org/apache/xerces/internal/util/XMLSymbols
instanceKlass com/sun/org/apache/xerces/internal/impl/ExternalSubsetResolver
instanceKlass com/sun/xml/internal/stream/util/BufferAllocator
instanceKlass com/sun/xml/internal/stream/util/ThreadLocalBufferAllocator
instanceKlass com/sun/xml/internal/stream/Entity
instanceKlass com/sun/org/apache/xerces/internal/utils/XMLLimitAnalyzer
instanceKlass com/sun/org/apache/xerces/internal/xni/grammars/Grammar
instanceKlass  @bci com/sun/org/apache/xerces/internal/utils/ObjectFactory newInstance (Ljava/lang/String;Ljava/lang/ClassLoader;Z)Ljava/lang/Object; 26 <appendix> member <vmtarget> ; # com/sun/org/apache/xerces/internal/utils/ObjectFactory$$Lambda+0x000000010013cdf0
instanceKlass com/sun/org/apache/xerces/internal/impl/xpath/regex/Token
instanceKlass java/util/Collections$SynchronizedCollection
instanceKlass java/util/Properties$EntrySet
instanceKlass  @bci java/util/ResourceBundle$ResourceBundleProviderHelper loadPropertyResourceBundle (Ljava/lang/Module;Ljava/lang/Module;Ljava/lang/String;Ljava/util/Locale;)Ljava/util/ResourceBundle; 14 <appendix> member <vmtarget> ; # java/util/ResourceBundle$ResourceBundleProviderHelper$$Lambda+0x000000010013a400
instanceKlass sun/security/util/SecurityProperties
instanceKlass sun/security/util/FilePermCompat
instanceKlass  @bci java/util/ResourceBundle$ResourceBundleProviderHelper loadResourceBundle (Ljava/lang/Module;Ljava/lang/Module;Ljava/lang/String;Ljava/util/Locale;)Ljava/util/ResourceBundle; 13 <appendix> member <vmtarget> ; # java/util/ResourceBundle$ResourceBundleProviderHelper$$Lambda+0x0000000100139788
instanceKlass java/util/ResourceBundle$ResourceBundleProviderHelper
instanceKlass java/util/ResourceBundle$3
instanceKlass java/util/ResourceBundle$CacheKeyReference
instanceKlass java/util/ResourceBundle$CacheKey
instanceKlass  @bci java/util/ResourceBundle getLoader (Ljava/lang/Module;)Ljava/lang/ClassLoader; 6 <appendix> member <vmtarget> ; # java/util/ResourceBundle$$Lambda+0x0000000100138aa0
instanceKlass java/util/ResourceBundle$Control
instanceKlass java/util/ResourceBundle$1
instanceKlass jdk/internal/access/JavaUtilResourceBundleAccess
instanceKlass  @bci jdk/xml/internal/SecuritySupport getResourceBundle (Ljava/lang/String;Ljava/util/Locale;)Ljava/util/ResourceBundle; 2 <appendix> member <vmtarget> ; # jdk/xml/internal/SecuritySupport$$Lambda+0x0000000100137d38
instanceKlass com/sun/org/apache/xerces/internal/impl/xpath/regex/RegexParser
instanceKlass com/sun/org/apache/xerces/internal/impl/xpath/regex/REUtil
instanceKlass com/sun/org/apache/xerces/internal/impl/xpath/regex/RegularExpression
instanceKlass com/sun/org/apache/xerces/internal/impl/dv/xs/DecimalDV$XDecimal
instanceKlass com/sun/org/apache/xerces/internal/xs/datatypes/XSDecimal
instanceKlass com/sun/org/apache/xerces/internal/util/XMLChar
instanceKlass com/sun/org/apache/xerces/internal/impl/dv/ValidatedInfo
instanceKlass com/sun/org/apache/xerces/internal/xs/XSValue
instanceKlass com/sun/org/apache/xerces/internal/impl/dv/XSFacets
instanceKlass com/sun/org/apache/xerces/internal/impl/dv/xs/XSSimpleTypeDecl$4
instanceKlass com/sun/org/apache/xerces/internal/impl/dv/xs/XSSimpleTypeDecl$1
instanceKlass com/sun/org/apache/xerces/internal/impl/dv/ValidationContext
instanceKlass com/sun/org/apache/xerces/internal/util/URI
instanceKlass com/sun/org/apache/xerces/internal/impl/dv/xs/AbstractDateTimeDV$DateTimeData
instanceKlass com/sun/org/apache/xerces/internal/xs/datatypes/XSDateTime
instanceKlass javax/xml/datatype/DatatypeFactory
instanceKlass com/sun/org/apache/xerces/internal/impl/dv/xs/TypeValidator
instanceKlass com/sun/org/apache/xerces/internal/impl/dv/xs/XSSimpleTypeDecl
instanceKlass org/w3c/dom/TypeInfo
instanceKlass com/sun/org/apache/xerces/internal/impl/dv/XSSimpleType
instanceKlass com/sun/org/apache/xerces/internal/xs/XSSimpleTypeDefinition
instanceKlass com/sun/org/apache/xerces/internal/xs/XSTypeDefinition
instanceKlass  @bci jdk/xml/internal/SecuritySupport getParentClassLoader (Ljava/lang/ClassLoader;)Ljava/lang/ClassLoader; 1 <appendix> member <vmtarget> ; # jdk/xml/internal/SecuritySupport$$Lambda+0x000000010012e2f0
instanceKlass  @bci jdk/xml/internal/SecuritySupport getSystemClassLoader ()Ljava/lang/ClassLoader; 0 <appendix> argL0 ; # jdk/xml/internal/SecuritySupport$$Lambda+0x000000010012e0d0
instanceKlass com/sun/org/apache/xerces/internal/utils/ObjectFactory
instanceKlass com/sun/org/apache/xerces/internal/impl/dv/SchemaDVFactory
instanceKlass com/sun/org/apache/xerces/internal/xni/parser/XMLInputSource
instanceKlass com/sun/org/apache/xerces/internal/util/XMLGrammarPoolImpl$Entry
instanceKlass com/sun/org/apache/xerces/internal/util/XMLGrammarPoolImpl
instanceKlass  @bci javax/xml/validation/SchemaFactoryFinder newFactory (Ljava/lang/String;)Ljavax/xml/validation/SchemaFactory; 24 <appendix> member <vmtarget> ; # javax/xml/validation/SchemaFactoryFinder$$Lambda+0x000000010012cc88
instanceKlass jdk/xml/internal/JdkXmlFeatures
instanceKlass com/sun/org/apache/xerces/internal/utils/XMLSecurityPropertyManager
instanceKlass com/sun/org/apache/xerces/internal/jaxp/validation/XMLSchemaFactory$XMLGrammarPoolWrapper
instanceKlass com/sun/org/apache/xerces/internal/xni/grammars/XMLGrammarPool
instanceKlass com/sun/org/apache/xerces/internal/util/DOMEntityResolverWrapper
instanceKlass com/sun/org/apache/xerces/internal/jaxp/validation/DraconianErrorHandler
instanceKlass com/sun/org/apache/xerces/internal/util/ErrorHandlerWrapper
instanceKlass com/sun/org/apache/xerces/internal/impl/xs/opti/SchemaDOMParser$BooleanStack
instanceKlass com/sun/org/apache/xerces/internal/impl/msg/XMLMessageFormatter
instanceKlass com/sun/org/apache/xerces/internal/impl/XMLVersionDetector
instanceKlass com/sun/org/apache/xerces/internal/impl/validation/ValidationManager
instanceKlass com/sun/org/apache/xerces/internal/impl/dv/dtd/NMTOKENDatatypeValidator
instanceKlass com/sun/org/apache/xerces/internal/impl/dv/dtd/NOTATIONDatatypeValidator
instanceKlass com/sun/org/apache/xerces/internal/impl/dv/dtd/ENTITYDatatypeValidator
instanceKlass com/sun/org/apache/xerces/internal/impl/dv/dtd/ListDatatypeValidator
instanceKlass com/sun/org/apache/xerces/internal/impl/dv/dtd/IDREFDatatypeValidator
instanceKlass com/sun/org/apache/xerces/internal/impl/dv/dtd/IDDatatypeValidator
instanceKlass com/sun/org/apache/xerces/internal/impl/dv/dtd/StringDatatypeValidator
instanceKlass com/sun/org/apache/xerces/internal/impl/dv/DatatypeValidator
instanceKlass com/sun/org/apache/xerces/internal/impl/dv/DTDDVFactory
instanceKlass com/sun/org/apache/xerces/internal/xni/parser/XMLDTDScanner
instanceKlass com/sun/org/apache/xerces/internal/xni/parser/XMLDTDContentModelSource
instanceKlass com/sun/org/apache/xerces/internal/xni/parser/XMLDTDSource
instanceKlass com/sun/org/apache/xerces/internal/xni/grammars/XMLDTDDescription
instanceKlass com/sun/org/apache/xerces/internal/impl/XMLDocumentScannerImpl$TrailingMiscDriver
instanceKlass com/sun/org/apache/xerces/internal/impl/XMLDocumentScannerImpl$PrologDriver
instanceKlass com/sun/org/apache/xerces/internal/impl/XMLDocumentScannerImpl$XMLDeclDriver
instanceKlass com/sun/org/apache/xerces/internal/util/NamespaceSupport
instanceKlass com/sun/org/apache/xerces/internal/xni/NamespaceContext
instanceKlass com/sun/org/apache/xerces/internal/util/XMLAttributesImpl$Attribute
instanceKlass com/sun/org/apache/xerces/internal/util/XMLAttributesImpl
instanceKlass com/sun/org/apache/xerces/internal/xni/XMLAttributes
instanceKlass com/sun/org/apache/xerces/internal/impl/XMLDocumentFragmentScannerImpl$FragmentContentDriver
instanceKlass com/sun/org/apache/xerces/internal/impl/XMLDocumentFragmentScannerImpl$Driver
instanceKlass com/sun/org/apache/xerces/internal/impl/XMLDocumentFragmentScannerImpl$ElementStack2
instanceKlass com/sun/org/apache/xerces/internal/xni/QName
instanceKlass com/sun/org/apache/xerces/internal/impl/XMLDocumentFragmentScannerImpl$ElementStack
instanceKlass com/sun/org/apache/xerces/internal/xni/XMLString
instanceKlass com/sun/org/apache/xerces/internal/impl/XMLScanner
instanceKlass com/sun/xml/internal/stream/XMLBufferListener
instanceKlass com/sun/org/apache/xerces/internal/impl/XMLEntityHandler
instanceKlass com/sun/org/apache/xerces/internal/xni/parser/XMLDocumentScanner
instanceKlass com/sun/org/apache/xerces/internal/xni/parser/XMLDocumentSource
instanceKlass com/sun/org/apache/xerces/internal/xni/parser/XMLPullParserConfiguration
instanceKlass com/sun/org/apache/xerces/internal/xni/parser/XMLParserConfiguration
instanceKlass com/sun/org/apache/xerces/internal/impl/xs/opti/DefaultXMLDocumentHandler
instanceKlass com/sun/org/apache/xerces/internal/xni/XMLDTDContentModelHandler
instanceKlass com/sun/org/apache/xerces/internal/xni/XMLDTDHandler
instanceKlass com/sun/org/apache/xerces/internal/xni/XMLDocumentHandler
instanceKlass com/sun/org/apache/xerces/internal/impl/xs/util/SimpleLocator
instanceKlass com/sun/org/apache/xerces/internal/util/SymbolHash$Entry
instanceKlass com/sun/org/apache/xerces/internal/util/SymbolHash
instanceKlass com/sun/org/apache/xerces/internal/impl/xs/traversers/XSDocumentInfo
instanceKlass org/w3c/dom/Element
instanceKlass org/w3c/dom/Node
instanceKlass com/sun/org/apache/xerces/internal/impl/xs/XSParticleDecl
instanceKlass com/sun/org/apache/xerces/internal/xs/XSParticle
instanceKlass com/sun/org/apache/xerces/internal/impl/xs/traversers/XSDHandler
instanceKlass com/sun/org/apache/xerces/internal/impl/xs/models/XSEmptyCM
instanceKlass com/sun/org/apache/xerces/internal/impl/xs/models/XSCMValidator
instanceKlass com/sun/org/apache/xerces/internal/impl/xs/models/CMBuilder
instanceKlass com/sun/org/apache/xerces/internal/impl/xs/SubstitutionGroupHandler$OneSubGroup
instanceKlass com/sun/org/apache/xerces/internal/impl/xs/XSElementDecl
instanceKlass com/sun/org/apache/xerces/internal/xs/XSElementDeclaration
instanceKlass com/sun/org/apache/xerces/internal/xs/XSTerm
instanceKlass com/sun/org/apache/xerces/internal/xs/XSObject
instanceKlass com/sun/org/apache/xerces/internal/impl/xs/SubstitutionGroupHandler
instanceKlass com/sun/org/apache/xerces/internal/impl/xs/XSGrammarBucket
instanceKlass com/sun/org/apache/xerces/internal/util/FeatureState
instanceKlass com/sun/org/apache/xerces/internal/impl/xs/XSMessageFormatter
instanceKlass com/sun/org/apache/xerces/internal/util/MessageFormatter
instanceKlass com/sun/org/apache/xerces/internal/util/DefaultErrorHandler
instanceKlass com/sun/org/apache/xerces/internal/xni/parser/XMLErrorHandler
instanceKlass com/sun/org/apache/xerces/internal/util/PropertyState
instanceKlass com/sun/org/apache/xerces/internal/xni/grammars/XMLSchemaDescription
instanceKlass com/sun/org/apache/xerces/internal/xni/grammars/XMLGrammarDescription
instanceKlass com/sun/org/apache/xerces/internal/impl/xs/models/CMNodeFactory
instanceKlass com/sun/org/apache/xerces/internal/impl/XMLErrorReporter
instanceKlass com/sun/org/apache/xerces/internal/util/ParserConfigurationSettings
instanceKlass com/sun/org/apache/xerces/internal/xni/parser/XMLComponentManager
instanceKlass com/sun/org/apache/xerces/internal/impl/XMLEntityScanner
instanceKlass com/sun/org/apache/xerces/internal/xni/XMLLocator
instanceKlass com/sun/xml/internal/stream/XMLEntityStorage
instanceKlass com/sun/org/apache/xerces/internal/utils/XMLSecurityManager
instanceKlass com/sun/org/apache/xerces/internal/util/AugmentationsImpl$AugmentationsItemsContainer
instanceKlass com/sun/org/apache/xerces/internal/util/AugmentationsImpl
instanceKlass com/sun/org/apache/xerces/internal/xni/Augmentations
instanceKlass com/sun/org/apache/xerces/internal/util/XMLResourceIdentifierImpl
instanceKlass com/sun/org/apache/xerces/internal/xni/XMLResourceIdentifier
instanceKlass jdk/xml/internal/JdkConstants
instanceKlass com/sun/org/apache/xerces/internal/impl/XMLEntityManager
instanceKlass com/sun/org/apache/xerces/internal/xni/parser/XMLEntityResolver
instanceKlass com/sun/org/apache/xerces/internal/util/SymbolTable$Entry
instanceKlass com/sun/org/apache/xerces/internal/util/SymbolTable
instanceKlass jdk/xml/internal/JdkXmlUtils
instanceKlass com/sun/org/apache/xerces/internal/impl/xs/XMLSchemaLoader
instanceKlass org/w3c/dom/DOMConfiguration
instanceKlass com/sun/org/apache/xerces/internal/xs/XSLoader
instanceKlass com/sun/org/apache/xerces/internal/impl/xs/XSElementDeclHelper
instanceKlass com/sun/org/apache/xerces/internal/xni/parser/XMLComponent
instanceKlass com/sun/org/apache/xerces/internal/xni/grammars/XMLGrammarLoader
instanceKlass  @bci javax/xml/validation/SchemaFactoryFinder _newFactory (Ljava/lang/String;)Ljavax/xml/validation/SchemaFactory; 137 <appendix> argL0 ; # javax/xml/validation/SchemaFactoryFinder$$Lambda+0x0000000100174e60
instanceKlass javax/xml/validation/SchemaFactoryFinder$2
instanceKlass  @bci javax/xml/validation/SchemaFactoryFinder _newFactory (Ljava/lang/String;)Ljavax/xml/validation/SchemaFactory; 56 <appendix> argL0 ; # javax/xml/validation/SchemaFactoryFinder$$Lambda+0x0000000100174a08
instanceKlass  @bci javax/xml/validation/SchemaFactoryFinder _newFactory (Ljava/lang/String;)Ljavax/xml/validation/SchemaFactory; 14 <appendix> member <vmtarget> ; # javax/xml/validation/SchemaFactoryFinder$$Lambda+0x00000001001747e0
instanceKlass  @bci org/languagetool/JLanguageTool$TextCheckCallable getOtherRuleMatches (Ljava/util/Set;)Lorg/languagetool/CheckResults; 903 <appendix> form vmentry <vmtarget> ; # java/lang/invoke/LambdaForm$MH+0x000000010011b400
instanceKlass java/lang/invoke/LambdaFormEditor$1
# instanceKlass java/lang/invoke/LambdaForm$MH+0x000000010011b000
instanceKlass  @bci org/languagetool/JLanguageTool$TextCheckCallable getOtherRuleMatches (Ljava/util/Set;)Lorg/languagetool/CheckResults; 903 <appendix> argL3 form vmentry <vmtarget> ; # java/lang/invoke/LambdaForm$MH+0x000000010011ac00
instanceKlass java/lang/invoke/MethodHandles$1
instanceKlass  @bci org/languagetool/JLanguageTool$TextCheckCallable getOtherRuleMatches (Ljava/util/Set;)Lorg/languagetool/CheckResults; 706 <appendix> argL4 argL2 form vmentry <vmtarget> ; # java/lang/invoke/LambdaForm$MH+0x000000010011a800
# instanceKlass java/lang/invoke/LambdaForm$MH+0x000000010011a400
# instanceKlass java/lang/invoke/LambdaForm$MH+0x000000010011a000
# instanceKlass java/lang/invoke/LambdaForm$MH+0x0000000100119c00
instanceKlass  @bci org/languagetool/JLanguageTool$TextCheckCallable getOtherRuleMatches (Ljava/util/Set;)Lorg/languagetool/CheckResults; 706 <appendix> argL1 argL1 form vmentry <vmtarget> ; # java/lang/invoke/LambdaForm$MH+0x0000000100119800
# instanceKlass java/lang/invoke/LambdaForm$MH+0x0000000100119400
instanceKlass  @bci org/languagetool/JLanguageTool$TextCheckCallable getOtherRuleMatches (Ljava/util/Set;)Lorg/languagetool/CheckResults; 706 <appendix> argL1 argL1 argL0 form vmentry <vmtarget> ; # java/lang/invoke/LambdaForm$MH+0x0000000100119000
# instanceKlass java/lang/invoke/LambdaForm$MH+0x0000000100118c00
# instanceKlass java/lang/invoke/LambdaForm$MH+0x0000000100118800
# instanceKlass java/lang/invoke/LambdaForm$MH+0x0000000100118400
instanceKlass javax/xml/validation/SchemaFactoryFinder
instanceKlass javax/xml/validation/SchemaFactory
instanceKlass javax/xml/transform/stream/StreamSource
instanceKlass  @bci javax/xml/parsers/FactoryFinder newInstance (Ljava/lang/Class;Ljava/lang/String;Ljava/lang/ClassLoader;ZZ)Ljava/lang/Object; 104 <appendix> member <vmtarget> ; # javax/xml/parsers/FactoryFinder$$Lambda+0x0000000100171c48
instanceKlass  @bci jdk/xml/internal/SecuritySupport getContextClassLoader ()Ljava/lang/ClassLoader; 0 <appendix> argL0 ; # jdk/xml/internal/SecuritySupport$$Lambda+0x00000001001717c0
instanceKlass  @bci javax/xml/parsers/FactoryFinder find (Ljava/lang/Class;Ljava/lang/String;)Ljava/lang/Object; 104 <appendix> member <vmtarget> ; # javax/xml/parsers/FactoryFinder$$Lambda+0x0000000100171598
instanceKlass javax/xml/parsers/FactoryFinder$1
instanceKlass  @bci jdk/xml/internal/SecuritySupport getFileInputStream (Ljava/io/File;)Ljava/io/FileInputStream; 1 <appendix> member <vmtarget> ; # jdk/xml/internal/SecuritySupport$$Lambda+0x0000000100171140
instanceKlass  @bci jdk/xml/internal/SecuritySupport doesFileExist (Ljava/io/File;)Z 1 <appendix> member <vmtarget> ; # jdk/xml/internal/SecuritySupport$$Lambda+0x0000000100170f18
instanceKlass  @bci javax/xml/parsers/FactoryFinder find (Ljava/lang/Class;Ljava/lang/String;)Ljava/lang/Object; 6 <appendix> member <vmtarget> ; # javax/xml/parsers/FactoryFinder$$Lambda+0x0000000100170cf0
instanceKlass  @bci jdk/xml/internal/SecuritySupport getSystemProperty (Ljava/lang/String;)Ljava/lang/String; 1 <appendix> member <vmtarget> ; # jdk/xml/internal/SecuritySupport$$Lambda+0x0000000100170ac8
instanceKlass jdk/xml/internal/SecuritySupport
instanceKlass javax/xml/parsers/FactoryFinder
instanceKlass javax/xml/parsers/SAXParserFactory
instanceKlass javax/xml/transform/Source
instanceKlass javax/xml/transform/Result
instanceKlass javax/xml/transform/ErrorListener
instanceKlass net/loomchild/segment/util/Util
instanceKlass org/apache/commons/logging/impl/Slf4jLogFactory$Slf4jLog
instanceKlass org/slf4j/spi/LocationAwareLogger
instanceKlass  @bci org/apache/commons/logging/impl/Slf4jLogFactory getInstance (Ljava/lang/String;)Lorg/apache/commons/logging/Log; 5 <appendix> argL0 ; # org/apache/commons/logging/impl/Slf4jLogFactory$$Lambda+0x0000000100117d28
instanceKlass  @bci org/apache/commons/logging/LogFactory newStandardFactory (Ljava/lang/ClassLoader;)Lorg/apache/commons/logging/LogFactory; 154 <appendix> argL0 ; # org/apache/commons/logging/LogFactory$$Lambda+0x0000000100117b08
instanceKlass org/slf4j/helpers/BasicMarker
instanceKlass org/slf4j/MarkerFactory
instanceKlass org/apache/commons/logging/Log
instanceKlass  @bci org/apache/commons/logging/LogFactory newStandardFactory (Ljava/lang/ClassLoader;)Lorg/apache/commons/logging/LogFactory; 106 <appendix> argL0 ; # org/apache/commons/logging/LogFactory$$Lambda+0x0000000100116fe8
instanceKlass  @bci org/apache/commons/logging/LogFactory isClassAvailable (Ljava/lang/String;Ljava/lang/ClassLoader;)Z 23 <appendix> member <vmtarget> ; # org/apache/commons/logging/LogFactory$$Lambda+0x0000000100116b78
instanceKlass  @bci org/apache/commons/logging/LogFactory isClassAvailable (Ljava/lang/String;Ljava/lang/ClassLoader;)Z 2 <appendix> member <vmtarget> ; # org/apache/commons/logging/LogFactory$$Lambda+0x0000000100116950
instanceKlass  @bci org/apache/commons/logging/LogFactory getFactory ()Lorg/apache/commons/logging/LogFactory; 240 <appendix> argL0 ; # org/apache/commons/logging/LogFactory$$Lambda+0x0000000100116730
instanceKlass  @bci org/apache/commons/logging/LogFactory getFactory ()Lorg/apache/commons/logging/LogFactory; 196 <appendix> argL0 ; # org/apache/commons/logging/LogFactory$$Lambda+0x0000000100116510
instanceKlass  @bci org/apache/commons/logging/LogFactory getResources (Ljava/lang/ClassLoader;Ljava/lang/String;)Ljava/util/Enumeration; 2 <appendix> member <vmtarget> ; # org/apache/commons/logging/LogFactory$$Lambda+0x00000001001162e8
instanceKlass org/apache/commons/logging/impl/WeakHashtable$Referenced
instanceKlass  @bci org/apache/commons/logging/LogFactory getContextClassLoaderInternal ()Ljava/lang/ClassLoader; 0 <appendix> argL0 ; # org/apache/commons/logging/LogFactory$$Lambda+0x0000000100115c68
instanceKlass  @bci org/apache/commons/logging/LogFactory getSystemProperty (Ljava/lang/String;Ljava/lang/String;)Ljava/lang/String; 2 <appendix> member <vmtarget> ; # org/apache/commons/logging/LogFactory$$Lambda+0x0000000100115668
instanceKlass  @cpi org/languagetool/rules/de/GermanSpellerRule 13693 form vmentry <vmtarget> ; # java/lang/invoke/LambdaForm$DMH+0x0000000100118000
instanceKlass org/apache/commons/logging/LogFactory
instanceKlass org/xml/sax/helpers/DefaultHandler
instanceKlass org/xml/sax/ErrorHandler
instanceKlass org/xml/sax/ContentHandler
instanceKlass org/xml/sax/DTDHandler
instanceKlass org/xml/sax/EntityResolver
instanceKlass net/loomchild/segment/srx/io/Srx2SaxParser
instanceKlass org/languagetool/broker/DefaultClassBroker
instanceKlass java/time/LocalTime$1
instanceKlass java/time/format/DateTimeFormatterBuilder$2
instanceKlass java/time/LocalDate$1
instanceKlass java/time/OffsetDateTime$1
instanceKlass java/time/format/DateTimePrintContext
instanceKlass java/time/temporal/TemporalQueries$7
instanceKlass java/time/temporal/TemporalQueries$6
instanceKlass java/time/temporal/TemporalQueries$5
instanceKlass java/time/temporal/TemporalQueries$4
instanceKlass java/time/temporal/TemporalQueries$3
instanceKlass java/time/temporal/TemporalQueries$2
instanceKlass java/time/temporal/TemporalQueries$1
instanceKlass java/time/temporal/TemporalQueries
instanceKlass java/time/format/Parsed
instanceKlass java/time/format/DateTimeParseContext
instanceKlass java/text/ParsePosition
instanceKlass  @bci java/time/OffsetDateTime parse (Ljava/lang/CharSequence;Ljava/time/format/DateTimeFormatter;)Ljava/time/OffsetDateTime; 9 <appendix> argL0 ; # java/time/OffsetDateTime$$Lambda+0x000000010016c300
instanceKlass org/languagetool/broker/DefaultResourceDataBroker
instanceKlass org/languagetool/broker/ClassBroker
instanceKlass org/languagetool/broker/ResourceDataBroker
instanceKlass org/languagetool/JLanguageTool
instanceKlass net/loomchild/segment/srx/SrxParser
instanceKlass net/loomchild/segment/TextIterator
instanceKlass org/languagetool/tokenizers/SrxTools
instanceKlass org/languagetool/rules/patterns/UnifierConfiguration
instanceKlass org/languagetool/tokenizers/SRXSentenceTokenizer
instanceKlass org/languagetool/tagging/xx/DemoTagger
instanceKlass org/languagetool/tagging/disambiguation/AbstractDisambiguator
instanceKlass org/slf4j/spi/LoggingEventBuilder
instanceKlass org/slf4j/helpers/NamedLoggerBase
instanceKlass org/slf4j/helpers/Reporter
instanceKlass java/util/ServiceLoader$ProviderImpl
instanceKlass java/util/ServiceLoader$Provider
instanceKlass java/util/ServiceLoader$1
instanceKlass org/slf4j/nop/NOPServiceProvider
instanceKlass java/nio/charset/CoderResult
instanceKlass jdk/internal/loader/URLClassPath$1
instanceKlass java/lang/CompoundEnumeration
instanceKlass jdk/internal/loader/BuiltinClassLoader$1
instanceKlass java/util/Collections$EmptyEnumeration
instanceKlass java/util/ServiceLoader$3
instanceKlass java/util/ServiceLoader$2
instanceKlass java/util/ServiceLoader$LazyClassPathLookupIterator
instanceKlass java/util/Spliterators$1Adapter
instanceKlass java/util/EnumMap$1
instanceKlass java/util/stream/StreamOpFlag$MaskBuilder
instanceKlass java/util/stream/PipelineHelper
instanceKlass java/util/stream/StreamSupport
instanceKlass java/util/Spliterator$OfDouble
instanceKlass java/util/Spliterator$OfLong
instanceKlass java/util/Spliterator$OfInt
instanceKlass java/util/Spliterator$OfPrimitive
instanceKlass java/util/Spliterators$EmptySpliterator
instanceKlass java/util/Spliterator
instanceKlass java/util/Spliterators
instanceKlass java/util/ServiceLoader$ModuleServicesLookupIterator
instanceKlass java/util/ServiceLoader
instanceKlass org/slf4j/helpers/Util
instanceKlass org/slf4j/helpers/NOPMDCAdapter
instanceKlass org/slf4j/helpers/NOPLoggerFactory
instanceKlass org/slf4j/helpers/NOP_FallbackServiceProvider
instanceKlass org/slf4j/helpers/ThreadLocalMapOfStacks
instanceKlass org/slf4j/helpers/BasicMDCAdapter
instanceKlass org/slf4j/Marker
instanceKlass org/slf4j/helpers/BasicMarkerFactory
instanceKlass java/util/concurrent/LinkedBlockingQueue$Node
instanceKlass org/slf4j/Logger
instanceKlass org/slf4j/helpers/SubstituteLoggerFactory
instanceKlass org/slf4j/ILoggerFactory
instanceKlass org/slf4j/spi/MDCAdapter
instanceKlass org/slf4j/IMarkerFactory
instanceKlass org/slf4j/helpers/SubstituteServiceProvider
instanceKlass org/slf4j/event/LoggingEvent
instanceKlass org/slf4j/spi/SLF4JServiceProvider
instanceKlass org/slf4j/LoggerFactory
instanceKlass org/languagetool/chunking/Chunker
instanceKlass org/languagetool/tokenizers/SentenceTokenizer
instanceKlass org/languagetool/tokenizers/Tokenizer
instanceKlass org/languagetool/tagging/Tagger
instanceKlass org/languagetool/tagging/disambiguation/Disambiguator
instanceKlass org/languagetool/Language
instanceKlass org/languagetool/Languages
instanceKlass kotlin/collections/EmptyMap
instanceKlass kotlin/collections/EmptySet
instanceKlass org/bsplines/ltexls/languagetool/LanguageToolJavaInterface$Companion
instanceKlass org/bsplines/ltexls/languagetool/LanguageToolInterface
instanceKlass kotlin/text/Regex$Companion
instanceKlass kotlin/text/Regex
instanceKlass kotlin/collections/ArraysUtilJVM
instanceKlass kotlin/collections/CollectionsKt__CollectionsJVMKt
instanceKlass kotlin/Pair
instanceKlass kotlin/collections/MapsKt__MapWithDefaultKt
instanceKlass kotlin/collections/ArraysKt__ArraysJVMKt
instanceKlass kotlin/collections/SetsKt__SetsJVMKt
instanceKlass org/bsplines/ltexls/settings/Settings$Companion
instanceKlass org/bsplines/ltexls/settings/Settings
instanceKlass org/bsplines/ltexls/settings/SettingsManager$Companion
instanceKlass org/bsplines/ltexls/settings/SettingsManager
instanceKlass jdk/internal/vm/ThreadContainers
instanceKlass jdk/internal/vm/StackableScope
instanceKlass java/util/concurrent/Executors$DefaultThreadFactory
instanceKlass java/util/concurrent/RunnableScheduledFuture
instanceKlass java/util/concurrent/ScheduledFuture
instanceKlass java/util/concurrent/Delayed
instanceKlass java/util/concurrent/RunnableFuture
instanceKlass java/util/concurrent/Future
instanceKlass java/util/concurrent/BlockingQueue
instanceKlass java/util/concurrent/ThreadPoolExecutor$AbortPolicy
instanceKlass java/util/concurrent/RejectedExecutionHandler
instanceKlass java/util/concurrent/AbstractExecutorService
instanceKlass java/util/concurrent/Executors$DelegatedExecutorService
instanceKlass java/util/concurrent/ScheduledExecutorService
instanceKlass java/util/concurrent/ExecutorService
instanceKlass java/util/concurrent/Executor
instanceKlass java/util/concurrent/Executors
instanceKlass org/bsplines/ltexls/server/LtexLanguageServer$Companion
instanceKlass org/bsplines/ltexls/server/LtexLanguageServer
instanceKlass org/eclipse/lsp4j/services/LanguageClientAware
instanceKlass org/eclipse/lsp4j/services/LanguageServer
instanceKlass sun/security/util/ManifestEntryVerifier$SunProviderHolder
instanceKlass java/util/Base64$Encoder
instanceKlass java/util/Base64$Decoder
instanceKlass java/util/Base64
instanceKlass javax/crypto/SecretKey
instanceKlass sun/security/util/Length
instanceKlass sun/security/util/KeyUtil
instanceKlass java/security/interfaces/XECKey
instanceKlass java/security/interfaces/ECKey
instanceKlass sun/security/util/JarConstraintsParameters
instanceKlass sun/security/util/ConstraintsParameters
instanceKlass java/security/CodeSigner
instanceKlass java/security/Timestamp
instanceKlass sun/security/timestamp/TimestampToken
instanceKlass java/security/cert/CertPath
instanceKlass java/math/MutableBigInteger
instanceKlass sun/security/rsa/RSAPadding
instanceKlass sun/security/rsa/RSACore
instanceKlass java/security/interfaces/RSAPrivateCrtKey
instanceKlass sun/security/pkcs/PKCS8Key
instanceKlass sun/security/util/InternalPrivateKey
instanceKlass java/security/interfaces/RSAPrivateKey
instanceKlass java/security/PrivateKey
instanceKlass javax/security/auth/Destroyable
instanceKlass jdk/internal/icu/util/CodePointTrie$Data
instanceKlass jdk/internal/icu/util/CodePointMap
instanceKlass jdk/internal/icu/util/VersionInfo
instanceKlass  @bci jdk/internal/module/SystemModuleFinders$SystemModuleReader open (Ljava/lang/String;)Ljava/util/Optional; 6 <appendix> member <vmtarget> ; # jdk/internal/module/SystemModuleFinders$SystemModuleReader$$Lambda+0x0000000100156db0
instanceKlass jdk/internal/icu/impl/ICUBinary$1
instanceKlass jdk/internal/icu/impl/ICUBinary
instanceKlass jdk/internal/icu/impl/NormalizerImpl$IsAcceptable
instanceKlass jdk/internal/icu/impl/ICUBinary$Authenticate
instanceKlass jdk/internal/icu/impl/NormalizerImpl
instanceKlass jdk/internal/icu/impl/Norm2AllModes$Norm2AllModesSingleton
instanceKlass jdk/internal/icu/impl/Norm2AllModes$NFKCSingleton
instanceKlass jdk/internal/icu/impl/Norm2AllModes
instanceKlass jdk/internal/icu/text/Normalizer2
instanceKlass jdk/internal/icu/text/NormalizerBase$ModeImpl
instanceKlass jdk/internal/icu/text/NormalizerBase$NFKDModeImpl
instanceKlass jdk/internal/icu/text/NormalizerBase$1
instanceKlass jdk/internal/icu/text/NormalizerBase$Mode
instanceKlass jdk/internal/icu/text/NormalizerBase
instanceKlass java/text/Normalizer
instanceKlass sun/security/x509/AVAKeyword
instanceKlass sun/security/jca/ServiceId
instanceKlass java/security/Signature$1
instanceKlass jdk/internal/access/JavaSecuritySignatureAccess
instanceKlass java/security/SignatureSpi
instanceKlass sun/security/util/SignatureUtil
instanceKlass java/lang/invoke/VarHandle$AccessDescriptor
instanceKlass sun/security/provider/ByteArrayAccess$BE
instanceKlass sun/security/provider/ByteArrayAccess
instanceKlass sun/security/util/MessageDigestSpi2
instanceKlass java/security/MessageDigestSpi
instanceKlass sun/security/pkcs/SigningCertificateInfo$ESSCertId
instanceKlass sun/security/pkcs/SigningCertificateInfo
instanceKlass sun/security/pkcs/PKCS9Attribute
instanceKlass sun/security/pkcs/PKCS9Attributes
instanceKlass java/time/zone/ZoneOffsetTransition
instanceKlass java/time/zone/ZoneOffsetTransitionRule
instanceKlass  @bci java/util/regex/CharPredicates ASCII_SPACE ()Ljava/util/regex/Pattern$BmpCharPredicate; 0 <appendix> argL0 ; # java/util/regex/CharPredicates$$Lambda+0x000000010014dcf8
instanceKlass sun/security/util/DisabledAlgorithmConstraints$Constraints$Holder
instanceKlass sun/security/util/DisabledAlgorithmConstraints$Constraint
instanceKlass java/security/spec/ECFieldF2m
instanceKlass java/security/spec/ECParameterSpec
instanceKlass java/security/spec/ECPoint
instanceKlass java/security/spec/EllipticCurve
instanceKlass java/security/spec/ECFieldFp
instanceKlass java/security/spec/ECField
instanceKlass sun/security/util/CurveDB
instanceKlass sun/security/util/DisabledAlgorithmConstraints$Constraints
instanceKlass sun/security/util/AbstractAlgorithmConstraints$1
instanceKlass sun/security/util/AlgorithmDecomposer
instanceKlass sun/security/util/DisabledAlgorithmConstraints$JarHolder
instanceKlass  @bci java/util/regex/Pattern DOT ()Ljava/util/regex/Pattern$CharPredicate; 0 <appendix> argL0 ; # java/util/regex/Pattern$$Lambda+0x000000010014a980
instanceKlass sun/security/util/AbstractAlgorithmConstraints
instanceKlass java/security/AlgorithmConstraints
instanceKlass sun/security/pkcs/SignerInfo
instanceKlass java/security/cert/PolicyQualifierInfo
instanceKlass sun/security/x509/CertificatePolicyId
instanceKlass sun/security/x509/PolicyInformation
instanceKlass sun/security/x509/DistributionPoint
instanceKlass sun/security/x509/DNSName
instanceKlass sun/security/x509/URIName
instanceKlass sun/security/x509/GeneralName
instanceKlass sun/security/x509/AccessDescription
instanceKlass sun/security/x509/GeneralNames
instanceKlass java/lang/invoke/VarForm
instanceKlass java/lang/invoke/VarHandleGuards
instanceKlass java/lang/invoke/VarHandles
instanceKlass java/lang/System$Logger
instanceKlass jdk/internal/event/EventHelper
instanceKlass sun/security/jca/JCAUtil
instanceKlass sun/security/util/MemoryCache$CacheEntry
instanceKlass sun/security/x509/KeyIdentifier
# instanceKlass java/lang/invoke/LambdaForm$MH+0x0000000100107800
instanceKlass sun/security/x509/OIDMap$OIDInfo
instanceKlass sun/security/x509/PKIXExtensions
instanceKlass sun/security/x509/OIDMap
instanceKlass sun/security/x509/Extension
instanceKlass java/security/cert/Extension
instanceKlass java/util/Collections$SynchronizedMap
instanceKlass sun/security/x509/CertificateExtensions
instanceKlass sun/security/rsa/RSAUtil
instanceKlass java/security/interfaces/RSAPublicKey
instanceKlass java/security/interfaces/RSAKey
instanceKlass java/security/spec/PSSParameterSpec
instanceKlass java/security/spec/AlgorithmParameterSpec
instanceKlass java/security/spec/RSAPrivateKeySpec
instanceKlass java/security/spec/RSAPublicKeySpec
instanceKlass java/security/KeyFactorySpi
instanceKlass sun/security/rsa/SunRsaSignEntries
instanceKlass sun/security/jca/ProviderList$ServiceList$1
instanceKlass java/security/KeyFactory
instanceKlass  @bci java/security/spec/EncodedKeySpec <clinit> ()V 0 <appendix> argL0 ; # java/security/spec/EncodedKeySpec$$Lambda+0x0000000100140860
instanceKlass  @cpi java/security/spec/EncodedKeySpec 79 form vmentry <vmtarget> ; # java/lang/invoke/LambdaForm$DMH+0x0000000100107400
instanceKlass jdk/internal/access/JavaSecuritySpecAccess
instanceKlass java/security/spec/EncodedKeySpec
instanceKlass java/security/spec/KeySpec
instanceKlass sun/security/util/BitArray
instanceKlass sun/security/x509/X509Key
instanceKlass java/security/PublicKey
instanceKlass java/security/Key
instanceKlass sun/security/x509/CertificateX509Key
instanceKlass sun/util/calendar/CalendarUtils
instanceKlass sun/util/calendar/CalendarDate
instanceKlass sun/security/x509/CertificateValidity
instanceKlass sun/security/x509/AVA
instanceKlass sun/security/x509/RDN
instanceKlass javax/security/auth/x500/X500Principal
instanceKlass  @bci sun/security/x509/X500Name <clinit> ()V 153 <appendix> argL0 ; # sun/security/x509/X500Name$$Lambda+0x00000001000fd698
instanceKlass sun/security/x509/X500Name
instanceKlass sun/security/x509/GeneralNameInterface
instanceKlass sun/security/x509/CertificateAlgorithmId
instanceKlass sun/security/x509/SerialNumber
instanceKlass sun/security/x509/CertificateSerialNumber
instanceKlass sun/security/x509/CertificateVersion
instanceKlass sun/security/x509/X509CertInfo
instanceKlass sun/security/util/Cache$EqualByteArray
instanceKlass java/security/cert/X509Extension
instanceKlass java/lang/Byte$ByteCache
instanceKlass  @bci sun/security/util/DerInputStream seeOptionalContextSpecific (I)Z 2 <appendix> member <vmtarget> ; # sun/security/util/DerInputStream$$Lambda+0x00000001000fafc8
instanceKlass  @cpi sun/security/util/DerInputStream 295 form vmentry <vmtarget> ; # java/lang/invoke/LambdaForm$DMH+0x0000000100107000
instanceKlass java/util/function/Predicate
instanceKlass sun/security/jca/GetInstance$Instance
instanceKlass sun/security/util/Cache
instanceKlass jdk/internal/event/Event
instanceKlass sun/security/jca/GetInstance
instanceKlass java/security/cert/CertificateFactorySpi
instanceKlass java/security/cert/CertificateFactory
instanceKlass sun/security/x509/AlgorithmId
instanceKlass sun/security/util/ByteArrayTagOrder
instanceKlass sun/security/util/ByteArrayLexOrder
instanceKlass sun/security/util/DerValue
instanceKlass sun/security/util/ObjectIdentifier
instanceKlass sun/security/pkcs/ContentInfo
instanceKlass sun/security/util/DerEncoder
instanceKlass sun/security/util/DerInputStream
instanceKlass sun/security/pkcs/PKCS7
instanceKlass sun/security/util/SecurityProviderConstants
instanceKlass java/security/Provider$UString
instanceKlass java/security/Provider$Service
instanceKlass sun/security/provider/NativePRNG$NonBlocking
instanceKlass sun/security/provider/NativePRNG$Blocking
instanceKlass sun/security/provider/NativePRNG
instanceKlass sun/security/provider/SunEntries$1
instanceKlass sun/security/provider/SunEntries
instanceKlass sun/security/util/SecurityConstants
instanceKlass java/security/Security$1
instanceKlass jdk/internal/access/JavaSecurityPropertiesAccess
instanceKlass java/util/concurrent/ConcurrentHashMap$MapEntry
instanceKlass  @bci java/security/Security <clinit> ()V 9 <appendix> argL0 ; # java/security/Security$$Lambda+0x00000001000f2a18
instanceKlass java/security/Security
instanceKlass sun/security/jca/ProviderList$2
instanceKlass jdk/internal/math/FloatingDecimal$ASCIIToBinaryBuffer
instanceKlass jdk/internal/math/FloatingDecimal$PreparedASCIIToBinaryBuffer
instanceKlass jdk/internal/math/FloatingDecimal$ASCIIToBinaryConverter
instanceKlass jdk/internal/math/FloatingDecimal$BinaryToASCIIBuffer
instanceKlass jdk/internal/math/FloatingDecimal$ExceptionalBinaryToASCIIBuffer
instanceKlass jdk/internal/math/FloatingDecimal$BinaryToASCIIConverter
instanceKlass jdk/internal/math/FloatingDecimal
instanceKlass javax/security/auth/login/Configuration$Parameters
instanceKlass java/security/Policy$Parameters
instanceKlass java/security/cert/CertStoreParameters
instanceKlass java/security/SecureRandomParameters
instanceKlass java/security/Provider$EngineDescription
instanceKlass java/security/Provider$ServiceKey
instanceKlass sun/security/jca/ProviderConfig
instanceKlass sun/security/jca/ProviderList
instanceKlass sun/security/jca/Providers
instanceKlass  @bci sun/security/util/ManifestDigester <init> ([B)V 350 <appendix> argL0 ; # sun/security/util/ManifestDigester$$Lambda+0x00000001000ee3c8
instanceKlass sun/security/util/ManifestDigester$Section
instanceKlass sun/security/util/ManifestDigester$Entry
instanceKlass sun/security/util/ManifestDigester$Position
instanceKlass sun/security/util/ManifestDigester
instanceKlass sun/security/util/ManifestEntryVerifier
instanceKlass jdk/internal/misc/ThreadTracker
instanceKlass java/util/jar/JarFile$ThreadTrackHolder
instanceKlass java/io/PrintWriter$1
instanceKlass jdk/internal/access/JavaIOPrintWriterAccess
instanceKlass picocli/CommandLine$ParseResult$GroupValidationResult
# instanceKlass java/lang/invoke/LambdaForm$MH+0x0000000100106c00
# instanceKlass java/lang/invoke/LambdaForm$MH+0x0000000100106800
instanceKlass  @bci jdk/internal/reflect/MethodHandleObjectFieldAccessorImpl set (Ljava/lang/Object;Ljava/lang/Object;)V 41 <adapter> ; # java/lang/invoke/LambdaForm$MH+0x0000000100106400
# instanceKlass java/lang/invoke/LambdaForm$MH+0x0000000100106000
# instanceKlass java/lang/invoke/LambdaForm$MH+0x0000000100105c00
instanceKlass  @bci jdk/internal/reflect/MethodHandleIntegerFieldAccessorImpl setInt (Ljava/lang/Object;I)V 41 <adapter> ; # java/lang/invoke/LambdaForm$MH+0x0000000100105800
instanceKlass  @bci jdk/internal/reflect/MethodHandleIntegerFieldAccessorImpl getInt (Ljava/lang/Object;)I 20 <adapter> ; # java/lang/invoke/LambdaForm$MH+0x0000000100105400
# instanceKlass java/lang/invoke/LambdaForm$MH+0x0000000100105000
# instanceKlass java/lang/invoke/LambdaForm$BMH+0x0000000100104c00
# instanceKlass java/lang/invoke/LambdaForm$DMH+0x0000000100104800
# instanceKlass java/lang/invoke/LambdaForm$MH+0x0000000100104400
instanceKlass  @cpi org/languagetool/rules/spelling/SpellingCheckRule 847 form vmentry <vmtarget> ; # java/lang/invoke/LambdaForm$DMH+0x0000000100104000
instanceKlass picocli/CommandLine$ParseResult$GroupMatch
instanceKlass picocli/CommandLine$ParseResult$GroupMatchContainer
instanceKlass picocli/CommandLine$ParseResult$Builder
instanceKlass picocli/CommandLine$ParseResult
instanceKlass java/util/Collections$ReverseComparator2
instanceKlass java/util/Collections$ReverseComparator
instanceKlass picocli/CommandLine$Help$ShortestFirst
instanceKlass picocli/CommandLine$PositionalParametersSorter
instanceKlass java/util/Collections$UnmodifiableCollection$1
instanceKlass java/util/ResourceBundle
instanceKlass picocli/CommandLine$Model$Messages
instanceKlass picocli/CommandLine$AutoHelpMixin
instanceKlass sun/reflect/generics/tree/TypeVariableSignature
instanceKlass sun/reflect/generics/tree/ClassSignature
instanceKlass sun/reflect/generics/tree/Signature
instanceKlass sun/reflect/generics/tree/FormalTypeParameter
instanceKlass java/lang/reflect/TypeVariable
instanceKlass sun/reflect/generics/reflectiveObjects/ParameterizedTypeImpl
instanceKlass sun/reflect/generics/reflectiveObjects/LazyReflectiveObjectGenerator
instanceKlass java/lang/reflect/WildcardType
instanceKlass sun/reflect/generics/tree/Wildcard
instanceKlass sun/reflect/generics/tree/BottomSignature
instanceKlass sun/reflect/generics/repository/AbstractRepository
instanceKlass java/util/Collections$UnmodifiableMap$UnmodifiableEntrySet$UnmodifiableEntry
instanceKlass java/util/Collections$UnmodifiableMap$UnmodifiableEntrySet$1
instanceKlass picocli/CommandLine$Model$ObjectBinding
instanceKlass picocli/CommandLine$Model$ArgSpec$Builder
instanceKlass picocli/CommandLine$Model$FieldBinding
instanceKlass java/lang/reflect/ParameterizedType
instanceKlass picocli/CommandLine$Model$RuntimeTypeInfo
instanceKlass picocli/CommandLine$Model$ITypeInfo
instanceKlass picocli/CommandLine$Range
instanceKlass picocli/CommandLine$NoCompletionCandidates
instanceKlass picocli/CommandLine$NullParameterConsumer
instanceKlass picocli/CommandLine$IParameterConsumer
instanceKlass kotlin/annotation/MustBeDocumented
instanceKlass kotlin/jvm/JvmStatic
instanceKlass java/net/ServerSocket
instanceKlass picocli/CommandLine$Model$CommandReflection$1
instanceKlass picocli/CommandLine$Model$ObjectScope
instanceKlass picocli/CommandLine$Model
instanceKlass java/util/Collections$EmptyIterator
instanceKlass kotlin/annotation/Target
instanceKlass kotlin/annotation/Retention
instanceKlass kotlin/Metadata
instanceKlass org/bsplines/ltexls/tools/VersionProvider
instanceKlass picocli/CommandLine$NoOpModelTransformer
instanceKlass picocli/CommandLine$IModelTransformer
instanceKlass picocli/CommandLine$NoDefaultProvider
instanceKlass picocli/CommandLine$IDefaultValueProvider
instanceKlass  @bci sun/reflect/annotation/AnnotationParser parseClassArray (ILjava/nio/ByteBuffer;Ljdk/internal/reflect/ConstantPool;Ljava/lang/Class;)Ljava/lang/Object; 10 <appendix> member <vmtarget> ; # sun/reflect/annotation/AnnotationParser$$Lambda+0x00000001000e4e90
instanceKlass picocli/CommandLine$NoVersionProvider
instanceKlass picocli/CommandLine$IVersionProvider
instanceKlass picocli/CommandLine$ParentCommand
instanceKlass picocli/CommandLine$Spec
instanceKlass picocli/CommandLine$Mixin
instanceKlass picocli/CommandLine$Unmatched
instanceKlass picocli/CommandLine$ArgGroup
instanceKlass picocli/CommandLine$Parameters
instanceKlass picocli/CommandLine$Option
instanceKlass picocli/CommandLine$Model$MethodBinding
instanceKlass picocli/CommandLine$Model$IScoped
instanceKlass picocli/CommandLine$Model$TypedMember
instanceKlass picocli/CommandLine$Model$IExtensible
instanceKlass picocli/CommandLine$3
instanceKlass jdk/internal/vm/annotation/IntrinsicCandidate
instanceKlass java/lang/annotation/Target
# instanceKlass java/lang/invoke/LambdaForm$MH+0x00000001000d8800
instanceKlass  @bci org/bsplines/ltexls/parsing/latex/LatexCommandSignature <init> (Ljava/lang/String;Lorg/bsplines/ltexls/parsing/latex/LatexCommandSignature$Action;Lorg/bsplines/ltexls/parsing/DummyGenerator;Z)V 332 <appendix> form vmentry <vmtarget> ; # java/lang/invoke/LambdaForm$MH+0x00000001000d8400
instanceKlass java/lang/reflect/Proxy$ProxyBuilder$1
instanceKlass jdk/internal/org/objectweb/asm/Edge
instanceKlass  @bci java/lang/reflect/ProxyGenerator addProxyMethod (Ljava/lang/reflect/Method;Ljava/lang/Class;)V 23 <appendix> argL0 ; # java/lang/reflect/ProxyGenerator$$Lambda+0x00000001000e34d8
instanceKlass  @bci java/lang/reflect/ProxyGenerator addProxyMethod (Ljava/lang/reflect/ProxyGenerator$ProxyMethod;)V 10 <appendix> argL0 ; # java/lang/reflect/ProxyGenerator$$Lambda+0x00000001000e3298
instanceKlass java/util/StringJoiner
instanceKlass java/lang/reflect/ProxyGenerator$ProxyMethod
instanceKlass  @bci java/lang/reflect/Proxy getLoader (Ljava/lang/Module;)Ljava/lang/ClassLoader; 6 <appendix> member <vmtarget> ; # java/lang/reflect/Proxy$$Lambda+0x00000001000e2930
instanceKlass  @bci java/lang/WeakPairMap computeIfAbsent (Ljava/lang/Object;Ljava/lang/Object;Ljava/util/function/BiFunction;)Ljava/lang/Object; 18 <appendix> member <vmtarget> ; # java/lang/WeakPairMap$$Lambda+0x00000001000e24d8
instanceKlass  @bci java/lang/Module implAddExportsOrOpens (Ljava/lang/String;Ljava/lang/Module;ZZ)V 145 <appendix> argL0 ; # java/lang/Module$$Lambda+0x00000001000e22a8
instanceKlass  @bci java/lang/module/ModuleDescriptor$Builder packages (Ljava/util/Set;)Ljava/lang/module/ModuleDescriptor$Builder; 17 <appendix> argL0 ; # java/lang/module/ModuleDescriptor$Builder$$Lambda+0x00000001000e1708
instanceKlass java/lang/WeakPairMap$Pair$Lookup
instanceKlass java/lang/WeakPairMap$Pair
instanceKlass java/lang/WeakPairMap
instanceKlass java/lang/Module$ReflectionData
instanceKlass java/util/function/Consumer
instanceKlass jdk/internal/module/Checks
instanceKlass java/lang/module/ModuleDescriptor$Builder
instanceKlass  @bci java/lang/reflect/Proxy$ProxyBuilder getDynamicModule (Ljava/lang/ClassLoader;)Ljava/lang/Module; 4 <appendix> argL0 ; # java/lang/reflect/Proxy$ProxyBuilder$$Lambda+0x00000001000e0678
instanceKlass java/lang/PublicMethods
instanceKlass java/lang/reflect/Proxy$ProxyBuilder
instanceKlass  @bci java/lang/reflect/Proxy getProxyConstructor (Ljava/lang/Class;Ljava/lang/ClassLoader;[Ljava/lang/Class;)Ljava/lang/reflect/Constructor; 35 <appendix> argL0 ; # java/lang/reflect/Proxy$$Lambda+0x00000001000bf388
instanceKlass java/lang/ClassValue$Version
instanceKlass java/lang/ClassValue$Identity
instanceKlass java/lang/ClassValue
instanceKlass java/lang/reflect/Proxy
instanceKlass sun/reflect/annotation/AnnotationInvocationHandler
instanceKlass sun/reflect/annotation/AnnotationParser$1
# instanceKlass java/lang/invoke/LambdaForm$MH+0x00000001000d8000
instanceKlass jdk/internal/reflect/MethodHandleAccessorFactory$LazyStaticHolder
instanceKlass java/lang/Class$3
instanceKlass java/lang/annotation/Documented
instanceKlass java/lang/annotation/Inherited
instanceKlass java/lang/annotation/Retention
instanceKlass sun/reflect/annotation/ExceptionProxy
instanceKlass sun/reflect/annotation/AnnotationType$1
instanceKlass sun/reflect/annotation/AnnotationType
instanceKlass java/lang/reflect/GenericArrayType
instanceKlass java/lang/Deprecated
instanceKlass sun/reflect/generics/visitor/Reifier
instanceKlass sun/reflect/generics/visitor/TypeTreeVisitor
instanceKlass sun/reflect/generics/factory/CoreReflectionFactory
instanceKlass sun/reflect/generics/factory/GenericsFactory
instanceKlass sun/reflect/generics/scope/AbstractScope
instanceKlass sun/reflect/generics/scope/Scope
instanceKlass sun/reflect/generics/tree/ClassTypeSignature
instanceKlass sun/reflect/generics/tree/SimpleClassTypeSignature
instanceKlass sun/reflect/generics/tree/FieldTypeSignature
instanceKlass sun/reflect/generics/tree/BaseType
instanceKlass sun/reflect/generics/tree/TypeSignature
instanceKlass sun/reflect/generics/tree/ReturnType
instanceKlass sun/reflect/generics/tree/TypeArgument
instanceKlass sun/reflect/generics/tree/TypeTree
instanceKlass sun/reflect/generics/tree/Tree
instanceKlass sun/reflect/generics/parser/SignatureParser
instanceKlass java/util/Arrays$ArrayItr
instanceKlass java/lang/Class$AnnotationData
instanceKlass sun/reflect/annotation/AnnotationParser
instanceKlass java/util/Vector$Itr
instanceKlass picocli/CommandLine$NoOpParameterPreprocessor
instanceKlass  @bci java/util/regex/CharPredicates ASCII_WORD ()Ljava/util/regex/Pattern$BmpCharPredicate; 0 <appendix> argL0 ; # java/util/regex/CharPredicates$$Lambda+0x00000001000b7058
instanceKlass picocli/CommandLine$RegexTransformer$Builder
instanceKlass picocli/CommandLine$Model$UsageMessageSpec$19
instanceKlass picocli/CommandLine$Model$UsageMessageSpec$18
instanceKlass picocli/CommandLine$Model$UsageMessageSpec$17
instanceKlass picocli/CommandLine$Model$UsageMessageSpec$16
instanceKlass picocli/CommandLine$Model$UsageMessageSpec$15
instanceKlass picocli/CommandLine$Model$UsageMessageSpec$14
instanceKlass picocli/CommandLine$Model$UsageMessageSpec$13
instanceKlass picocli/CommandLine$Model$UsageMessageSpec$12
instanceKlass picocli/CommandLine$Model$UsageMessageSpec$11
instanceKlass picocli/CommandLine$Model$UsageMessageSpec$10
instanceKlass picocli/CommandLine$Model$UsageMessageSpec$9
instanceKlass picocli/CommandLine$Model$UsageMessageSpec$8
instanceKlass picocli/CommandLine$Model$UsageMessageSpec$7
instanceKlass picocli/CommandLine$Model$UsageMessageSpec$6
instanceKlass picocli/CommandLine$Model$UsageMessageSpec$5
instanceKlass picocli/CommandLine$Model$UsageMessageSpec$4
instanceKlass picocli/CommandLine$Model$UsageMessageSpec$3
instanceKlass picocli/CommandLine$Model$UsageMessageSpec$2
instanceKlass picocli/CommandLine$IHelpSectionRenderer
instanceKlass picocli/CommandLine$IHelpFactory
instanceKlass picocli/CommandLine$Model$UsageMessageSpec
instanceKlass picocli/CommandLine$Model$Interpolator$4
instanceKlass picocli/CommandLine$Model$Interpolator$3
instanceKlass picocli/CommandLine$Model$Interpolator$2
instanceKlass picocli/CommandLine$Model$Interpolator$1
instanceKlass picocli/CommandLine$Model$Interpolator$ILookup
instanceKlass picocli/CommandLine$Model$Interpolator
instanceKlass picocli/CommandLine$Model$ParserSpec
instanceKlass java/lang/reflect/InvocationHandler
instanceKlass picocli/CommandLine$Model$CommandUserObject
instanceKlass picocli/CommandLine$Command
instanceKlass picocli/CommandLine$Model$IAnnotatedElement
instanceKlass picocli/CommandLine$Model$Predicate
instanceKlass picocli/CommandLine$Model$IScope
instanceKlass picocli/CommandLine$Model$ISetter
instanceKlass picocli/CommandLine$Model$IGetter
instanceKlass picocli/CommandLine$Model$CommandReflection
instanceKlass picocli/CommandLine$IParameterPreprocessor
instanceKlass picocli/CommandLine$Model$CommandSpec
instanceKlass java/time/zone/ZoneRules
instanceKlass java/time/YearMonth
instanceKlass java/time/Year
instanceKlass  @bci java/util/regex/Pattern CIRange (II)Ljava/util/regex/Pattern$CharPredicate; 2 <appendix> member <vmtarget> ; # java/util/regex/Pattern$$Lambda+0x00000001000b5ab8
instanceKlass  @bci java/util/regex/Pattern SingleI (II)Ljava/util/regex/Pattern$BmpCharPredicate; 2 <appendix> member <vmtarget> ; # java/util/regex/Pattern$$Lambda+0x00000001000b5828
instanceKlass java/io/ObjectOutput
instanceKlass  @bci java/time/ZoneOffset ofTotalSeconds (I)Ljava/time/ZoneOffset; 37 <appendix> argL0 ; # java/time/ZoneOffset$$Lambda+0x00000001000b53e8
instanceKlass  @bci java/time/format/DateTimeFormatter <clinit> ()V 1075 <appendix> argL0 ; # java/time/format/DateTimeFormatter$$Lambda+0x00000001000b51c8
instanceKlass  @bci java/time/format/DateTimeFormatter <clinit> ()V 1067 <appendix> argL0 ; # java/time/format/DateTimeFormatter$$Lambda+0x00000001000b4fa8
instanceKlass java/time/format/DateTimeFormatterBuilder$TextPrinterParser
instanceKlass java/time/format/DateTimeTextProvider$1
instanceKlass java/time/format/DateTimeTextProvider
instanceKlass java/util/LinkedHashMap$LinkedHashIterator
instanceKlass java/util/Collections$1
instanceKlass java/util/AbstractMap$SimpleImmutableEntry
instanceKlass java/time/format/DateTimeTextProvider$LocaleStore
instanceKlass java/lang/Long$LongCache
instanceKlass java/time/format/DateTimeFormatterBuilder$InstantPrinterParser
instanceKlass java/time/format/DateTimeFormatterBuilder$ZoneIdPrinterParser
instanceKlass java/time/format/DateTimeFormatterBuilder$OffsetIdPrinterParser
instanceKlass java/time/format/DecimalStyle
instanceKlass java/time/format/DateTimeFormatterBuilder$CompositePrinterParser
instanceKlass java/time/format/DateTimeFormatterBuilder$CharLiteralPrinterParser
instanceKlass java/time/format/DateTimeFormatterBuilder$NumberPrinterParser
instanceKlass java/time/format/DateTimeFormatterBuilder$StringLiteralPrinterParser
instanceKlass java/time/format/DateTimeFormatterBuilder$DateTimePrinterParser
instanceKlass java/time/temporal/JulianFields
instanceKlass java/time/temporal/IsoFields
instanceKlass java/util/regex/ASCII
instanceKlass  @bci java/time/format/DateTimeFormatterBuilder <clinit> ()V 0 <appendix> argL0 ; # java/time/format/DateTimeFormatterBuilder$$Lambda+0x00000001000ad8c8
instanceKlass java/time/format/DateTimeFormatterBuilder
instanceKlass java/time/MonthDay
instanceKlass java/time/Period
instanceKlass java/time/chrono/ChronoPeriod
instanceKlass java/time/OffsetTime
instanceKlass java/time/LocalTime
instanceKlass java/time/chrono/Era
instanceKlass java/time/chrono/AbstractChronology
instanceKlass java/time/chrono/Chronology
instanceKlass java/time/format/DateTimeFormatter
instanceKlass java/time/LocalDate
instanceKlass java/time/chrono/ChronoLocalDate
instanceKlass java/time/OffsetDateTime
instanceKlass java/time/ZonedDateTime
instanceKlass java/time/chrono/ChronoZonedDateTime
instanceKlass java/time/ZoneId
instanceKlass java/time/Clock
instanceKlass java/time/InstantSource
instanceKlass java/time/temporal/ValueRange
instanceKlass java/time/temporal/TemporalQuery
instanceKlass java/time/temporal/TemporalField
instanceKlass java/io/ObjectStreamConstants
instanceKlass java/io/ObjectInput
instanceKlass java/time/temporal/TemporalUnit
instanceKlass java/time/Duration
instanceKlass java/time/temporal/TemporalAmount
instanceKlass java/time/Instant
instanceKlass java/time/LocalDateTime
instanceKlass java/time/chrono/ChronoLocalDateTime
instanceKlass java/time/temporal/TemporalAdjuster
instanceKlass java/time/temporal/Temporal
instanceKlass java/time/temporal/TemporalAccessor
instanceKlass picocli/CommandLine$BuiltIn$ReflectionConverter
instanceKlass java/sql/DriverAction
instanceKlass java/util/stream/Stream
instanceKlass java/util/stream/BaseStream
instanceKlass java/sql/Driver
instanceKlass java/sql/DriverManager
instanceKlass java/sql/Connection
instanceKlass java/sql/Wrapper
instanceKlass picocli/CommandLine$BuiltIn$ISO8601TimeConverter
instanceKlass sun/util/calendar/CalendarSystem$GregorianHolder
instanceKlass sun/util/calendar/CalendarSystem
instanceKlass jdk/internal/jimage/decompressor/ZipDecompressor
instanceKlass jdk/internal/jimage/decompressor/ResourceDecompressor
instanceKlass jdk/internal/jimage/decompressor/ResourceDecompressorFactory
instanceKlass jdk/internal/jimage/decompressor/ResourceDecompressorRepository
instanceKlass jdk/internal/jimage/decompressor/CompressedResourceHeader
instanceKlass  @bci jdk/internal/jimage/BasicImageReader getResourceBuffer (Ljdk/internal/jimage/ImageLocation;)Ljava/nio/ByteBuffer; 168 <appendix> member <vmtarget> ; # jdk/internal/jimage/BasicImageReader$$Lambda+0x00000001000a2f78
instanceKlass jdk/internal/jimage/decompressor/ResourceDecompressor$StringsProvider
instanceKlass java/util/TimSort
instanceKlass java/util/Arrays$LegacyMergeSort
instanceKlass java/util/AbstractMap$SimpleEntry
instanceKlass jdk/internal/jimage/ImageBufferCache$2
instanceKlass jdk/internal/jimage/ImageBufferCache
instanceKlass jdk/internal/module/ModulePatcher$PatchedModuleReader
instanceKlass picocli/CommandLine$BuiltIn
instanceKlass picocli/CommandLine$BuiltIn$NetworkInterfaceConverter
instanceKlass java/net/NetworkInterface
instanceKlass picocli/CommandLine$BuiltIn$ClassConverter
instanceKlass picocli/CommandLine$BuiltIn$ByteOrderConverter
instanceKlass picocli/CommandLine$BuiltIn$TimeZoneConverter
instanceKlass java/util/TimeZone
instanceKlass picocli/CommandLine$BuiltIn$CurrencyConverter
instanceKlass java/util/Currency
instanceKlass picocli/CommandLine$BuiltIn$UUIDConverter
instanceKlass java/util/UUID
instanceKlass picocli/CommandLine$BuiltIn$PatternConverter
instanceKlass picocli/CommandLine$BuiltIn$InetAddressConverter
instanceKlass java/net/InetAddress
instanceKlass picocli/CommandLine$BuiltIn$CharsetConverter
instanceKlass picocli/CommandLine$BuiltIn$BigIntegerConverter
instanceKlass picocli/CommandLine$BuiltIn$BigDecimalConverter
instanceKlass picocli/CommandLine$BuiltIn$ISO8601DateConverter
instanceKlass java/util/Date
instanceKlass picocli/CommandLine$BuiltIn$URLConverter
instanceKlass picocli/CommandLine$BuiltIn$URIConverter
instanceKlass picocli/CommandLine$BuiltIn$FileConverter
instanceKlass picocli/CommandLine$BuiltIn$DoubleConverter
instanceKlass picocli/CommandLine$BuiltIn$FloatConverter
instanceKlass picocli/CommandLine$BuiltIn$LongConverter
instanceKlass picocli/CommandLine$BuiltIn$IntegerConverter
instanceKlass picocli/CommandLine$BuiltIn$ShortConverter
instanceKlass picocli/CommandLine$BuiltIn$CharacterConverter
instanceKlass picocli/CommandLine$BuiltIn$BooleanConverter
instanceKlass picocli/CommandLine$BuiltIn$ByteConverter
instanceKlass picocli/CommandLine$BuiltIn$CharSequenceConverter
instanceKlass picocli/CommandLine$BuiltIn$CharArrayConverter
instanceKlass picocli/CommandLine$BuiltIn$StringBuilderConverter
instanceKlass picocli/CommandLine$BuiltIn$StringConverter
instanceKlass picocli/CommandLine$ITypeConverter
instanceKlass java/io/StreamTokenizer
instanceKlass java/io/Reader
instanceKlass java/lang/Readable
instanceKlass picocli/CommandLine$Interpreter
instanceKlass picocli/CommandLine$2
instanceKlass picocli/CommandLine$1
instanceKlass picocli/CommandLine$AbstractHandler
instanceKlass picocli/CommandLine$IParseResultHandler
instanceKlass java/util/Collections$UnmodifiableCollection
instanceKlass picocli/CommandLine$Help$ColorScheme$1
instanceKlass picocli/CommandLine$Help$ColorScheme
instanceKlass picocli/CommandLine$Help$Ansi$IStyle
instanceKlass picocli/CommandLine$Assert
instanceKlass picocli/CommandLine$Help$ColorScheme$Builder
instanceKlass picocli/CommandLine$Model$IOrdered
instanceKlass picocli/CommandLine$RegexTransformer
instanceKlass picocli/CommandLine$INegatableOptionTransformer
instanceKlass picocli/CommandLine$Model$ArgSpec
instanceKlass picocli/CommandLine$Help$IOptionRenderer
instanceKlass picocli/CommandLine$Help$IParameterRenderer
instanceKlass picocli/CommandLine$Help$IParamLabelRenderer
instanceKlass picocli/CommandLine$Help
instanceKlass picocli/CommandLine$Help$Ansi$Text
instanceKlass picocli/CommandLine$DefaultFactory
instanceKlass kotlin/collections/AbstractList$Companion
instanceKlass kotlin/collections/AbstractCollection
instanceKlass kotlin/enums/EnumEntries
instanceKlass kotlin/jvm/internal/markers/KMappedMarker
instanceKlass kotlin/enums/EnumEntriesKt
instanceKlass picocli/CommandLine$Tracer
instanceKlass picocli/CommandLine$IExecutionExceptionHandler
instanceKlass picocli/CommandLine$IParameterExceptionHandler
instanceKlass picocli/CommandLine$IExecutionStrategy
instanceKlass picocli/CommandLine$IParseResultHandler2
instanceKlass picocli/CommandLine$IFactory
instanceKlass picocli/CommandLine$IExceptionHandler
instanceKlass picocli/CommandLine$IExceptionHandler2
instanceKlass picocli/CommandLine
instanceKlass org/fusesource/jansi/io/AnsiOutputStream$ZeroWidthSupplier
instanceKlass java/io/FileInputStream$1
instanceKlass java/lang/Shutdown$Lock
instanceKlass java/lang/Shutdown
instanceKlass java/io/DeleteOnExitHook$1
instanceKlass java/io/DeleteOnExitHook
instanceKlass sun/nio/ch/IOStatus
instanceKlass sun/nio/ch/Util$BufferCache
instanceKlass sun/nio/ch/Util
instanceKlass sun/nio/ch/NativeThread
instanceKlass java/nio/channels/NetworkChannel
instanceKlass sun/nio/ch/SelChImpl
instanceKlass sun/nio/ch/Streams
instanceKlass java/nio/channels/Channels
instanceKlass sun/nio/ch/FileChannelImpl$Closer
instanceKlass sun/nio/ch/NativeThreadSet
instanceKlass sun/nio/ch/IOUtil
instanceKlass sun/nio/ch/NativeDispatcher
instanceKlass java/nio/channels/spi/AbstractInterruptibleChannel
instanceKlass java/nio/channels/InterruptibleChannel
instanceKlass java/nio/channels/ScatteringByteChannel
instanceKlass java/nio/channels/GatheringByteChannel
instanceKlass java/nio/channels/SeekableByteChannel
instanceKlass java/nio/channels/ByteChannel
instanceKlass java/nio/channels/WritableByteChannel
instanceKlass java/nio/channels/ReadableByteChannel
instanceKlass java/nio/channels/Channel
instanceKlass java/util/IdentityHashMap$IdentityHashMapIterator
instanceKlass sun/nio/fs/WindowsChannelFactory$2
instanceKlass sun/nio/fs/WindowsChannelFactory$Flags
instanceKlass sun/nio/fs/WindowsChannelFactory$1
instanceKlass sun/nio/fs/WindowsChannelFactory
instanceKlass sun/nio/fs/WindowsSecurityDescriptor
instanceKlass java/nio/file/attribute/FileAttribute
instanceKlass java/io/FileOutputStream$1
instanceKlass java/util/regex/IntHashSet
# instanceKlass java/util/regex/Pattern$$Lambda+0x00000001000940c8
instanceKlass java/util/regex/Matcher
instanceKlass java/util/regex/MatchResult
instanceKlass  @bci java/util/regex/Pattern negate (Ljava/util/regex/Pattern$CharPredicate;)Ljava/util/regex/Pattern$CharPredicate; 1 <appendix> member <vmtarget> ; # java/util/regex/Pattern$$Lambda+0x00000001000937b0
instanceKlass java/util/Properties$LineReader
instanceKlass org/fusesource/jansi/internal/JansiLoader$1
instanceKlass sun/net/www/MessageHeader
instanceKlass sun/net/www/protocol/jar/JarFileFactory
instanceKlass sun/net/www/protocol/jar/URLJarFile$URLJarFileCloseController
instanceKlass java/net/URLConnection
instanceKlass java/util/Random
instanceKlass java/util/random/RandomGenerator
instanceKlass jdk/internal/jimage/ImageLocation
instanceKlass jdk/internal/jimage/decompressor/Decompressor
instanceKlass jdk/internal/jimage/ImageStringsReader
instanceKlass jdk/internal/jimage/ImageStrings
instanceKlass jdk/internal/jimage/ImageHeader
instanceKlass jdk/internal/jimage/NativeImageBuffer$1
instanceKlass jdk/internal/jimage/NativeImageBuffer
instanceKlass jdk/internal/jimage/BasicImageReader$1
instanceKlass jdk/internal/jimage/BasicImageReader
instanceKlass jdk/internal/jimage/ImageReader
instanceKlass jdk/internal/jimage/ImageReaderFactory$1
instanceKlass java/net/URI$Parser
instanceKlass java/nio/file/FileSystems$DefaultFileSystemHolder$1
instanceKlass java/nio/file/FileSystems$DefaultFileSystemHolder
instanceKlass java/nio/file/FileSystems
instanceKlass java/nio/file/Paths
instanceKlass jdk/internal/jimage/ImageReaderFactory
instanceKlass jdk/internal/module/SystemModuleFinders$SystemImage
instanceKlass jdk/internal/module/SystemModuleFinders$SystemModuleReader
instanceKlass java/lang/module/ModuleReader
instanceKlass jdk/internal/loader/BuiltinClassLoader$5
instanceKlass jdk/internal/loader/BuiltinClassLoader$2
instanceKlass jdk/internal/module/Resources
instanceKlass java/util/Formatter$Flags
instanceKlass java/util/Formattable
instanceKlass java/util/Formatter$FormatSpecifier
instanceKlass java/util/Formatter$Conversion
instanceKlass java/util/Formatter$FixedString
instanceKlass java/util/Formatter$FormatString
instanceKlass java/util/regex/Pattern$TreeInfo
instanceKlass  @bci java/util/regex/Pattern union (Ljava/util/regex/Pattern$CharPredicate;Ljava/util/regex/Pattern$CharPredicate;Z)Ljava/util/regex/Pattern$CharPredicate; 6 <appendix> member <vmtarget> ; # java/util/regex/Pattern$$Lambda+0x000000010008a6e8
instanceKlass  @bci java/util/regex/Pattern Range (II)Ljava/util/regex/Pattern$CharPredicate; 23 <appendix> member <vmtarget> ; # java/util/regex/Pattern$$Lambda+0x000000010008a458
instanceKlass java/util/regex/Pattern$BitClass
instanceKlass  @bci java/util/regex/CharPredicates ASCII_DIGIT ()Ljava/util/regex/Pattern$BmpCharPredicate; 0 <appendix> argL0 ; # java/util/regex/CharPredicates$$Lambda+0x0000000100089018
instanceKlass java/util/regex/CharPredicates
instanceKlass  @bci java/util/regex/Pattern Single (I)Ljava/util/regex/Pattern$BmpCharPredicate; 1 <appendix> member <vmtarget> ; # java/util/regex/Pattern$$Lambda+0x00000001000884f8
instanceKlass java/util/regex/Pattern$BmpCharPredicate
instanceKlass java/util/regex/Pattern$CharPredicate
instanceKlass java/util/regex/Pattern$Node
instanceKlass java/util/regex/Pattern
instanceKlass java/util/Formatter
instanceKlass org/fusesource/jansi/internal/OSInfo
instanceKlass  @bci org/eclipse/lsp4j/adapters/DocumentChangeListAdapter create (Lcom/google/gson/Gson;Lcom/google/gson/reflect/TypeToken;)Lcom/google/gson/TypeAdapter; 62 <appendix> form vmentry <vmtarget> ; # java/lang/invoke/LambdaForm$MH+0x00000001000c0000
instanceKlass jdk/internal/org/objectweb/asm/FieldVisitor
instanceKlass java/util/ArrayList$Itr
instanceKlass java/lang/invoke/InvokerBytecodeGenerator$ClassData
instanceKlass jdk/internal/org/objectweb/asm/Frame
instanceKlass java/lang/invoke/LambdaFormBuffer
instanceKlass java/lang/invoke/LambdaFormEditor$TransformKey
instanceKlass java/lang/invoke/LambdaFormEditor
instanceKlass java/lang/invoke/DelegatingMethodHandle$Holder
instanceKlass java/lang/invoke/DirectMethodHandle$2
instanceKlass java/lang/invoke/ClassSpecializer$Factory
instanceKlass java/lang/invoke/ClassSpecializer$SpeciesData
instanceKlass java/lang/invoke/ClassSpecializer$1
instanceKlass java/lang/invoke/ClassSpecializer
instanceKlass sun/invoke/empty/Empty
instanceKlass sun/invoke/util/VerifyType
instanceKlass  @bci org/fusesource/jansi/internal/JansiLoader initialize ()Z 10 <appendix> argL0 ; # org/fusesource/jansi/internal/JansiLoader$$Lambda+0x0000000100002890
instanceKlass java/lang/invoke/MethodHandles$Lookup$ClassDefiner
instanceKlass java/lang/invoke/MethodHandles$Lookup$ClassFile
instanceKlass jdk/internal/org/objectweb/asm/AnnotationVisitor
instanceKlass jdk/internal/org/objectweb/asm/Attribute
instanceKlass jdk/internal/org/objectweb/asm/Handler
instanceKlass jdk/internal/org/objectweb/asm/Label
instanceKlass jdk/internal/org/objectweb/asm/MethodVisitor
instanceKlass java/lang/invoke/LambdaProxyClassArchive
instanceKlass jdk/internal/org/objectweb/asm/ByteVector
instanceKlass jdk/internal/org/objectweb/asm/Symbol
instanceKlass jdk/internal/org/objectweb/asm/SymbolTable
instanceKlass jdk/internal/org/objectweb/asm/ClassVisitor
instanceKlass java/lang/invoke/InfoFromMemberName
instanceKlass java/lang/invoke/MethodHandleInfo
instanceKlass jdk/internal/org/objectweb/asm/ConstantDynamic
instanceKlass sun/invoke/util/BytecodeDescriptor
instanceKlass jdk/internal/org/objectweb/asm/Handle
instanceKlass sun/security/action/GetBooleanAction
instanceKlass jdk/internal/org/objectweb/asm/Type
instanceKlass java/lang/invoke/AbstractValidatingLambdaMetafactory
instanceKlass java/lang/invoke/MethodHandleImpl$1
instanceKlass jdk/internal/access/JavaLangInvokeAccess
instanceKlass java/lang/invoke/Invokers$Holder
instanceKlass java/lang/invoke/BootstrapMethodInvoker
instanceKlass java/lang/invoke/InvokerBytecodeGenerator$1
instanceKlass java/lang/invoke/InvokerBytecodeGenerator
instanceKlass java/lang/invoke/LambdaForm$Holder
instanceKlass java/lang/invoke/LambdaForm$Name
instanceKlass java/lang/invoke/Invokers
instanceKlass java/lang/invoke/MethodHandleImpl
instanceKlass sun/invoke/util/ValueConversions
instanceKlass java/lang/invoke/DirectMethodHandle$Holder
instanceKlass java/lang/invoke/LambdaForm$NamedFunction
instanceKlass sun/invoke/util/Wrapper$Format
instanceKlass java/lang/invoke/MethodTypeForm
instanceKlass jdk/internal/util/StrongReferenceKey
instanceKlass jdk/internal/util/ReferenceKey
instanceKlass jdk/internal/util/ReferencedKeyMap
instanceKlass java/lang/invoke/MethodType$1
instanceKlass java/lang/invoke/LambdaMetafactory
instanceKlass java/io/FilenameFilter
instanceKlass org/fusesource/jansi/internal/JansiLoader
instanceKlass org/fusesource/jansi/internal/CLibrary
instanceKlass java/lang/ProcessEnvironment$CheckedEntry
instanceKlass java/lang/ProcessEnvironment$CheckedEntrySet$1
instanceKlass java/lang/ProcessEnvironment$EntryComparator
instanceKlass java/lang/ProcessEnvironment$NameComparator
instanceKlass org/fusesource/jansi/io/AnsiProcessor
instanceKlass org/fusesource/jansi/io/AnsiOutputStream$WidthSupplier
instanceKlass org/fusesource/jansi/AnsiConsole
instanceKlass kotlin/jvm/internal/Intrinsics
instanceKlass org/bsplines/ltexls/LtexLanguageServerLauncher$Companion
instanceKlass java/lang/Void
instanceKlass java/lang/PublicMethods$Key
instanceKlass java/lang/PublicMethods$MethodList
instanceKlass jdk/internal/misc/PreviewFeatures
instanceKlass jdk/internal/misc/MainMethodFinder
instanceKlass org/bsplines/ltexls/LtexLanguageServerLauncher
instanceKlass java/util/concurrent/Callable
instanceKlass java/security/SecureClassLoader$DebugHolder
instanceKlass java/security/Permission
instanceKlass java/security/Guard
instanceKlass java/security/PermissionCollection
instanceKlass java/security/SecureClassLoader$1
instanceKlass java/util/zip/Checksum$1
instanceKlass java/util/zip/CRC32
instanceKlass java/util/zip/Checksum
instanceKlass sun/nio/ByteBuffered
instanceKlass java/lang/Package$VersionInfo
instanceKlass java/lang/NamedPackage
instanceKlass jdk/internal/loader/Resource
instanceKlass java/util/StringTokenizer
instanceKlass java/util/jar/JarVerifier
instanceKlass java/lang/reflect/Array
instanceKlass java/util/jar/Attributes$Name
instanceKlass java/util/jar/Attributes
instanceKlass java/util/TreeMap$PrivateEntryIterator
instanceKlass java/util/TreeMap$Entry
instanceKlass java/util/NavigableMap
instanceKlass java/util/SortedMap
instanceKlass java/util/SequencedMap
instanceKlass java/util/NavigableSet
instanceKlass java/util/SortedSet
instanceKlass java/util/SequencedSet
instanceKlass sun/security/action/GetIntegerAction
instanceKlass sun/security/util/Debug
instanceKlass sun/security/util/SignatureFileVerifier
instanceKlass java/util/zip/ZipFile$InflaterCleanupAction
instanceKlass java/util/zip/Inflater$InflaterZStreamRef
instanceKlass java/util/zip/Inflater
instanceKlass java/util/zip/ZipEntry
instanceKlass java/util/zip/ZipFile$2
instanceKlass java/nio/Bits$1
instanceKlass jdk/internal/misc/VM$BufferPool
instanceKlass java/nio/Bits
instanceKlass sun/nio/ch/DirectBuffer
instanceKlass jdk/internal/perf/PerfCounter$CoreCounters
instanceKlass jdk/internal/perf/Perf
instanceKlass jdk/internal/perf/Perf$GetPerfAction
instanceKlass jdk/internal/perf/PerfCounter
instanceKlass sun/util/locale/LocaleObjectCache
instanceKlass sun/util/locale/BaseLocale$Key
instanceKlass sun/util/locale/LocaleUtils
instanceKlass sun/util/locale/BaseLocale
instanceKlass java/util/Locale
instanceKlass java/nio/file/attribute/FileTime
instanceKlass java/util/zip/ZipUtils
instanceKlass java/util/zip/ZipFile$Source$End
instanceKlass java/io/RandomAccessFile$2
instanceKlass jdk/internal/access/JavaIORandomAccessFileAccess
instanceKlass java/io/RandomAccessFile
instanceKlass java/io/DataInput
instanceKlass java/io/DataOutput
instanceKlass sun/nio/fs/WindowsNativeDispatcher$CompletionStatus
instanceKlass sun/nio/fs/WindowsNativeDispatcher$AclInformation
instanceKlass sun/nio/fs/WindowsNativeDispatcher$Account
instanceKlass sun/nio/fs/WindowsNativeDispatcher$DiskFreeSpace
instanceKlass sun/nio/fs/WindowsNativeDispatcher$VolumeInformation
instanceKlass sun/nio/fs/WindowsNativeDispatcher$FirstStream
instanceKlass sun/nio/fs/WindowsNativeDispatcher$FirstFile
instanceKlass java/util/concurrent/ConcurrentHashMap$Traverser
instanceKlass java/util/Enumeration
instanceKlass jdk/internal/loader/NativeLibraries$3
instanceKlass jdk/internal/loader/NativeLibrary
instanceKlass java/util/ArrayDeque$DeqIterator
instanceKlass jdk/internal/loader/NativeLibraries$NativeLibraryContext$1
instanceKlass jdk/internal/loader/NativeLibraries$NativeLibraryContext
instanceKlass jdk/internal/loader/NativeLibraries$2
instanceKlass jdk/internal/loader/NativeLibraries$1
instanceKlass jdk/internal/loader/NativeLibraries$LibraryPaths
instanceKlass sun/nio/fs/WindowsNativeDispatcher
instanceKlass sun/nio/fs/NativeBuffer$Deallocator
instanceKlass sun/nio/fs/NativeBuffer
instanceKlass java/lang/ThreadLocal$ThreadLocalMap
instanceKlass java/lang/ThreadLocal
instanceKlass sun/nio/fs/NativeBuffers
instanceKlass sun/nio/fs/WindowsFileAttributes
instanceKlass java/nio/file/attribute/DosFileAttributes
instanceKlass sun/nio/fs/AbstractBasicFileAttributeView
instanceKlass sun/nio/fs/DynamicFileAttributeView
instanceKlass sun/nio/fs/WindowsFileAttributeViews
instanceKlass sun/nio/fs/Util
instanceKlass java/nio/file/attribute/BasicFileAttributeView
instanceKlass java/nio/file/attribute/FileAttributeView
instanceKlass java/nio/file/attribute/AttributeView
instanceKlass java/nio/file/Files
instanceKlass java/nio/file/CopyOption
instanceKlass java/nio/file/attribute/BasicFileAttributes
instanceKlass sun/nio/fs/WindowsPath
instanceKlass java/nio/file/Path
instanceKlass java/nio/file/Watchable
instanceKlass java/util/zip/ZipFile$Source$Key
instanceKlass sun/nio/fs/WindowsPathParser$Result
instanceKlass sun/nio/fs/WindowsPathParser
instanceKlass java/nio/file/FileSystem
instanceKlass java/nio/file/OpenOption
instanceKlass java/nio/file/spi/FileSystemProvider
instanceKlass java/util/concurrent/ForkJoinPool$ManagedBlocker
instanceKlass java/util/concurrent/locks/AbstractQueuedSynchronizer$Node
instanceKlass sun/nio/fs/DefaultFileSystemProvider
instanceKlass java/util/zip/ZipFile$Source
instanceKlass java/lang/ref/Cleaner$Cleanable
instanceKlass jdk/internal/ref/CleanerImpl
instanceKlass java/lang/ref/Cleaner$1
instanceKlass java/lang/ref/Cleaner
instanceKlass jdk/internal/ref/CleanerFactory$1
instanceKlass java/util/concurrent/ThreadFactory
instanceKlass jdk/internal/ref/CleanerFactory
instanceKlass java/util/zip/ZipCoder
instanceKlass java/util/zip/ZipFile$CleanableResource
instanceKlass java/lang/Runtime$Version
instanceKlass java/util/jar/JavaUtilJarAccessImpl
instanceKlass jdk/internal/access/JavaUtilJarAccess
instanceKlass jdk/internal/loader/FileURLMapper
instanceKlass jdk/internal/loader/URLClassPath$JarLoader$1
instanceKlass java/util/zip/ZipFile$1
instanceKlass jdk/internal/access/JavaUtilZipFileAccess
instanceKlass java/util/zip/ZipFile
instanceKlass java/util/zip/ZipConstants
instanceKlass jdk/internal/loader/URLClassPath$Loader
instanceKlass jdk/internal/loader/URLClassPath$3
instanceKlass java/security/PrivilegedExceptionAction
instanceKlass sun/net/util/URLUtil
instanceKlass java/lang/StringCoding
instanceKlass java/nio/charset/CharsetDecoder
instanceKlass sun/nio/cs/ArrayDecoder
instanceKlass sun/launcher/LauncherHelper
instanceKlass java/lang/invoke/StringConcatFactory
instanceKlass java/lang/ModuleLayer$Controller
instanceKlass java/util/concurrent/CopyOnWriteArrayList
instanceKlass jdk/internal/module/ServicesCatalog$ServiceProvider
instanceKlass jdk/internal/loader/AbstractClassLoaderValue$Memoizer
instanceKlass java/util/ImmutableCollections$ListItr
instanceKlass java/util/ListIterator
instanceKlass java/lang/ModuleLayer
instanceKlass jdk/internal/module/ModuleLoaderMap$Modules
instanceKlass jdk/internal/module/ModuleLoaderMap$Mapper
instanceKlass jdk/internal/module/ModuleLoaderMap
instanceKlass java/util/AbstractMap$1$1
instanceKlass java/lang/module/ResolvedModule
instanceKlass java/lang/module/Configuration
instanceKlass jdk/internal/loader/BuiltinClassLoader$LoadedModule
instanceKlass jdk/internal/loader/AbstractClassLoaderValue
instanceKlass jdk/internal/module/ServicesCatalog
instanceKlass java/util/Deque
instanceKlass java/util/Queue
instanceKlass sun/net/util/IPAddressUtil$MASKS
instanceKlass sun/net/util/IPAddressUtil
instanceKlass java/net/URLStreamHandler
instanceKlass sun/net/www/ParseUtil
instanceKlass java/net/URL$3
instanceKlass jdk/internal/access/JavaNetURLAccess
instanceKlass java/net/URL$DefaultFactory
instanceKlass java/net/URLStreamHandlerFactory
instanceKlass jdk/internal/loader/URLClassPath
instanceKlass java/security/Principal
instanceKlass java/security/ProtectionDomain$Key
instanceKlass java/security/ProtectionDomain$JavaSecurityAccessImpl
instanceKlass jdk/internal/access/JavaSecurityAccess
instanceKlass java/lang/ClassLoader$ParallelLoaders
instanceKlass java/security/cert/Certificate
instanceKlass jdk/internal/loader/ArchivedClassLoaders
instanceKlass java/util/concurrent/ConcurrentHashMap$CollectionView
instanceKlass jdk/internal/loader/ClassLoaderHelper
instanceKlass jdk/internal/loader/NativeLibraries
instanceKlass java/lang/Module$EnableNativeAccess
instanceKlass jdk/internal/loader/BootLoader
instanceKlass java/util/Optional
instanceKlass jdk/internal/module/SystemModuleFinders$SystemModuleFinder
instanceKlass java/lang/module/ModuleFinder
instanceKlass jdk/internal/module/SystemModuleFinders$3
instanceKlass jdk/internal/module/ModuleHashes$HashSupplier
instanceKlass jdk/internal/module/SystemModuleFinders$2
instanceKlass java/util/function/Supplier
instanceKlass java/lang/module/ModuleReference
instanceKlass jdk/internal/module/ModuleResolution
instanceKlass java/util/Collections$UnmodifiableMap
instanceKlass jdk/internal/module/ModuleHashes$Builder
instanceKlass jdk/internal/module/ModuleHashes
instanceKlass jdk/internal/module/ModuleTarget
instanceKlass java/util/ImmutableCollections$Set12$1
instanceKlass java/lang/reflect/AccessFlag$18
instanceKlass java/lang/reflect/AccessFlag$17
instanceKlass java/lang/reflect/AccessFlag$16
instanceKlass java/lang/reflect/AccessFlag$15
instanceKlass java/lang/reflect/AccessFlag$14
instanceKlass java/lang/reflect/AccessFlag$13
instanceKlass java/lang/reflect/AccessFlag$12
instanceKlass java/lang/reflect/AccessFlag$11
instanceKlass java/lang/reflect/AccessFlag$10
instanceKlass java/lang/reflect/AccessFlag$9
instanceKlass java/lang/reflect/AccessFlag$8
instanceKlass java/lang/reflect/AccessFlag$7
instanceKlass java/lang/reflect/AccessFlag$6
instanceKlass java/lang/reflect/AccessFlag$5
instanceKlass java/lang/reflect/AccessFlag$4
instanceKlass java/lang/reflect/AccessFlag$3
instanceKlass java/lang/reflect/AccessFlag$2
instanceKlass java/lang/reflect/AccessFlag$1
instanceKlass java/lang/module/ModuleDescriptor$Version
instanceKlass java/lang/module/ModuleDescriptor$Provides
instanceKlass java/lang/module/ModuleDescriptor$Opens
instanceKlass java/util/ImmutableCollections$SetN$SetNIterator
instanceKlass java/lang/module/ModuleDescriptor$Exports
instanceKlass java/lang/module/ModuleDescriptor$Requires
instanceKlass jdk/internal/module/Builder
instanceKlass jdk/internal/module/SystemModules$default
instanceKlass jdk/internal/module/SystemModules
instanceKlass jdk/internal/module/SystemModulesMap
instanceKlass java/net/URI$1
instanceKlass jdk/internal/access/JavaNetUriAccess
instanceKlass java/net/URI
instanceKlass jdk/internal/module/SystemModuleFinders
instanceKlass jdk/internal/module/ArchivedModuleGraph
instanceKlass jdk/internal/module/ArchivedBootLayer
instanceKlass jdk/internal/module/ModuleBootstrap$Counters
instanceKlass jdk/internal/module/ModulePatcher
instanceKlass java/io/FileSystem
instanceKlass java/io/DefaultFileSystem
instanceKlass java/io/File
instanceKlass jdk/internal/misc/Blocker
instanceKlass java/lang/module/ModuleDescriptor$1
instanceKlass jdk/internal/access/JavaLangModuleAccess
instanceKlass sun/invoke/util/VerifyAccess
instanceKlass java/util/KeyValueHolder
instanceKlass java/util/ImmutableCollections$MapN$MapNIterator
instanceKlass java/lang/StrictMath
instanceKlass java/lang/invoke/MethodHandles$Lookup
instanceKlass java/lang/invoke/MemberName$Factory
instanceKlass java/lang/invoke/MethodHandles
instanceKlass java/lang/module/ModuleDescriptor
instanceKlass jdk/internal/module/ModuleBootstrap
instanceKlass java/lang/Character$CharacterCache
instanceKlass java/util/HexFormat
instanceKlass java/util/concurrent/locks/AbstractQueuedSynchronizer$ConditionObject
instanceKlass jdk/internal/util/ClassFileDumper
instanceKlass java/util/concurrent/locks/Condition
instanceKlass sun/security/action/GetPropertyAction
instanceKlass java/lang/invoke/MethodHandleStatics
instanceKlass java/util/Collections
instanceKlass java/lang/Thread$ThreadIdentifiers
instanceKlass sun/io/Win32ErrorMode
instanceKlass jdk/internal/misc/OSEnvironment
instanceKlass java/lang/Integer$IntegerCache
instanceKlass jdk/internal/misc/Signal$NativeHandler
instanceKlass java/util/Hashtable$Entry
instanceKlass jdk/internal/misc/Signal
instanceKlass java/lang/Terminator$1
instanceKlass jdk/internal/misc/Signal$Handler
instanceKlass java/lang/Terminator
instanceKlass java/nio/ByteOrder
instanceKlass java/nio/Buffer$2
instanceKlass jdk/internal/access/JavaNioAccess
instanceKlass java/nio/Buffer$1
instanceKlass jdk/internal/misc/ScopedMemoryAccess
instanceKlass java/nio/charset/CodingErrorAction
instanceKlass sun/nio/cs/SingleByte
instanceKlass java/lang/StringUTF16
instanceKlass sun/nio/cs/MS1252$Holder
instanceKlass java/nio/charset/CharsetEncoder
instanceKlass sun/nio/cs/ArrayEncoder
instanceKlass java/io/Writer
instanceKlass java/io/PrintStream$1
instanceKlass jdk/internal/access/JavaIOPrintStreamAccess
instanceKlass jdk/internal/misc/InternalLock
instanceKlass java/io/OutputStream
instanceKlass java/io/Flushable
instanceKlass java/io/FileDescriptor$1
instanceKlass jdk/internal/access/JavaIOFileDescriptorAccess
instanceKlass java/io/FileDescriptor
instanceKlass jdk/internal/util/StaticProperty
instanceKlass jdk/internal/reflect/MethodHandleAccessorFactory
instanceKlass java/lang/reflect/Modifier
instanceKlass java/lang/Class$1
instanceKlass java/lang/Class$Atomic
instanceKlass java/lang/Class$ReflectionData
instanceKlass java/nio/charset/StandardCharsets
instanceKlass sun/nio/cs/HistoricallyNamedCharset
instanceKlass java/nio/charset/spi/CharsetProvider
instanceKlass java/nio/charset/Charset
instanceKlass java/util/HashMap$HashIterator
instanceKlass java/util/concurrent/locks/LockSupport
instanceKlass java/util/concurrent/ConcurrentHashMap$Node
instanceKlass java/util/concurrent/ConcurrentHashMap$CounterCell
instanceKlass java/util/concurrent/locks/ReentrantLock
instanceKlass java/util/concurrent/locks/Lock
instanceKlass java/lang/CharacterData
instanceKlass java/util/Arrays
instanceKlass jdk/internal/util/Preconditions$3
instanceKlass jdk/internal/util/Preconditions$2
instanceKlass jdk/internal/util/Preconditions$4
instanceKlass java/util/function/BiFunction
instanceKlass jdk/internal/util/Preconditions$1
instanceKlass java/util/function/Function
instanceKlass jdk/internal/util/Preconditions
instanceKlass java/lang/Runtime
instanceKlass java/lang/VersionProps
instanceKlass java/lang/StringConcatHelper
instanceKlass java/util/HashMap$Node
instanceKlass java/util/Map$Entry
instanceKlass jdk/internal/util/ArraysSupport
instanceKlass jdk/internal/util/SystemProps$Raw
instanceKlass jdk/internal/util/SystemProps
instanceKlass java/lang/System$2
instanceKlass jdk/internal/access/JavaLangAccess
instanceKlass java/lang/ref/NativeReferenceQueue$Lock
instanceKlass java/lang/ref/ReferenceQueue
instanceKlass java/lang/ref/Reference$1
instanceKlass jdk/internal/access/JavaLangRefAccess
instanceKlass jdk/internal/reflect/ReflectionFactory
instanceKlass java/lang/Math
instanceKlass java/lang/StringLatin1
instanceKlass jdk/internal/reflect/Reflection
instanceKlass jdk/internal/reflect/ReflectionFactory$GetReflectionFactoryAction
instanceKlass java/security/PrivilegedAction
instanceKlass jdk/internal/access/SharedSecrets
instanceKlass java/lang/reflect/ReflectAccess
instanceKlass jdk/internal/access/JavaLangReflectAccess
instanceKlass java/util/ImmutableCollections
instanceKlass java/util/Objects
instanceKlass java/util/Set
instanceKlass jdk/internal/misc/CDS
instanceKlass java/lang/Module$ArchivedData
instanceKlass jdk/internal/misc/VM
instanceKlass java/lang/String$CaseInsensitiveComparator
instanceKlass java/util/Comparator
instanceKlass java/io/ObjectStreamField
instanceKlass jdk/internal/vm/FillerObject
instanceKlass jdk/internal/vm/vector/VectorSupport$VectorPayload
instanceKlass jdk/internal/vm/vector/VectorSupport
instanceKlass java/lang/reflect/RecordComponent
instanceKlass java/util/Iterator
instanceKlass java/lang/Number
instanceKlass java/lang/Character
instanceKlass java/lang/Boolean
instanceKlass java/util/concurrent/locks/AbstractOwnableSynchronizer
instanceKlass java/lang/LiveStackFrame
instanceKlass java/lang/StackFrameInfo
instanceKlass java/lang/StackWalker$StackFrame
instanceKlass java/lang/StackStreamFactory$AbstractStackWalker
instanceKlass java/lang/StackWalker
instanceKlass java/nio/Buffer
instanceKlass java/lang/StackTraceElement
instanceKlass java/util/AbstractCollection
instanceKlass java/util/RandomAccess
instanceKlass java/util/List
instanceKlass java/util/SequencedCollection
instanceKlass java/util/Collection
instanceKlass java/lang/Iterable
instanceKlass java/util/AbstractMap
instanceKlass java/util/concurrent/ConcurrentMap
instanceKlass java/security/CodeSource
instanceKlass jdk/internal/loader/ClassLoaders
instanceKlass java/util/jar/Manifest
instanceKlass java/lang/Enum
instanceKlass java/net/URL
instanceKlass java/io/InputStream
instanceKlass java/io/Closeable
instanceKlass java/lang/AutoCloseable
instanceKlass jdk/internal/module/Modules
instanceKlass jdk/internal/misc/Unsafe
instanceKlass jdk/internal/misc/UnsafeConstants
instanceKlass java/lang/AbstractStringBuilder
instanceKlass java/lang/Appendable
instanceKlass java/lang/AssertionStatusDirectives
instanceKlass jdk/internal/foreign/abi/ABIDescriptor
instanceKlass jdk/internal/foreign/abi/NativeEntryPoint
instanceKlass java/lang/invoke/CallSite
instanceKlass java/lang/invoke/MethodType
instanceKlass java/lang/invoke/TypeDescriptor$OfMethod
instanceKlass java/lang/invoke/LambdaForm
instanceKlass java/lang/invoke/MethodHandleNatives
instanceKlass java/lang/invoke/ResolvedMethodName
instanceKlass java/lang/invoke/MemberName
instanceKlass java/lang/invoke/VarHandle
instanceKlass java/lang/invoke/MethodHandle
instanceKlass jdk/internal/reflect/CallerSensitive
instanceKlass java/lang/annotation/Annotation
instanceKlass jdk/internal/reflect/FieldAccessor
instanceKlass jdk/internal/reflect/ConstantPool
instanceKlass jdk/internal/reflect/ConstructorAccessor
instanceKlass jdk/internal/reflect/MethodAccessor
instanceKlass jdk/internal/reflect/MagicAccessorImpl
instanceKlass jdk/internal/vm/StackChunk
instanceKlass jdk/internal/vm/Continuation
instanceKlass jdk/internal/vm/ContinuationScope
instanceKlass java/lang/reflect/Parameter
instanceKlass java/lang/reflect/Member
instanceKlass java/lang/reflect/AccessibleObject
instanceKlass java/lang/Module
instanceKlass java/util/Dictionary
instanceKlass java/util/Map
instanceKlass java/lang/ThreadGroup
instanceKlass java/lang/Thread$UncaughtExceptionHandler
instanceKlass java/lang/Thread$Constants
instanceKlass java/lang/Thread$FieldHolder
instanceKlass java/lang/Thread
instanceKlass java/lang/Runnable
instanceKlass java/lang/ref/Reference
instanceKlass java/lang/Record
instanceKlass java/security/AccessController
instanceKlass java/security/AccessControlContext
instanceKlass java/security/ProtectionDomain
instanceKlass java/lang/SecurityManager
instanceKlass java/lang/Throwable
instanceKlass java/lang/System
instanceKlass java/lang/ClassLoader
instanceKlass java/lang/Cloneable
instanceKlass java/lang/Class
instanceKlass java/lang/invoke/TypeDescriptor$OfField
instanceKlass java/lang/invoke/TypeDescriptor
instanceKlass java/lang/reflect/Type
instanceKlass java/lang/reflect/GenericDeclaration
instanceKlass java/lang/reflect/AnnotatedElement
instanceKlass java/lang/String
instanceKlass java/lang/constant/ConstantDesc
instanceKlass java/lang/constant/Constable
instanceKlass java/lang/CharSequence
instanceKlass java/lang/Comparable
instanceKlass java/io/Serializable
ciInstanceKlass java/lang/Object 1 1 124 100 1 10 12 1 1 10 7 12 1 1 1 10 100 12 1 1 1 10 12 1 1 8 1 10 12 1 1 10 100 12 1 1 1 10 12 1 10 12 1 1 10 7 12 1 1 1 10 12 1 10 12 1 7 1 10 100 12 1 1 1 10 12 1 1 10 12 1 100 1 8 1 10 12 1 3 8 1 100 1 5 0 1 1 1 1 1 1 1 1 1 1 1 1 1 1 1 1 7 1 1 1 1 1 1 1 1 1 1 7 1 1 1 1 1 1 1 1 1 1 3 1 1
ciInstanceKlass java/io/Serializable 1 0 7 100 1 100 1 1 1
ciInstanceKlass java/lang/Comparable 1 0 12 100 1 100 1 1 1 1 1 1 1 1
ciInstanceKlass java/lang/CharSequence 1 1 131 11 100 12 1 1 1 18 12 1 1 100 1 10 100 12 1 1 1 18 10 100 12 1 1 1 11 12 1 1 11 100 1 11 12 1 1 10 100 12 1 1 1 11 12 1 1 100 1 10 12 1 1 10 100 12 1 1 1 100 1 10 10 12 1 1 100 1 1 1 1 1 1 1 1 1 1 1 1 1 1 1 1 1 1 1 1 1 1 1 1 1 1 1 1 1 1 1 1 1 16 1 15 11 12 16 15 11 12 15 10 100 12 1 1 1 1 1 100 1 100 1 1 100 1 1 100 1 100 1 1
ciInstanceKlass java/lang/constant/Constable 1 0 11 100 1 100 1 1 1 1 1 1 1
ciInstanceKlass java/lang/constant/ConstantDesc 1 0 37 100 1 100 1 1 1 1 100 1 1 1 1 100 1 100 1 100 1 100 1 100 1 100 1 100 1 100 1 100 1 1 100 1 100 1 1
ciInstanceKlass java/lang/String 1 1 1451 10 7 12 1 1 1 8 1 9 7 12 1 1 1 9 12 1 1 9 12 1 1 9 12 1 1 10 12 1 10 12 1 1 10 12 1 1 9 12 1 10 7 12 1 1 1 10 12 1 1 10 12 1 10 7 12 1 1 1 10 12 1 1 10 12 1 1 10 12 1 10 12 1 1 10 12 1 10 7 12 1 1 1 7 1 9 7 12 1 1 1 10 7 12 1 1 1 10 12 1 1 10 12 1 1 10 7 12 1 1 1 10 12 1 1 9 7 12 1 1 10 12 9 7 12 1 1 10 12 1 1 3 10 12 1 1 7 1 11 12 1 1 11 12 1 11 12 1 1 10 100 12 1 1 1 10 12 1 1 9 100 12 1 1 1 10 12 1 1 10 12 1 11 12 1 1 10 12 1 10 12 10 12 1 1 10 100 12 1 1 1 10 7 12 1 1 1 10 12 1 1 100 1 100 1 10 12 1 10 12 1 10 12 1 1 10 12 1 1 100 1 10 12 1 1 100 1 10 12 1 1 10 12 1 1 10 12 1 10 10 12 1 100 1 100 1 100 1 10 12 1 10 12 1 1 10 12 1 1 10 12 1 10 12 1 1 10 12 1 1 10 100 12 1 1 100 1 11 10 7 12 1 1 11 12 1 11 12 1 10 12 1 1 10 12 1 10 12 10 12 1 1 10 10 100 12 1 1 1 10 100 12 1 1 10 12 1 1 10 100 12 1 1 10 12 1 10 12 1 1 10 12 1 1 10 12 1 10 12 1 10 12 1 1 100 1 10 12 1 1 10 12 10 12 1 10 12 1 1 10 12 1 1 10 7 12 1 1 1 10 12 1 10 12 1 1 10 12 1 10 12 1 3 3 10 12 1 1 10 12 1 10 12 1 1 10 12 1 1 10 12 1 1 10 12 1 10 12 1 1 10 12 1 1 10 12 1 10 12 1 10 12 1 10 12 1 1 10 12 1 10 12 1 10 12 1 10 12 1 10 12 1 10 12 1 10 100 1 10 8 1 10 12 1 1 10 12 1 8 1 10 12 1 1 10 12 10 12 1 8 1 10 10 12 1 1 10 12 1 1 10 12 1 1 10 100 1 10 10 12 1 10 12 1 10 12 1 10 10 12 1 10 12 1 10 12 1 10 12 1 10 12 1 10 12 1 10 12 1 1 10 12 1 1 10 12 1 1 10 10 12 1 1 10 10 12 1 100 1 10 10 12 1 1 10 12 1 1 10 7 1 10 12 1 10 12 1 10 7 12 1 1 1 10 12 1 10 12 1 1 10 12 1 11 7 1 11 12 10 12 1 10 12 1 1 10 12 1 1 10 10 12 1 10 12 1 9 12 1 1 11 7 12 1 1 1 10 12 10 10 12 1 10 12 1 1 10 10 12 1 10 12 1 10 12 1 1 10 12 1 1 10 10 12 1 1 10 12 1 10 10 12 1 10 12 10 10 12 10 10 12 1 10 12 1 10 10 12 10 7 12 1 1 1 10 12 10 10 12 10 12 1 10 12 10 12 10 10 12 1 10 12 1 1 10 12 1 1 10 10 12 1 10 7 12 1 1 1 10 12 1 1 10 10 7 12 1 1 1 11 10 12 1 10 12 1 1 10 12 1 1 10 7 12 1 1 1 10 12 1 10 12 1 10 12 1 10 12 1 10 12 1 10 12 1 100 1 100 1 8 1 10 10 10 12 1 10 12 1 1 8 1 10 12 1 3 3 10 12 1 10 12 1 1 10 12 7 1 10 10 12 1 1 10 12 1 10 12 1 10 12 1 1 10 12 1 1 11 7 12 1 1 1 7 1 10 12 1 10 12 1 1 8 1 10 12 1 1 10 12 1 11 7 12 1 1 1 11 7 12 1 1 11 12 1 10 12 1 10 12 1 1 10 10 7 12 1 1 1 10 12 1 10 12 1 10 10 12 10 12 1 1 10 10 12 1 10 10 12 1 10 10 12 1 10 10 12 1 10 12 1 1 10 10 12 1 8 1 10 12 1 1 18 12 1 1 11 100 12 1 1 1 7 1 3 18 12 1 18 12 1 8 1 10 100 12 1 1 1 11 12 1 1 10 12 10 10 12 1 10 11 12 1 1 10 12 1 1 11 12 1 18 3 11 10 12 1 11 11 10 12 1 10 12 1 1 8 1 10 12 1 10 12 1 10 12 1 1 10 10 12 1 11 100 12 1 7 1 100 1 10 12 100 1 10 10 7 12 1 1 1 100 1 10 7 1 10 10 12 1 10 10 12 1 8 1 10 10 12 1 8 1 8 1 10 12 1 10 12 1 10 10 12 10 100 12 1 1 10 7 12 1 1 10 100 12 1 1 8 1 10 12 1 10 12 1 10 9 12 1 10 12 9 7 12 1 1 1 10 12 1 10 12 1 10 12 1 10 12 10 12 1 10 12 1 8 1 10 100 12 1 1 1 10 12 10 12 1 1 10 12 10 10 12 10 12 7 1 9 12 1 1 7 1 10 100 1 100 1 100 1 100 1 1 1 1 1 1 5 0 1 1 1 1 1 3 1 3 1 1 1 1 1 1 1 1 1 1 1 1 1 1 1 100 1 1 1 1 1 1 1 1 1 1 1 1 1 1 1 1 1 1 1 1 1 1 1 1 1 1 1 1 1 1 1 100 1 1 1 1 1 1 1 1 1 1 1 1 100 1 1 1 1 1 1 1 1 1 1 1 1 1 1 1 1 1 1 1 1 1 1 1 1 1 1 1 1 1 1 1 1 1 1 1 1 1 1 1 1 1 1 1 1 1 1 1 1 1 1 1 1 1 1 1 1 1 1 1 1 1 1 1 1 1 1 1 1 1 1 1 1 1 1 1 1 1 1 1 1 1 1 1 1 1 1 1 1 1 1 1 1 1 1 1 1 1 1 1 1 1 1 1 1 1 1 1 1 1 1 1 1 1 1 1 1 1 1 1 1 1 1 1 1 1 1 1 1 1 1 1 1 1 1 1 1 1 1 1 1 1 1 1 1 1 1 1 1 1 1 1 1 1 1 1 1 1 1 1 1 1 1 1 1 1 1 1 1 1 1 1 1 1 1 100 1 1 1 1 1 1 1 1 1 1 1 1 1 1 1 1 1 1 1 1 1 1 1 100 1 1 1 1 1 1 1 1 1 1 1 1 1 1 1 100 1 1 1 1 1 1 1 1 1 1 1 1 1 1 1 16 15 10 12 16 15 10 12 15 10 12 15 10 12 15 10 100 12 1 1 1 1 1 1 1 100 1 100 1 1 1
staticfield java/lang/String COMPACT_STRINGS Z 1
staticfield java/lang/String serialPersistentFields [Ljava/io/ObjectStreamField; 0 [Ljava/io/ObjectStreamField;
staticfield java/lang/String CASE_INSENSITIVE_ORDER Ljava/util/Comparator; java/lang/String$CaseInsensitiveComparator
ciInstanceKlass java/lang/reflect/AnnotatedElement 1 1 164 11 7 12 1 1 1 11 12 1 1 100 1 10 100 12 1 1 1 10 12 1 1 10 12 1 1 10 12 1 10 100 12 1 1 1 11 12 1 1 11 100 12 1 1 10 100 12 1 1 1 10 12 1 10 100 12 1 1 1 18 12 1 1 11 100 12 1 1 18 12 1 18 12 1 1 10 100 12 1 1 1 11 100 12 1 1 1 100 1 10 100 12 1 1 1 1 1 1 1 1 1 1 1 1 1 1 1 1 1 1 1 1 1 1 1 1 1 100 1 1 1 1 1 1 1 1 1 1 1 16 15 16 1 16 1 15 11 12 16 16 1 15 10 100 12 1 1 1 16 1 15 10 100 12 1 1 1 1 100 1 100 1 1
ciInstanceKlass java/lang/reflect/GenericDeclaration 1 0 30 100 1 100 1 100 1 1 1 1 1 1 1 1 100 1 8 1 1 12 10 1 1 1 8 1 1 1 8 1
ciInstanceKlass java/lang/reflect/Type 1 1 17 11 7 12 1 1 1 100 1 1 1 1 1 1 1 1 1
ciInstanceKlass java/lang/invoke/TypeDescriptor 1 0 17 100 1 100 1 1 1 1 1 1 100 1 100 1 1 1 1
ciInstanceKlass java/lang/invoke/TypeDescriptor$OfField 1 0 21 100 1 100 1 100 1 1 1 1 1 1 1 1 1 1 1 1 1 1 1
ciInstanceKlass java/lang/Class 1 1 1687 10 7 12 1 1 1 9 7 12 1 1 1 9 12 1 1 10 12 1 1 8 1 10 12 1 8 1 8 1 10 12 1 1 10 7 12 1 1 1 10 12 1 7 1 10 10 12 1 10 12 1 1 10 12 1 1 10 12 1 1 10 7 12 1 1 10 12 1 10 12 1 10 12 1 8 1 10 12 1 8 1 10 12 1 8 1 8 1 10 12 1 1 10 100 12 1 1 1 18 12 1 1 11 100 12 1 1 1 8 1 8 1 8 1 10 100 12 1 1 1 11 12 1 1 8 1 10 12 1 10 11 100 12 1 1 1 11 100 12 1 1 1 11 8 1 18 8 1 10 12 1 10 7 12 1 1 10 12 1 1 10 7 12 1 1 1 10 12 1 1 10 12 1 1 10 7 12 1 1 1 10 12 9 100 12 1 1 1 10 100 12 1 1 1 10 12 1 10 7 12 1 1 1 10 12 1 1 18 12 1 1 10 7 12 1 1 1 10 7 12 1 10 12 1 1 10 7 1 100 1 10 12 1 1 9 12 1 1 7 1 8 1 10 12 1 10 12 1 1 10 12 1 1 10 7 12 1 1 1 7 1 10 12 1 7 1 7 1 10 10 12 1 1 10 12 1 1 100 1 10 100 12 1 1 1 10 12 1 1 10 12 1 1 9 12 1 1 10 12 1 10 12 1 1 9 12 1 1 9 12 1 1 10 12 1 1 10 7 1 10 12 1 10 12 1 10 12 1 1 10 9 12 1 10 12 1 8 1 10 12 1 1 10 12 1 1 10 12 1 10 12 1 1 10 12 1 1 10 12 1 1 9 7 12 1 1 1 10 7 12 1 1 10 12 10 12 1 10 12 1 10 12 1 10 12 1 9 100 12 1 1 1 9 12 1 10 12 1 10 100 12 1 1 1 10 12 1 1 10 100 12 1 1 10 12 1 10 12 1 1 10 100 12 1 1 1 10 12 1 10 12 1 1 10 12 1 10 12 1 10 12 1 1 10 7 1 10 10 10 12 1 1 10 12 1 1 10 12 10 10 12 1 1 100 1 8 1 10 10 12 1 1 10 12 1 100 1 11 12 1 10 100 12 1 1 10 12 1 10 12 1 10 100 12 1 1 10 10 12 1 1 8 1 10 12 1 10 12 1 1 8 1 10 12 1 9 12 1 10 12 1 10 12 1 10 12 1 10 12 100 1 9 12 1 10 12 1 9 12 1 10 12 1 10 12 1 10 12 1 10 10 12 1 10 12 1 10 7 12 1 1 10 12 1 10 12 1 10 12 1 1 10 12 1 10 12 1 10 12 1 100 1 10 12 1 10 12 1 1 10 12 1 1 10 12 1 1 10 12 1 1 10 12 1 1 10 12 1 1 7 1 10 10 12 1 1 10 12 1 1 10 12 1 1 10 10 12 1 10 12 1 1 10 12 1 1 10 12 1 1 10 12 1 1 7 1 10 10 12 11 100 12 1 1 10 12 1 10 12 1 10 7 12 1 1 1 10 12 1 1 10 10 12 1 1 100 1 10 10 12 1 1 10 100 12 1 1 1 100 1 7 1 10 12 1 1 10 12 1 10 10 12 1 1 10 12 1 10 12 1 10 12 1 10 100 12 1 1 1 11 7 12 1 1 10 12 1 10 12 1 9 12 1 10 12 1 1 10 12 1 9 100 12 1 1 1 9 12 1 10 100 12 1 1 1 10 12 1 10 12 1 10 100 12 1 1 1 10 12 1 10 12 10 12 1 1 100 1 10 8 1 10 12 1 11 11 12 1 1 11 7 12 1 1 11 12 1 8 1 10 12 1 10 12 1 1 9 12 1 9 12 1 1 10 7 12 1 1 9 12 1 10 12 1 1 10 10 12 1 10 7 12 1 1 1 10 7 12 1 1 10 7 12 1 1 9 12 1 1 10 12 1 9 12 1 10 12 1 10 12 1 1 9 12 1 1 9 12 1 10 12 1 10 12 1 1 9 12 1 100 1 10 10 12 1 1 7 1 10 12 1 1 100 11 100 1 9 12 1 1 9 12 1 7 1 10 12 1 9 12 1 1 9 12 1 10 12 1 10 12 1 1 9 12 1 7 1 10 10 12 1 1 10 10 12 1 10 12 10 10 12 1 9 12 1 10 12 1 1 10 7 12 1 1 1 10 12 1 1 10 12 1 8 10 7 8 1 18 8 1 8 1 10 12 1 9 12 1 9 12 1 1 10 12 1 7 1 7 1 10 12 1 9 12 1 1 7 1 10 10 12 1 10 7 1 9 12 1 8 1 10 12 1 7 1 10 12 1 10 12 1 1 100 1 100 1 9 12 1 100 1 8 1 10 10 7 12 1 1 1 10 12 11 7 12 1 1 1 10 12 1 10 12 1 1 10 8 1 8 1 10 12 1 1 9 7 12 1 1 11 12 7 1 11 100 12 1 1 9 12 1 10 100 12 1 1 1 10 7 12 1 1 10 12 1 1 9 12 1 9 10 12 1 1 10 12 1 1 10 12 1 1 10 12 1 1 10 12 1 1 11 12 1 7 1 11 12 1 10 7 12 1 1 1 10 12 1 11 12 1 10 100 12 1 1 1 10 12 1 10 100 12 1 1 1 11 12 1 11 12 1 1 10 12 1 10 12 1 1 9 12 1 1 9 100 12 1 1 10 12 1 10 100 12 1 1 1 10 12 1 1 10 12 1 10 12 1 10 12 1 10 7 12 1 1 1 10 12 1 8 1 10 12 1 10 12 1 10 12 1 100 1 10 12 10 100 12 1 1 1 11 100 12 1 1 1 10 12 1 1 10 12 1 18 12 1 1 11 12 1 1 18 11 12 1 18 12 1 11 12 1 10 12 1 1 10 12 1 10 12 1 10 12 1 10 12 1 10 12 10 12 1 8 1 10 12 1 7 1 9 12 1 1 100 1 100 1 100 1 100 1 1 1 3 1 3 1 3 1 1 1 1 1 1 1 5 0 1 1 1 1 1 1 1 1 1 1 1 1 1 1 1 1 1 1 1 1 1 1 1 1 100 1 1 1 1 1 1 1 100 1 1 1 1 1 7 1 1 1 1 1 1 1 1 1 1 1 1 1 1 1 1 1 1 1 1 1 1 1 1 1 1 1 1 1 1 1 1 1 1 1 1 1 1 1 1 1 1 100 1 1 1 1 1 1 1 1 1 1 1 1 1 1 1 1 1 1 1 1 1 1 1 1 1 1 1 1 1 1 1 100 1 1 1 1 1 1 1 1 1 1 1 1 1 1 1 1 1 1 1 1 3 1 1 1 1 1 1 1 1 1 1 1 1 1 1 1 1 1 1 1 1 1 1 1 1 1 1 1 1 1 1 1 1 1 1 1 100 1 100 1 1 1 1 1 1 1 100 1 1 1 1 1 1 1 1 1 1 1 1 1 1 1 1 1 1 1 1 1 1 1 1 1 1 1 1 1 1 1 1 1 1 1 1 1 1 1 1 1 1 1 1 1 1 1 1 1 1 1 1 1 1 1 1 1 1 1 1 1 1 1 1 1 1 1 1 1 1 1 1 1 1 1 1 1 1 1 1 1 1 1 1 1 1 1 1 1 1 1 1 1 1 1 1 1 1 1 1 1 1 1 1 1 1 1 1 1 1 1 1 1 1 1 1 1 1 1 1 1 1 1 1 16 15 10 12 16 15 11 12 16 1 16 15 16 15 10 12 16 16 15 10 12 16 15 16 1 15 10 12 16 15 10 100 12 1 1 1 1 1 1 1 1 1 1 1 1 1 100 1 1 100 1 100 1 1 100 1 100 1 1 100 1 100 1 1
staticfield java/lang/Class EMPTY_CLASS_ARRAY [Ljava/lang/Class; 0 [Ljava/lang/Class;
staticfield java/lang/Class serialPersistentFields [Ljava/io/ObjectStreamField; 0 [Ljava/io/ObjectStreamField;
ciInstanceKlass java/lang/Cloneable 1 0 7 100 1 100 1 1 1
instanceKlass jdk/internal/reflect/DelegatingClassLoader
instanceKlass java/security/SecureClassLoader
ciInstanceKlass java/lang/ClassLoader 1 1 1108 9 7 12 1 1 1 10 7 12 1 1 1 9 12 1 1 10 7 12 1 1 1 7 1 10 12 1 1 10 12 1 1 9 12 1 1 10 12 1 1 100 1 10 12 1 10 12 1 1 10 7 12 1 1 1 100 1 8 1 10 12 1 10 7 12 1 1 1 10 100 12 1 10 7 1 10 7 1 7 1 7 1 10 12 1 10 12 1 9 12 1 1 10 10 7 12 1 1 1 9 12 1 1 9 12 1 9 12 1 1 9 12 1 9 12 1 1 9 12 1 1 7 1 10 12 1 9 12 1 1 10 12 1 1 10 7 12 1 1 1 9 12 1 9 12 1 1 9 12 1 10 12 1 1 9 12 10 12 1 1 7 1 10 8 1 10 12 1 1 10 12 1 10 7 1 7 1 10 12 1 1 10 100 12 1 1 1 8 1 10 12 1 10 12 1 10 12 1 1 10 12 1 1 10 12 1 1 10 12 1 1 10 12 1 1 10 12 1 100 1 10 12 1 10 100 12 1 1 1 10 12 1 1 10 12 1 10 12 1 10 12 1 10 12 1 10 12 1 1 10 10 12 1 10 12 1 10 100 12 1 1 10 12 1 1 10 12 1 1 10 12 1 100 1 10 12 1 100 1 10 12 1 10 100 12 1 1 1 10 10 12 1 1 10 12 1 1 100 1 8 1 10 8 1 10 12 1 10 12 1 100 1 8 1 10 12 1 1 10 12 1 1 10 10 12 1 1 10 12 1 1 10 12 1 1 10 7 1 10 12 1 1 10 12 1 1 10 12 1 1 10 12 1 1 10 12 1 1 10 12 1 1 10 12 1 10 7 12 1 1 1 10 12 1 10 12 1 10 12 1 1 10 12 1 10 12 1 10 12 1 10 12 1 1 10 12 1 10 12 1 1 8 1 9 12 1 10 12 1 1 8 1 8 1 10 7 12 1 1 100 1 10 10 12 10 12 1 10 12 1 10 12 1 10 12 1 1 10 7 12 1 1 10 12 1 10 7 1 7 1 10 12 1 1 10 12 1 10 7 1 10 12 1 100 1 18 12 1 10 100 12 1 1 1 10 100 12 1 1 1 10 7 12 1 1 10 12 1 10 12 1 100 1 10 12 1 8 1 10 10 12 1 1 10 12 1 10 12 1 1 100 1 10 12 1 10 12 1 1 10 7 12 1 1 10 12 1 8 1 100 1 10 10 12 1 9 12 1 10 7 12 1 1 10 12 1 100 1 8 1 10 12 1 10 8 1 8 1 10 12 1 1 10 12 1 1 10 12 1 1 10 100 12 1 1 100 1 100 1 10 12 1 1 100 1 100 1 10 100 12 1 1 10 12 1 10 12 1 1 10 12 1 10 12 1 1 10 12 1 1 9 100 12 1 1 1 10 12 1 1 10 12 1 10 12 1 10 12 1 1 10 12 1 8 1 7 1 18 12 1 1 10 12 1 1 10 12 1 10 12 1 10 12 1 8 1 10 12 1 10 12 1 18 12 1 11 100 12 1 1 1 100 1 10 12 1 1 10 12 1 10 11 12 1 1 10 18 10 12 1 1 11 100 12 1 18 12 1 11 12 1 1 10 12 10 12 1 1 10 12 1 1 100 1 8 1 10 10 12 1 8 1 8 1 10 100 12 1 1 10 12 1 100 1 10 10 12 1 8 1 8 1 8 1 10 12 1 10 12 1 1 10 12 1 10 100 12 1 1 1 11 100 12 1 1 100 1 10 11 10 12 1 10 12 1 10 12 1 1 9 100 12 1 1 9 12 1 1 9 12 9 12 1 9 12 1 9 12 1 8 10 12 1 1 10 7 12 1 1 1 10 12 1 1 10 12 1 1 10 12 1 10 10 12 1 11 12 1 1 10 100 12 1 1 1 100 1 10 12 1 10 12 1 10 12 1 1 1 1 1 1 1 1 1 1 1 1 1 1 1 1 1 1 1 1 1 1 1 1 1 1 1 1 100 1 1 1 1 1 1 1 1 1 1 1 1 1 1 1 1 1 1 1 1 1 100 1 1 1 1 1 1 1 1 1 1 100 1 1 1 1 1 1 1 1 1 1 1 1 1 1 1 1 1 1 1 1 1 1 1 1 1 1 1 1 1 1 1 1 1 1 1 1 1 1 1 1 1 100 1 1 1 1 1 1 1 1 1 1 1 1 1 1 1 1 1 1 1 100 1 1 1 1 1 1 1 1 1 1 1 1 1 1 1 1 1 1 1 1 1 1 1 1 1 1 1 1 1 1 1 1 1 1 1 1 1 1 1 1 1 1 1 1 1 1 1 1 1 1 100 1 1 1 1 1 1 1 1 1 1 1 1 1 1 1 1 1 1 1 1 1 1 1 1 1 1 1 1 1 1 1 1 1 1 1 1 1 1 1 1 1 1 1 1 1 1 16 1 15 10 12 16 1 16 15 10 12 16 1 16 1 15 10 12 16 15 10 12 16 15 10 12 16 15 10 100 12 1 1 1 1 1 100 1 100 1 1
staticfield java/lang/ClassLoader nocerts [Ljava/security/cert/Certificate; 0 [Ljava/security/cert/Certificate;
staticfield java/lang/ClassLoader $assertionsDisabled Z 1
ciInstanceKlass java/lang/System 1 1 834 10 100 12 1 1 1 9 7 12 1 1 1 10 12 1 10 12 1 1 10 12 1 1 10 12 1 9 12 1 1 10 7 12 1 1 1 11 100 12 1 1 1 10 100 12 1 1 1 10 12 1 1 10 12 1 1 100 1 8 1 10 12 1 10 100 12 1 1 1 10 100 12 1 1 1 18 12 1 1 10 100 12 1 1 1 100 1 10 12 1 1 10 100 12 1 1 1 10 12 1 10 7 12 1 1 1 9 100 12 1 1 1 10 100 12 1 1 1 11 7 12 1 1 1 10 12 1 1 10 100 12 1 1 1 100 1 10 10 12 1 1 8 1 10 12 1 8 1 10 12 1 9 12 1 1 8 1 10 7 12 1 1 1 10 12 1 1 100 1 8 1 10 9 12 1 1 8 1 10 12 1 1 10 100 12 1 1 1 8 1 10 12 1 100 1 10 12 1 8 1 10 12 1 10 12 1 1 100 1 10 12 10 12 1 9 12 1 1 9 12 1 1 10 7 12 1 1 1 10 7 12 1 1 1 10 12 1 1 10 12 1 10 12 1 10 7 12 1 1 1 10 12 1 100 1 100 1 8 1 10 12 1 10 12 1 1 7 1 10 12 1 100 1 8 1 10 10 12 1 100 1 8 1 10 8 1 10 7 12 1 1 8 1 10 12 100 1 8 1 10 10 12 1 1 10 100 12 1 1 1 100 1 18 12 1 100 1 9 100 12 1 1 1 10 12 1 100 1 10 12 1 1 10 12 1 1 10 7 12 1 1 1 10 12 1 1 10 12 1 10 12 1 10 12 1 1 10 12 1 7 1 10 12 1 9 7 12 1 1 1 10 7 12 1 1 1 10 12 1 10 12 1 10 7 12 1 1 1 100 1 8 1 10 9 12 1 9 12 1 10 12 1 10 100 12 1 1 10 12 1 10 12 1 1 8 1 10 12 1 1 8 1 11 12 1 10 12 11 12 1 1 11 7 12 1 1 1 11 7 12 1 1 11 12 1 1 7 1 11 12 1 10 12 1 8 1 10 12 1 1 8 1 8 1 8 1 8 1 11 12 1 10 12 1 10 12 1 10 12 1 8 1 10 12 1 1 8 1 9 12 1 8 1 10 7 12 1 1 8 1 7 1 9 7 12 1 1 1 10 12 1 7 1 9 12 10 9 12 7 1 10 12 9 12 1 1 8 1 10 12 1 1 8 1 10 7 12 1 1 10 12 1 10 12 1 1 11 7 12 1 1 10 12 10 7 12 1 1 1 9 12 1 1 100 1 8 1 10 12 1 1 10 7 12 1 1 1 7 1 10 12 1 1 10 12 1 8 1 8 1 10 8 1 8 1 8 1 8 1 10 10 7 12 1 1 10 12 1 10 12 1 1 10 12 1 1 10 12 1 10 100 12 1 1 1 10 100 1 8 1 10 10 10 12 1 1 10 12 1 1 8 1 10 12 1 8 1 8 1 10 12 1 10 7 12 1 1 1 10 12 1 1 7 1 10 10 12 1 10 12 1 9 12 1 1 3 1 3 1 1 1 1 1 1 1 1 1 1 1 1 100 1 1 100 1 1 1 1 1 1 1 1 1 1 1 100 1 100 1 1 1 1 1 1 1 1 1 1 1 1 1 1 1 1 1 1 1 1 1 1 1 1 1 1 1 1 1 1 1 1 1 1 1 1 1 1 1 1 1 1 1 1 1 1 1 1 1 1 1 1 1 1 1 1 1 1 100 1 1 1 1 1 1 1 1 1 1 1 1 1 1 1 1 1 1 1 1 1 1 1 1 1 1 1 1 1 1 1 1 1 100 1 1 16 15 10 12 1 1 16 15 10 12 16 1 15 10 100 12 1 1 1 1 1 1 1 1 1 100 1 100 1 1
staticfield java/lang/System in Ljava/io/InputStream; java/io/BufferedInputStream
staticfield java/lang/System out Ljava/io/PrintStream; org/fusesource/jansi/AnsiPrintStream
staticfield java/lang/System err Ljava/io/PrintStream; org/fusesource/jansi/AnsiPrintStream
instanceKlass java/lang/Exception
instanceKlass java/lang/Error
ciInstanceKlass java/lang/Throwable 1 1 404 10 7 12 1 1 1 9 7 12 1 1 1 9 12 1 1 9 12 1 9 12 1 1 9 12 1 10 12 1 1 9 12 1 1 10 12 1 1 10 12 1 100 1 7 1 10 8 1 10 12 1 1 8 1 10 100 12 1 1 10 10 12 1 100 1 8 1 10 10 12 1 1 10 7 12 1 1 10 12 1 8 1 9 100 12 1 1 1 10 12 1 1 100 1 10 12 10 12 1 10 100 12 1 1 1 100 1 10 12 10 12 1 10 12 1 100 1 10 10 7 12 1 1 1 11 100 12 1 1 1 10 12 1 1 10 12 1 1 8 1 10 12 1 10 12 1 1 8 1 8 1 10 12 1 1 10 12 1 8 1 8 1 9 12 1 1 10 12 1 1 100 1 10 11 12 1 8 1 8 1 10 7 12 1 1 8 1 10 12 1 8 1 100 1 10 12 1 9 12 1 1 10 12 1 10 100 12 1 9 12 1 1 10 12 1 1 100 1 8 1 10 12 1 10 100 12 1 1 10 12 1 1 100 1 10 100 12 1 1 1 10 12 1 11 100 12 1 1 1 11 100 12 1 1 11 12 1 8 1 10 12 1 1 8 1 10 10 9 100 12 1 1 1 8 1 10 12 1 1 11 10 100 1 8 1 10 11 12 1 1 8 1 9 12 1 10 100 12 1 1 11 9 12 1 1 11 12 1 1 100 10 12 1 10 12 1 1 100 1 1 1 1 5 0 1 1 1 1 1 1 1 1 1 1 1 1 1 100 1 1 1 1 1 1 1 1 1 1 1 1 1 1 1 1 1 1 1 1 1 1 1 1 1 1 1 1 1 1 1 1 1 1 1 1 1 1 1 1 1 1 1 1 100 1 100 1 1 1 1 1 1 1 1 1 1 1 1 1 1 1 1 1 1
staticfield java/lang/Throwable UNASSIGNED_STACK [Ljava/lang/StackTraceElement; 0 [Ljava/lang/StackTraceElement;
staticfield java/lang/Throwable SUPPRESSED_SENTINEL Ljava/util/List; java/util/Collections$EmptyList
staticfield java/lang/Throwable EMPTY_THROWABLE_ARRAY [Ljava/lang/Throwable; 0 [Ljava/lang/Throwable;
staticfield java/lang/Throwable $assertionsDisabled Z 1
instanceKlass kotlin/jvm/KotlinReflectionNotSupportedError
instanceKlass com/google/common/util/concurrent/ExecutionError
instanceKlass java/lang/ThreadDeath
instanceKlass java/util/ServiceConfigurationError
instanceKlass kotlin/NotImplementedError
instanceKlass java/io/IOError
instanceKlass java/lang/AssertionError
instanceKlass java/lang/VirtualMachineError
instanceKlass java/lang/LinkageError
ciInstanceKlass java/lang/Error 1 1 40 10 7 12 1 1 1 10 12 1 10 12 1 10 12 1 10 12 1 100 1 1 1 1 5 0 1 1 1 1 1 1 1 1 1 1 1 1 1 1
instanceKlass java/net/URISyntaxException
instanceKlass morfologik/stemming/UnmappableInputException
instanceKlass javax/measure/IncommensurableException
instanceKlass java/util/concurrent/TimeoutException
instanceKlass javax/xml/bind/JAXBException
instanceKlass javax/xml/transform/TransformerException
instanceKlass java/util/concurrent/ExecutionException
instanceKlass org/xml/sax/SAXException
instanceKlass javax/xml/parsers/ParserConfigurationException
instanceKlass java/lang/CloneNotSupportedException
instanceKlass java/lang/InterruptedException
instanceKlass java/sql/SQLException
instanceKlass java/text/ParseException
instanceKlass sun/nio/fs/WindowsException
instanceKlass java/security/PrivilegedActionException
instanceKlass java/io/IOException
instanceKlass java/lang/ReflectiveOperationException
instanceKlass java/lang/RuntimeException
ciInstanceKlass java/lang/Exception 1 1 40 10 7 12 1 1 1 10 12 1 10 12 1 10 12 1 10 12 1 100 1 1 1 1 5 0 1 1 1 1 1 1 1 1 1 1 1 1 1 1
instanceKlass java/util/concurrent/CompletionException
instanceKlass io/grpc/StatusRuntimeException
instanceKlass com/carrotsearch/hppc/BufferAllocationException
instanceKlass java/util/EmptyStackException
instanceKlass java/io/UncheckedIOException
instanceKlass kotlin/NoWhenBranchMatchedException
instanceKlass java/util/ConcurrentModificationException
instanceKlass org/eclipse/lsp4j/jsonrpc/ResponseErrorException
instanceKlass org/eclipse/lsp4j/jsonrpc/JsonRpcException
instanceKlass org/eclipse/lsp4j/jsonrpc/MessageIssueException
instanceKlass com/google/gson/JsonParseException
instanceKlass org/apache/commons/lang3/exception/CloneFailedException
instanceKlass javax/measure/MeasurementException
instanceKlass org/languagetool/rules/patterns/StringMatcher$TooComplexRegexp
instanceKlass com/google/common/cache/CacheLoader$InvalidCacheLoadException
instanceKlass com/google/common/util/concurrent/UncheckedExecutionException
instanceKlass com/sun/org/apache/xerces/internal/xni/XNIException
instanceKlass net/loomchild/segment/util/ResourceNotFoundException
instanceKlass net/loomchild/segment/util/IORuntimeException
instanceKlass org/apache/commons/logging/LogConfigurationException
instanceKlass net/loomchild/segment/util/XmlException
instanceKlass java/util/concurrent/RejectedExecutionException
instanceKlass org/languagetool/ErrorRateTooHighException
instanceKlass java/lang/reflect/UndeclaredThrowableException
instanceKlass java/util/MissingResourceException
instanceKlass java/util/NoSuchElementException
instanceKlass java/lang/IndexOutOfBoundsException
instanceKlass picocli/CommandLine$PicocliException
instanceKlass java/lang/SecurityException
instanceKlass kotlin/UninitializedPropertyAccessException
instanceKlass java/lang/IllegalStateException
instanceKlass java/lang/UnsupportedOperationException
instanceKlass java/lang/IllegalArgumentException
instanceKlass java/lang/ArithmeticException
instanceKlass java/lang/NullPointerException
instanceKlass java/lang/IllegalMonitorStateException
instanceKlass java/lang/ArrayStoreException
instanceKlass java/lang/ClassCastException
ciInstanceKlass java/lang/RuntimeException 1 1 40 10 7 12 1 1 1 10 12 1 10 12 1 10 12 1 10 12 1 100 1 1 1 1 5 0 1 1 1 1 1 1 1 1 1 1 1 1 1 1
ciInstanceKlass java/lang/SecurityManager 0 0 576 10 100 12 1 1 1 9 100 12 1 1 1 10 100 12 1 1 1 100 1 8 1 10 12 1 10 12 1 1 10 100 12 1 1 1 10 100 1 10 100 1 10 9 100 12 1 1 1 10 100 12 1 1 1 10 12 1 1 10 100 12 1 1 100 1 8 1 10 9 12 1 1 9 12 1 8 1 9 12 1 100 1 10 8 1 10 12 1 1 10 12 1 10 12 1 1 100 1 10 10 12 1 1 100 1 8 1 10 12 1 8 1 8 1 8 1 8 1 8 1 8 1 10 12 1 8 1 8 1 8 1 8 1 8 1 10 100 12 1 1 1 10 12 1 1 8 1 100 1 8 1 10 8 1 8 1 8 1 8 1 8 1 10 100 12 1 1 8 1 100 1 8 1 8 1 10 8 1 10 12 1 100 1 8 1 10 10 12 1 1 10 12 1 10 12 1 10 12 1 10 100 12 1 1 1 10 12 1 10 100 12 1 1 11 100 12 1 1 1 18 12 1 1 11 100 12 1 1 1 18 12 1 1 11 12 1 1 18 18 11 12 1 18 12 1 11 12 1 1 9 12 1 1 9 12 1 9 12 1 9 12 1 100 1 10 100 12 1 1 10 12 1 10 12 1 18 12 1 18 10 100 12 1 1 1 18 12 1 10 12 1 18 18 8 1 10 12 1 9 12 1 1 11 100 12 1 1 1 8 1 100 1 10 12 1 10 12 1 1 10 12 1 1 9 12 1 1 10 12 1 10 12 1 1 8 1 100 1 10 9 12 1 8 1 10 12 1 8 1 100 1 10 10 100 12 1 1 10 100 1 9 100 12 1 1 1 11 12 1 1 10 12 1 11 12 1 10 12 1 100 1 10 10 12 1 1 10 12 1 1 1 1 1 1 1 1 1 1 1 100 1 1 1 1 1 1 1 1 1 1 1 1 1 1 1 1 1 1 1 1 1 1 1 1 1 1 1 1 1 1 1 1 1 1 1 1 1 1 1 1 1 1 1 1 1 1 1 1 1 1 1 1 1 1 1 1 3 1 1 1 1 1 1 1 1 1 1 100 1 1 1 1 1 1 1 1 1 1 1 1 1 1 1 1 1 1 1 1 1 1 1 1 1 1 1 1 1 1 1 1 1 1 1 1 1 1 16 15 10 100 12 1 1 1 16 1 16 15 10 12 16 1 15 10 12 16 15 11 100 1 16 1 16 1 15 10 12 16 15 10 12 16 15 10 12 1 16 1 15 11 12 1 15 10 12 16 15 10 16 1 15 10 100 12 1 1 1 1 1 1 100 1 100 1 1
ciInstanceKlass java/security/ProtectionDomain 1 1 348 10 7 12 1 1 1 9 7 12 1 1 1 7 1 10 9 12 1 1 9 12 1 1 9 12 1 1 10 7 12 1 1 7 1 9 12 1 9 12 1 1 7 1 9 12 1 1 9 12 1 10 100 12 1 1 10 100 12 1 1 1 10 12 1 1 10 12 1 9 12 1 9 100 12 1 1 10 12 1 1 10 100 1 10 12 1 1 8 1 100 1 8 1 10 12 1 10 11 10 100 12 1 1 1 10 12 1 1 8 1 11 8 1 10 12 1 8 1 8 1 10 12 1 1 10 12 1 10 12 1 1 10 12 1 8 1 10 12 1 8 1 8 1 10 100 12 1 1 1 9 100 12 1 1 1 10 12 1 1 9 100 12 1 1 1 10 100 12 1 1 1 100 1 18 12 1 1 10 100 12 1 1 1 10 100 1 10 12 1 10 12 1 1 11 100 12 1 1 11 12 1 100 1 11 100 12 1 1 1 10 12 1 10 11 12 1 1 11 12 1 1 10 12 1 10 7 12 1 1 10 100 12 1 1 11 12 1 10 12 10 12 1 8 1 8 1 10 7 12 1 1 1 7 1 10 10 7 12 1 1 1 1 1 1 1 1 1 1 100 1 1 100 1 1 1 1 1 1 1 1 1 1 1 1 1 1 1 1 1 1 1 1 1 1 1 1 1 1 1 1 1 1 1 1 1 1 1 1 1 1 1 1 1 1 1 1 100 1 1 1 1 1 1 100 1 1 16 15 10 12 16 15 10 100 12 1 1 1 1 1 1 1 100 1 100 1 1
staticfield java/security/ProtectionDomain filePermCompatInPD Z 0
ciInstanceKlass java/security/AccessControlContext 1 1 374 9 7 12 1 1 1 9 12 1 1 10 100 12 1 1 1 8 1 10 100 12 1 1 1 10 7 12 1 1 1 9 12 1 9 12 1 1 9 12 1 1 10 7 12 1 1 100 1 10 12 1 11 100 12 1 1 1 11 12 1 11 12 1 11 12 1 1 7 1 11 12 1 1 10 12 1 10 7 12 1 1 1 9 100 12 1 1 1 10 100 12 1 1 1 11 100 12 1 1 1 10 7 1 100 1 8 1 10 12 1 10 12 1 1 7 1 10 7 12 1 1 1 9 12 1 9 12 1 9 12 1 9 12 1 1 9 12 1 1 9 12 1 9 12 1 10 7 12 1 1 1 9 12 1 10 12 1 1 10 12 1 1 8 1 10 12 1 1 10 12 1 1 10 100 12 1 1 1 100 1 10 10 12 1 1 10 100 12 1 1 1 10 8 1 10 100 12 1 1 8 1 10 100 12 1 1 8 1 8 1 10 12 1 8 1 10 12 1 8 1 10 12 1 10 12 1 10 12 1 1 8 1 8 1 100 1 10 12 1 10 12 1 1 100 1 10 12 1 8 1 10 12 1 10 12 1 10 8 1 10 12 1 1 10 12 1 1 10 12 1 1 10 12 1 1 10 12 1 10 12 1 11 10 12 1 10 12 1 1 10 10 10 12 1 1 1 1 1 1 1 1 1 1 1 1 1 1 1 1 1 1 1 1 1 1 1 1 100 1 1 1 1 1 1 1 1 1 1 1 1 1 1 1 1 1 1 1 1 1 1 1 1 1 1 1 1 1 1 1 1 1 1 1 1 1 1 1 1 1 1 1 1 1 1 1 1 1 1 1 1 3 1 1
ciInstanceKlass java/security/AccessController 1 1 295 10 100 12 1 1 1 10 7 12 1 1 1 10 7 12 1 1 1 10 12 1 1 10 12 1 1 10 7 12 1 1 1 10 12 1 1 10 12 1 10 12 1 1 10 12 1 100 1 8 1 10 12 1 10 12 1 10 12 1 1 10 12 1 7 1 7 1 10 12 1 1 10 12 1 10 12 1 10 12 1 1 10 7 12 1 1 1 10 12 1 1 9 100 12 1 1 1 10 100 12 1 1 1 10 12 1 10 12 1 9 100 12 1 1 1 10 12 1 10 12 1 1 9 12 1 1 10 100 1 10 11 7 12 1 1 1 10 7 12 1 1 11 7 1 7 1 10 12 1 10 12 1 10 12 1 8 1 10 12 1 1 8 1 10 100 12 1 1 1 8 1 100 1 10 10 12 1 1 10 12 1 10 7 12 1 1 1 10 12 1 8 1 10 100 12 1 1 8 1 8 1 10 12 1 8 1 10 12 1 10 12 1 1 10 12 1 1 1 1 1 1 1 1 1 1 1 1 1 1 1 1 1 1 1 1 1 1 1 1 1 1 1 1 100 1 1 1 1 1 1 1 1 1 1 1 1 1 1 1 1 1 1 1 1 1 1 1 1 1 1 1 1 1 1 1 1 1 1 100 1 100 1 1 1 1 1 1 1 1 1 3 1 1 1
staticfield java/security/AccessController $assertionsDisabled Z 1
instanceKlass jdk/internal/loader/BuiltinClassLoader
ciInstanceKlass java/security/SecureClassLoader 1 1 102 10 7 12 1 1 1 7 1 10 12 1 9 7 12 1 1 1 10 12 1 10 12 1 10 12 1 1 10 12 1 1 10 12 1 7 1 10 7 1 10 12 1 7 1 10 12 1 11 7 12 1 1 1 7 1 11 12 1 10 12 1 1 1 1 1 1 1 1 1 1 1 1 1 1 1 1 1 1 1 1 1 1 1 1 1 1 1 1 1 1 1 1 1 1 1 1 100 1 1 1 1
instanceKlass java/lang/InstantiationException
instanceKlass java/lang/IllegalAccessException
instanceKlass java/lang/reflect/InvocationTargetException
instanceKlass java/lang/NoSuchFieldException
instanceKlass java/lang/NoSuchMethodException
instanceKlass java/lang/ClassNotFoundException
ciInstanceKlass java/lang/ReflectiveOperationException 1 1 34 10 7 12 1 1 1 10 12 1 10 12 1 10 12 1 100 1 1 1 1 5 0 1 1 1 1 1 1 1 1 1 1 1
ciInstanceKlass java/lang/ClassNotFoundException 1 1 96 7 1 10 7 12 1 1 1 10 12 1 10 12 1 1 10 100 12 1 1 1 8 1 10 100 12 1 1 1 10 7 12 1 1 10 100 12 1 1 1 10 100 12 1 1 1 10 12 1 1 7 1 10 12 1 9 12 1 1 1 1 1 5 0 1 1 1 1 1 1 1 1 1 1 1 1 1 1 1 1 1 1 100 1 1 1 1 1 1 1 1 1 1 1 1
staticfield java/lang/ClassNotFoundException serialPersistentFields [Ljava/io/ObjectStreamField; 1 [Ljava/io/ObjectStreamField;
instanceKlass java/lang/reflect/Executable$ParameterData
instanceKlass java/util/stream/Collectors$CollectorImpl
instanceKlass sun/security/pkcs/SignerInfo$AlgorithmInfo
instanceKlass jdk/internal/misc/ThreadTracker$ThreadRef
instanceKlass java/lang/reflect/Proxy$ProxyBuilder$ProxyClassContext
instanceKlass java/nio/DirectByteBuffer$Deallocator
instanceKlass java/security/SecureClassLoader$CodeSourceKey
instanceKlass jdk/internal/reflect/ReflectionFactory$Config
instanceKlass jdk/internal/foreign/abi/UpcallLinker$CallRegs
instanceKlass jdk/internal/foreign/abi/VMStorage
ciInstanceKlass java/lang/Record 1 1 22 10 7 12 1 1 1 100 1 1 1 1 1 1 1 1 1 1 1 1 1 1
instanceKlass java/lang/IncompatibleClassChangeError
instanceKlass java/lang/UnsatisfiedLinkError
instanceKlass java/lang/BootstrapMethodError
instanceKlass java/lang/NoClassDefFoundError
ciInstanceKlass java/lang/LinkageError 1 1 31 10 7 12 1 1 1 10 12 1 10 12 1 100 1 1 1 1 5 0 1 1 1 1 1 1 1 1 1 1 1
ciInstanceKlass java/lang/NoClassDefFoundError 1 1 26 10 7 12 1 1 1 10 12 1 100 1 1 1 1 5 0 1 1 1 1 1 1 1 1 1
ciInstanceKlass java/lang/ClassCastException 1 1 26 10 100 12 1 1 1 10 12 1 100 1 1 1 1 5 0 1 1 1 1 1 1 1 1 1
ciInstanceKlass java/lang/ArrayStoreException 1 1 26 10 100 12 1 1 1 10 12 1 100 1 1 1 1 5 0 1 1 1 1 1 1 1 1 1
instanceKlass java/lang/StackOverflowError
instanceKlass java/lang/OutOfMemoryError
instanceKlass java/lang/InternalError
ciInstanceKlass java/lang/VirtualMachineError 1 1 34 10 100 12 1 1 1 10 12 1 10 12 1 10 12 1 100 1 1 1 1 5 0 1 1 1 1 1 1 1 1 1 1 1
ciInstanceKlass java/lang/InternalError 0 0 34 10 100 12 1 1 1 10 12 1 10 12 1 10 12 1 100 1 1 1 1 5 0 1 1 1 1 1 1 1 1 1 1 1
ciInstanceKlass java/lang/OutOfMemoryError 1 1 26 10 100 12 1 1 1 10 12 1 100 1 1 1 1 5 0 1 1 1 1 1 1 1 1 1
ciInstanceKlass java/lang/StackOverflowError 1 1 26 10 100 12 1 1 1 10 12 1 100 1 1 1 1 5 0 1 1 1 1 1 1 1 1 1
ciInstanceKlass java/lang/IllegalMonitorStateException 1 1 26 10 100 12 1 1 1 10 12 1 100 1 1 1 1 5 0 1 1 1 1 1 1 1 1 1
instanceKlass java/lang/ref/PhantomReference
instanceKlass java/lang/ref/FinalReference
instanceKlass java/lang/ref/WeakReference
instanceKlass java/lang/ref/SoftReference
ciInstanceKlass java/lang/ref/Reference 1 1 190 9 7 12 1 1 1 9 7 12 1 1 10 12 1 1 10 12 1 1 9 12 1 1 10 12 1 1 9 12 1 1 9 12 1 1 7 1 10 12 1 10 7 12 1 1 10 12 1 10 12 1 1 10 12 1 7 1 8 1 10 12 1 1 7 1 10 12 1 1 10 12 1 1 10 12 1 9 12 1 10 12 1 1 10 12 1 10 12 1 9 12 1 100 1 100 1 10 12 9 12 1 9 12 1 100 1 10 10 12 1 10 10 7 12 1 1 7 1 10 10 7 12 1 1 1 1 1 1 1 1 1 1 1 1 1 1 1 1 1 1 1 100 1 1 1 100 1 1 1 1 1 1 1 1 1 1 1 1 1 1 1 1 1 1 1 1 1 1 1 1 1 1 1 1 1 1 1 1 1 1 1 100 1 100 1 100 1 1 1
staticfield java/lang/ref/Reference processPendingLock Ljava/lang/Object; java/lang/Object
staticfield java/lang/ref/Reference $assertionsDisabled Z 1
instanceKlass sun/util/locale/provider/LocaleResources$ResourceReference
instanceKlass sun/util/resources/Bundles$BundleReference
instanceKlass java/util/ResourceBundle$BundleReference
instanceKlass sun/security/util/MemoryCache$SoftCacheEntry
instanceKlass java/lang/invoke/LambdaFormEditor$Transform
instanceKlass sun/util/locale/LocaleObjectCache$CacheEntry
ciInstanceKlass java/lang/ref/SoftReference 1 1 47 10 7 12 1 1 1 9 7 12 1 1 1 9 12 1 10 12 1 10 12 1 1 1 1 1 1 1 1 1 1 1 1 1 1 1 1 1 1 1 1 100 1 1 1 1 1
instanceKlass com/google/common/collect/MapMakerInternalMap$AbstractWeakKeyEntry
instanceKlass java/util/logging/LogManager$LoggerWeakRef
instanceKlass java/util/logging/Level$KnownLevel
instanceKlass java/util/ResourceBundle$KeyElementReference
instanceKlass org/apache/commons/logging/impl/WeakHashtable$WeakKey
instanceKlass java/lang/WeakPairMap$WeakRefPeer
instanceKlass java/lang/ClassValue$Entry
instanceKlass jdk/internal/util/WeakReferenceKey
instanceKlass java/lang/ThreadLocal$ThreadLocalMap$Entry
instanceKlass java/util/WeakHashMap$Entry
ciInstanceKlass java/lang/ref/WeakReference 1 1 31 10 7 12 1 1 1 10 12 1 100 1 1 1 1 1 1 1 1 1 1 1 1 1 1 1 1 1 1 1 1
instanceKlass java/lang/ref/Finalizer
ciInstanceKlass java/lang/ref/FinalReference 1 1 50 10 100 12 1 1 1 10 100 12 1 1 1 10 12 1 1 100 1 8 1 10 12 1 1 1 1 1 1 1 1 1 1 1 1 1 1 1 1 1 1 1 1 1 1 1 1 1 100 1
instanceKlass jdk/internal/ref/PhantomCleanable
instanceKlass jdk/internal/ref/Cleaner
ciInstanceKlass java/lang/ref/PhantomReference 1 1 39 10 100 12 1 1 1 10 7 12 1 1 1 1 1 1 1 1 1 1 1 1 1 1 1 1 1 1 1 1 1 1 1 1 1 1 1 1 1
ciInstanceKlass java/lang/ref/Finalizer 1 1 155 9 7 12 1 1 1 10 100 12 1 1 1 9 12 1 1 9 12 1 1 9 12 1 9 12 1 9 12 1 1 10 12 1 100 1 8 1 10 12 1 10 12 1 1 9 12 1 100 1 10 12 1 100 1 11 100 12 1 1 10 12 1 100 1 10 12 1 100 1 10 12 1 10 100 12 1 1 1 10 100 12 1 1 1 100 1 10 10 12 1 7 1 10 12 1 7 1 10 12 1 1 10 12 1 1 10 12 1 10 7 12 1 1 1 7 1 10 7 1 10 10 12 1 1 1 1 1 1 1 1 1 1 1 1 1 1 1 1 1 1 1 1 1 1 1 1 1 1 1 1 1 1 1 1
staticfield java/lang/ref/Finalizer lock Ljava/lang/Object; java/lang/Object
staticfield java/lang/ref/Finalizer ENABLED Z 1
staticfield java/lang/ref/Finalizer $assertionsDisabled Z 1
ciInstanceKlass java/lang/Runnable 1 0 11 100 1 100 1 1 1 1 1 1 1
instanceKlass java/util/logging/LogManager$Cleaner
instanceKlass jdk/internal/misc/InnocuousThread
instanceKlass java/util/concurrent/ForkJoinWorkerThread
instanceKlass java/lang/ref/Finalizer$FinalizerThread
instanceKlass java/lang/ref/Reference$ReferenceHandler
instanceKlass java/lang/BaseVirtualThread
ciInstanceKlass java/lang/Thread 1 1 870 10 7 12 1 1 1 9 12 1 1 10 7 12 1 1 10 12 1 10 100 12 1 1 100 1 8 1 10 12 1 1 9 12 1 9 12 1 1 9 12 1 1 7 1 10 12 1 1 10 12 1 10 7 12 1 1 1 10 12 9 12 1 1 10 12 1 100 1 10 12 1 100 1 8 1 10 9 7 12 1 1 1 10 12 1 1 10 12 1 1 10 12 1 1 10 12 1 10 12 1 1 3 8 1 100 1 5 0 10 7 12 1 1 1 9 12 1 10 12 1 1 10 7 12 1 1 1 10 7 12 1 1 1 10 12 1 1 10 12 1 1 9 12 1 1 10 100 1 8 1 10 7 1 10 12 1 9 12 1 1 10 100 12 1 1 1 10 10 12 1 1 9 100 12 1 1 1 10 12 1 1 10 12 1 1 10 7 12 1 1 10 12 1 10 12 1 10 7 12 1 1 9 12 1 10 7 12 1 1 1 10 12 1 1 9 12 1 1 9 12 1 1 10 7 12 1 1 1 9 12 1 1 10 100 12 1 1 10 100 12 1 1 1 10 12 1 10 12 1 10 7 12 1 1 9 12 1 8 1 9 100 12 1 1 9 12 1 1 5 0 100 1 10 100 1 10 100 1 10 7 1 10 8 1 10 12 1 1 10 7 12 1 10 12 1 10 12 1 100 1 8 1 10 10 12 1 10 12 1 1 10 100 12 1 1 1 10 100 12 1 1 1 10 12 1 7 1 9 12 1 1 100 1 10 10 12 1 9 12 1 1 10 12 1 1 10 12 1 1 10 12 1 10 12 1 9 12 1 1 10 10 12 1 1 10 12 1 1 11 7 12 1 1 10 7 12 1 1 9 12 1 9 12 1 1 9 12 1 1 10 100 12 1 1 10 12 1 1 9 7 12 1 1 1 10 7 12 1 1 10 12 1 10 12 1 100 1 10 10 12 9 12 1 1 10 12 1 11 100 12 1 1 10 12 1 10 12 1 10 12 1 9 12 1 10 10 12 1 10 12 1 1 9 12 1 9 12 10 12 1 8 1 10 12 1 10 12 1 10 12 1 10 12 1 10 12 1 1 10 12 1 10 12 1 1 10 12 1 10 12 1 10 12 1 10 12 1 10 12 1 1 9 7 12 1 1 1 8 1 10 9 12 1 10 12 1 100 1 8 1 10 10 12 1 8 1 10 12 1 1 9 12 10 12 8 1 10 10 12 1 10 12 1 8 1 10 12 1 10 8 1 10 100 12 1 1 10 12 1 1 100 1 8 1 10 9 12 1 9 12 1 1 10 12 1 1 10 10 12 1 10 12 1 100 10 7 12 1 1 1 9 12 1 10 12 1 1 10 12 1 1 10 100 12 1 1 1 11 100 12 1 1 1 9 100 12 1 1 1 10 100 12 1 1 1 100 1 10 12 1 100 1 10 12 1 10 12 1 1 10 12 1 1 8 1 9 12 1 10 12 1 10 12 1 1 11 100 12 1 1 1 10 12 1 1 1 1 3 1 3 1 3 1 3 1 1 1 1 1 1 1 1 1 1 1 1 1 1 1 1 1 1 1 1 1 100 1 1 1 1 1 1 1 1 1 1 1 1 1 1 1 1 1 1 1 1 1 1 100 1 1 1 1 1 1 1 1 1 1 1 1 1 1 1 1 100 1 100 1 1 1 1 1 1 1 1 1 1 1 1 1 1 1 1 1 1 1 1 1 1 1 1 1 1 1 1 1 1 1 1 1 1 1 1 1 1 1 1 1 1 1 1 1 1 1 1 1 1 1 1 1 1 1 1 1 1 1 1 1 1 1 1 1 1 1 1 1 1 1 1 1 1 1 1 100 100 1 1 1 1 1 1 1 1 1 1 1 1 1 1 1 1 1 1 1 1 1 1 1 1 1 1 100 1 100 1 100 1 100 1 100 1 1 100 1 1 1 1 1 1 1 1 1 1 1 1 1 1 1
staticfield java/lang/Thread NEW_THREAD_BINDINGS Ljava/lang/Object; java/lang/Class
staticfield java/lang/Thread EMPTY_STACK_TRACE [Ljava/lang/StackTraceElement; 0 [Ljava/lang/StackTraceElement;
ciInstanceKlass java/lang/Thread$FieldHolder 1 1 48 10 7 12 1 1 1 9 7 12 1 1 1 9 12 1 1 9 12 1 1 9 12 1 1 9 12 1 1 1 1 1 1 1 1 1 1 100 1 100 1 1 1 1 100 1 1 1
ciInstanceKlass java/lang/Thread$Constants 0 0 59 100 1 10 100 12 1 1 1 100 1 10 10 100 12 1 1 1 100 1 8 1 10 12 1 9 100 12 1 1 1 100 1 100 1 10 12 1 10 12 1 9 12 1 1 1 1 1 1 1 1 1 1 1 1 1 1 1 1
ciInstanceKlass java/lang/Thread$UncaughtExceptionHandler 1 0 16 100 1 100 1 1 1 1 1 1 1 1 100 1 1 1
ciInstanceKlass java/lang/ThreadGroup 1 1 411 10 7 12 1 1 1 9 7 12 1 1 1 8 1 9 12 1 1 100 1 9 12 1 1 9 12 1 1 10 7 12 1 1 1 10 12 1 1 10 12 1 10 12 1 10 12 1 10 12 1 1 10 12 1 1 10 12 1 10 12 1 1 10 12 1 10 12 1 10 100 12 1 1 1 10 12 1 1 18 12 1 1 11 100 12 1 1 1 10 7 12 1 1 1 10 100 12 1 10 12 1 1 10 12 1 1 10 12 1 1 10 100 12 1 1 1 10 12 1 11 12 1 1 11 100 12 1 1 11 12 1 1 10 12 1 1 10 12 1 10 12 1 11 12 1 11 12 1 1 100 1 10 10 12 1 100 1 10 18 12 1 1 11 100 12 1 1 1 11 12 1 1 9 12 1 1 10 12 1 1 8 1 10 100 12 1 1 1 10 100 12 1 1 1 10 12 1 1 11 12 10 12 1 1 10 12 1 1 11 100 1 9 12 1 100 1 10 8 1 10 12 1 1 10 12 1 1 8 1 10 12 1 10 100 12 1 1 1 10 12 1 1 10 7 1 8 1 10 8 1 10 12 1 10 12 1 8 1 9 12 1 1 9 12 1 10 100 12 1 1 1 100 9 12 1 1 7 1 9 12 1 10 12 10 12 1 1 100 10 12 9 12 1 10 12 1 100 1 10 11 12 1 1 100 1 10 10 12 1 10 12 1 1 1 1 1 1 1 1 1 1 1 1 1 1 1 1 1 1 3 1 1 1 1 1 1 1 1 1 1 1 1 100 1 1 1 1 1 1 1 1 1 1 1 1 1 1 1 1 1 1 1 1 1 1 1 1 1 1 1 1 1 1 1 1 1 1 1 1 1 1 1 1 1 1 1 16 15 10 12 16 16 15 10 12 16 15 10 100 12 1 1 1 1 1 100 1 100 1 1
staticfield java/lang/ThreadGroup $assertionsDisabled Z 1
instanceKlass java/lang/ThreadBuilders$BoundVirtualThread
instanceKlass java/lang/VirtualThread
ciInstanceKlass java/lang/BaseVirtualThread 0 0 36 10 100 12 1 1 1 100 1 1 1 1 1 1 1 1 1 1 1 1 1 1 1 1 1 1 1 1 100 1 100 1 1 100 1 1
ciInstanceKlass java/lang/VirtualThread 0 0 907 9 100 12 1 1 1 10 100 12 1 1 1 10 100 12 1 1 1 10 100 12 1 1 1 9 12 1 1 9 12 1 1 100 1 10 12 1 9 12 1 1 18 12 1 1 9 12 1 1 10 12 1 1 100 1 10 12 1 10 12 1 1 10 12 1 1 10 12 1 1 10 12 1 10 100 12 1 10 12 1 10 12 1 10 12 1 10 12 1 11 100 12 1 1 1 100 1 10 12 1 1 10 100 12 1 1 1 10 100 12 1 1 1 10 12 1 100 1 10 10 12 1 10 12 1 1 9 12 1 1 10 12 1 1 9 12 1 1 10 12 1 9 12 1 1 9 12 1 100 1 10 10 12 1 10 100 12 1 1 10 9 10 10 12 1 1 10 12 1 1 10 100 12 1 1 10 100 1 10 9 10 10 12 1 100 1 10 12 1 1 10 12 1 10 12 1 10 12 1 1 9 12 1 10 12 1 10 12 1 9 12 1 1 10 12 1 10 12 1 9 12 1 1 10 12 1 10 12 1 10 12 1 11 100 12 1 1 10 12 1 1 10 12 1 1 10 12 1 1 9 12 1 10 100 1 10 12 1 1 10 12 1 1 10 12 1 10 12 1 10 12 1 10 12 9 12 1 1 10 100 12 1 1 10 12 1 10 12 1 1 10 100 12 1 1 10 12 1 100 1 8 1 10 12 1 10 12 1 1 10 12 1 10 12 1 10 100 12 1 1 10 12 1 10 12 1 1 10 12 1 10 12 1 1 10 100 12 1 1 10 12 1 1 10 12 1 1 100 1 10 10 12 1 100 1 9 12 1 1 10 100 12 1 1 10 9 12 1 1 18 9 100 12 1 1 1 11 100 12 1 1 1 11 100 1 11 12 10 12 1 10 12 1 1 10 12 1 100 1 10 10 12 1 10 12 1 1 10 12 1 1 10 12 1 10 12 1 10 12 1 9 12 1 1 11 100 12 1 1 10 12 9 100 12 1 1 1 9 12 1 10 12 1 1 9 12 1 9 12 1 9 12 1 100 1 10 10 12 1 1 10 12 1 10 12 100 1 100 1 10 8 1 10 12 1 1 10 12 1 10 12 1 10 10 12 1 8 1 10 10 12 1 10 12 1 10 100 12 1 1 8 1 8 1 10 9 100 12 1 1 1 10 12 1 1 10 12 1 10 10 10 12 9 12 1 10 12 1 1 9 12 1 10 12 1 1 9 12 1 10 12 1 1 18 12 1 1 18 12 1 10 100 12 1 1 1 8 1 10 100 12 1 1 1 10 100 12 1 1 1 18 12 1 10 100 12 1 1 1 100 1 10 12 1 8 1 10 12 1 8 1 10 12 1 1 8 1 8 1 10 100 12 1 1 8 1 10 12 1 8 1 8 1 10 100 12 1 1 1 10 12 1 10 12 1 1 10 12 1 18 12 1 1 18 12 1 1 5 0 9 12 1 10 12 1 18 12 1 100 1 10 12 10 100 12 1 1 10 12 1 1 100 1 8 1 10 10 12 1 10 12 1 1 10 12 1 9 12 1 8 10 12 1 1 8 8 9 12 1 8 10 12 1 1 3 1 3 1 3 1 3 1 3 1 3 1 3 1 3 1 3 1 3 1 3 1 3 3 1 3 1 1 1 1 1 1 1 1 1 1 1 1 1 1 100 1 1 1 1 1 1 1 1 1 1 1 1 1 1 100 1 1 1 1 1 1 1 1 1 1 1 100 1 1 1 1 1 1 1 1 1 1 1 1 1 1 1 1 1 1 1 1 1 1 1 1 1 1 1 1 1 1 1 1 1 1 1 1 1 1 1 100 1 1 1 1 1 1 1 1 1 1 1 1 1 1 1 1 1 1 1 1 1 1 1 1 1 1 1 1 1 1 1 1 1 1 1 100 1 1 1 1 1 1 1 1 1 1 1 1 1 1 100 1 1 16 15 10 12 15 16 15 10 12 16 15 10 12 16 16 15 10 12 16 15 10 12 16 15 10 12 16 15 10 12 16 1 15 10 100 12 1 1 1 1 1 1 1 100 1 1 100 1 100 1 1
ciInstanceKlass java/lang/ThreadBuilders$BoundVirtualThread 0 0 132 10 100 12 1 1 1 9 100 12 1 1 1 10 100 12 1 1 1 9 12 1 1 10 12 1 1 10 12 1 1 9 12 1 1 10 100 12 1 1 1 10 12 1 1 100 1 8 1 10 12 1 10 12 1 1 10 12 1 1 10 12 1 1 10 100 12 1 1 1 8 1 10 12 1 8 1 10 12 1 1 10 100 12 1 1 9 100 12 1 1 1 10 12 1 1 10 10 12 1 1 1 1 1 1 1 1 1 1 1 1 1 1 1 1 1 1 1 1 1 1 1 1 1 1 1 1 100 1 1 1 1
ciInstanceKlass java/util/Map 1 1 263 11 7 12 1 1 1 11 12 1 1 10 100 12 1 1 11 12 1 1 11 7 12 1 1 1 11 100 12 1 1 1 11 12 1 1 7 1 11 12 1 11 12 1 100 1 100 1 10 12 1 1 11 100 12 1 1 1 11 100 12 1 1 1 11 12 1 11 12 1 10 12 1 1 11 12 1 11 100 12 1 9 7 12 1 1 1 100 1 10 12 7 1 7 1 10 12 1 7 1 10 7 1 11 12 1 11 12 1 1 11 12 1 1 7 1 11 12 1 1 1 1 1 1 1 1 1 1 1 1 1 1 1 1 1 1 1 1 1 1 1 1 1 1 1 1 1 1 1 1 1 1 1 1 1 1 1 1 1 1 1 1 1 1 1 1 1 1 1 1 1 1 1 1 1 1 1 1 1 1 1 1 1 1 1 1 1 1 1 1 1 1 1 1 1 1 1 1 1 1 1 1 1 1 1 1 1 1 1 1 1 1 1 1 1 1 1 1 1 1 1 1 1 1 1 1 1 1 1 1 1 1 1 1 1 1 1 1 1 1 1 1 1 1 100 1 1 1 1 1 1 1 1 1 1 1 1 1 1 1 1 1 1
instanceKlass java/util/Hashtable
ciInstanceKlass java/util/Dictionary 1 1 36 10 7 12 1 1 1 100 1 1 1 1 1 1 1 1 1 1 1 1 1 1 1 1 1 1 1 1 1 1 1 1 1 1 1 1
instanceKlass org/apache/commons/logging/impl/WeakHashtable
instanceKlass java/util/Properties
ciInstanceKlass java/util/Hashtable 1 1 516 100 1 10 7 12 1 1 1 9 7 12 1 1 1 100 1 100 1 10 8 1 10 12 1 1 10 12 1 10 12 1 1 10 12 1 10 7 12 1 1 1 8 1 10 12 1 9 12 1 1 7 1 9 12 1 1 4 10 7 12 1 1 1 9 12 1 4 10 12 1 11 100 12 1 1 1 10 12 1 1 10 12 1 1 9 12 1 10 12 1 1 100 1 10 9 12 1 1 10 7 12 1 1 1 9 12 1 1 10 12 1 10 12 1 3 9 12 1 9 12 1 3 10 12 1 10 12 1 10 12 1 1 11 12 1 1 11 100 12 1 1 1 11 100 12 1 1 1 11 12 1 100 1 11 12 1 11 12 1 10 12 1 1 10 12 1 1 10 12 1 9 12 1 1 9 12 9 12 1 1 10 100 1 100 1 10 12 1 10 8 1 10 10 12 1 8 1 10 8 1 10 100 12 1 1 1 7 1 10 12 1 10 12 1 100 1 10 12 1 10 12 1 1 100 1 10 100 1 10 10 12 1 1 11 12 1 1 11 12 1 100 1 10 10 10 100 12 1 1 11 100 12 1 1 1 100 1 10 11 100 12 1 1 11 100 12 1 10 12 1 10 12 1 1 10 100 12 1 1 10 12 1 1 10 12 1 1 10 12 1 1 10 100 12 1 1 1 8 10 100 12 1 1 100 1 8 1 10 4 4 10 12 1 1 10 12 1 8 1 4 10 12 10 100 12 1 1 1 100 1 11 100 12 1 1 1 10 100 12 1 1 1 10 12 1 10 12 1 1 10 100 1 100 1 1 1 1 1 1 5 0 1 1 1 1 1 3 1 3 1 3 1 1 1 1 1 1 1 1 1 1 1 1 1 1 1 1 1 1 1 1 1 1 1 1 1 100 1 1 1 1 1 1 1 1 1 1 1 1 1 1 1 1 1 1 1 1 1 1 1 1 1 1 1 1 1 100 1 1 1 1 1 1 1 1 1 1 1 1 1 1 100 1 1 1 1 1 1 1 1 1 1 1 1 1 1 1 1 1 1 1 1 1 1 1 1 1 1 1 1 1 1 1 1 1 1 1 1 1 1 1 1 1 1 1 1 100 1 1 1 100 1 1 1 1 1 100 1 1 1 1 1 1 1 1 1 1 1 1 1 1 1 1 1 1
instanceKlass java/security/Provider
ciInstanceKlass java/util/Properties 1 1 690 10 7 12 1 1 1 100 1 10 7 12 1 1 7 1 10 12 1 9 12 1 1 9 12 1 1 9 12 1 1 10 7 12 1 1 1 10 12 1 1 8 1 10 7 12 1 1 1 7 1 10 12 1 10 12 1 1 8 1 10 12 1 7 1 10 12 10 12 1 1 9 12 1 1 10 12 1 1 7 1 10 12 1 10 12 1 10 12 1 1 100 1 8 1 10 12 1 10 12 1 10 12 1 1 10 12 1 100 1 3 10 10 100 12 1 1 1 10 12 1 10 12 1 1 8 1 10 12 1 10 12 1 1 8 1 10 100 12 1 1 10 12 1 1 10 12 1 10 12 1 1 100 1 10 12 1 10 12 1 1 100 1 9 100 12 1 1 1 10 12 1 10 12 1 1 10 12 1 1 10 12 1 1 100 1 9 12 1 1 7 1 100 1 10 12 1 100 1 11 7 12 1 1 1 11 12 1 1 11 100 12 1 1 1 11 7 12 1 1 1 11 12 1 1 11 12 1 11 12 1 10 12 1 1 8 1 10 12 1 10 100 12 1 1 10 12 1 100 1 10 10 12 1 10 12 1 100 1 10 10 12 1 1 10 100 12 1 1 9 100 12 1 1 10 12 1 1 10 100 12 1 1 1 100 1 100 1 100 1 10 8 1 8 1 10 12 1 10 12 1 10 12 1 1 10 10 12 1 1 10 12 1 1 100 1 10 10 12 1 11 7 12 1 1 10 7 12 1 1 1 8 1 10 100 12 1 1 11 11 7 1 8 1 10 100 1 11 10 12 1 10 10 12 1 10 12 1 1 10 12 1 1 10 12 1 1 10 12 1 10 12 1 10 10 12 1 10 12 1 10 12 1 10 10 12 1 1 10 12 1 1 10 10 12 1 10 12 1 10 12 1 10 12 1 10 12 1 1 10 12 1 1 10 12 1 10 12 1 10 12 1 1 10 12 10 12 1 1 10 12 1 1 10 12 1 10 12 1 1 10 12 1 1 10 12 10 11 12 1 4 11 10 12 1 1 10 100 12 1 1 11 12 1 10 12 1 1 10 100 12 1 1 10 12 1 100 1 8 1 10 12 1 10 10 100 12 1 1 1 100 1 6 0 10 12 1 1 11 100 12 1 1 1 10 12 1 10 12 1 1 1 1 1 5 0 1 1 1 1 1 1 1 1 1 1 1 1 1 1 1 1 1 1 1 1 1 1 1 1 1 1 1 1 1 1 1 1 1 1 1 1 1 1 1 100 1 1 1 1 1 1 1 1 1 1 1 1 1 1 1 1 1 1 1 1 100 1 1 1 1 1 1 1 1 1 1 1 1 100 1 100 1 1 1 1 1 100 1 1 1 1 1 1 1 1 1 1 1 1 1 1 1 1 1 1 1 1 1 1 1 1 1 1 1 1 1 1 1 1 1 1 1 1 1 1 1 1 1 1 1 1 1 1 1 1 1 1 1 1 1 1 1 1 1 1 1 1 1 1 1 1 1 1 1 1 1 1 1 1 1 1 1 1 1 100 1 1 1 1 1 1 1 1 1 1 1 100 1 1
staticfield java/util/Properties UNSAFE Ljdk/internal/misc/Unsafe; jdk/internal/misc/Unsafe
ciInstanceKlass java/lang/Module 1 1 1070 10 7 12 1 1 1 9 7 12 1 1 1 10 7 12 1 1 1 9 12 1 9 12 1 1 9 12 1 1 10 12 1 1 10 12 1 10 12 1 1 10 7 12 1 1 1 7 1 10 7 12 1 1 1 10 12 1 1 11 7 12 1 1 1 10 12 1 1 10 7 12 1 1 1 10 12 1 1 10 7 12 1 1 1 9 100 12 1 1 1 10 100 12 1 1 1 10 12 1 8 1 10 7 12 1 1 1 10 7 12 1 1 1 10 7 12 1 1 1 10 12 1 10 12 1 9 12 1 1 10 100 12 1 1 100 1 100 1 10 8 1 10 12 1 1 10 12 1 10 12 10 12 1 10 7 12 1 1 8 1 8 1 10 8 1 8 1 9 12 1 1 8 1 10 100 12 1 1 1 10 12 1 9 12 1 1 11 12 1 9 7 12 1 1 10 7 12 1 1 1 10 7 12 1 1 1 10 12 1 1 8 1 10 12 1 1 10 12 1 10 12 1 1 9 7 12 1 1 1 10 12 1 1 10 12 1 1 9 12 1 10 12 1 10 12 1 9 12 1 1 11 7 12 1 1 10 12 1 1 9 12 1 9 12 1 10 12 1 10 12 1 100 1 8 1 10 10 12 1 1 10 12 1 8 1 10 12 1 1 8 1 8 1 10 12 1 1 10 12 1 10 12 1 1 18 12 1 1 10 12 1 1 11 12 1 9 12 1 11 12 10 100 12 1 1 100 1 8 1 10 11 12 1 1 10 7 12 1 1 1 10 12 1 10 12 1 1 11 12 1 1 11 7 12 1 1 11 12 1 1 9 12 1 11 12 1 10 12 1 1 10 12 1 1 9 12 1 10 12 10 7 12 1 1 10 7 1 18 12 1 1 11 100 12 1 1 1 18 12 1 11 12 1 1 10 100 12 1 1 1 11 12 1 1 10 7 12 1 1 7 1 11 12 1 7 1 7 1 10 12 1 10 7 12 1 1 1 10 11 7 12 1 8 1 10 10 12 1 1 10 7 12 1 1 10 12 1 10 12 1 7 1 10 12 1 10 11 12 1 1 10 12 10 12 1 1 9 12 1 1 100 1 10 10 12 1 1 11 7 1 10 12 1 1 11 12 1 10 10 12 1 11 10 12 1 1 10 12 1 1 10 12 1 1 10 7 12 1 1 10 12 1 10 12 1 1 10 10 12 1 1 10 12 1 18 12 1 11 12 1 18 12 1 10 12 1 10 12 1 10 12 7 1 10 12 1 10 12 1 10 12 1 9 12 1 7 1 10 10 10 10 12 1 10 12 1 10 12 1 10 12 1 1 10 12 1 1 10 12 1 9 12 1 18 12 1 1 10 100 12 1 1 1 100 1 8 1 10 12 1 1 10 12 1 1 10 100 12 1 1 100 1 10 12 1 1 100 1 8 1 10 12 1 1 100 1 11 12 1 1 10 100 12 1 1 1 18 12 1 1 11 100 12 1 1 1 100 1 10 12 1 10 12 1 1 100 1 100 1 10 12 8 1 10 12 1 1 10 12 1 1 10 7 12 1 1 10 12 1 1 10 12 1 10 12 10 12 1 1 100 1 10 10 12 1 1 10 100 12 1 1 1 100 1 10 12 1 1 10 100 12 1 1 8 1 18 12 1 1 100 1 100 1 9 12 1 1 9 12 1 9 12 1 11 100 12 1 1 1 100 1 11 12 1 1 100 1 10 12 1 8 1 10 12 1 10 12 10 12 1 8 1 10 10 100 12 1 1 7 1 10 10 12 1 10 7 12 1 1 9 12 1 9 12 1 9 12 1 9 12 1 10 12 11 12 1 10 12 1 100 1 1 1 1 1 1 1 1 1 1 1 1 1 1 1 1 1 1 1 100 1 1 1 1 1 1 1 1 1 1 1 1 1 1 1 1 1 1 1 1 1 1 1 1 1 1 1 1 1 1 1 1 1 1 1 1 1 1 1 1 1 1 1 1 1 1 1 1 1 1 1 1 1 1 1 1 1 1 1 1 1 1 1 1 1 1 1 1 1 1 1 1 1 1 1 1 1 1 1 1 1 1 1 1 1 1 1 1 1 1 1 1 1 1 1 100 100 1 1 1 1 1 1 1 1 1 1 1 1 1 1 1 1 1 1 1 1 1 1 1 1 1 1 1 100 1 100 1 1 1 1 1 1 1 1 1 1 1 1 1 1 1 1 1 1 1 1 100 1 1 1 1 1 1 1 1 1 1 1 1 1 1 1 1 1 1 1 1 1 1 1 16 15 10 12 16 16 15 10 12 16 16 15 10 16 1 15 10 12 16 1 15 10 12 16 1 16 15 10 12 16 16 1 15 10 12 16 15 10 7 12 1 1 1 15 10 100 12 1 1 1 1 1 1 1 1 1 1 1 100 1 100 1 1 100 1 100 1 1
staticfield java/lang/Module ALL_UNNAMED_MODULE Ljava/lang/Module; java/lang/Module
staticfield java/lang/Module ALL_UNNAMED_MODULE_SET Ljava/util/Set; java/util/ImmutableCollections$Set12
staticfield java/lang/Module EVERYONE_MODULE Ljava/lang/Module; java/lang/Module
staticfield java/lang/Module EVERYONE_SET Ljava/util/Set; java/util/ImmutableCollections$Set12
staticfield java/lang/Module $assertionsDisabled Z 1
instanceKlass java/lang/reflect/Executable
instanceKlass java/lang/reflect/Field
ciInstanceKlass java/lang/reflect/AccessibleObject 1 1 400 10 7 12 1 1 1 9 100 12 1 1 1 10 100 12 1 1 1 10 7 12 1 1 10 7 12 1 1 1 10 100 12 1 1 1 10 12 1 1 10 12 1 1 9 12 1 1 100 1 10 7 12 1 1 1 11 12 1 100 1 10 12 1 7 1 100 1 10 12 1 10 12 1 1 10 12 1 1 10 12 1 1 10 12 1 1 7 1 10 100 12 1 1 1 10 12 1 1 11 10 7 12 1 1 1 10 12 1 1 10 12 1 10 12 1 10 12 1 1 10 12 1 8 1 100 1 100 1 10 10 12 1 1 8 1 10 12 1 10 12 1 8 1 8 1 8 1 8 1 8 1 8 1 8 1 8 1 8 1 100 1 10 12 1 10 12 1 9 12 1 1 10 12 1 1 10 12 1 10 100 1 100 1 8 1 10 8 1 10 12 1 8 1 10 12 1 10 12 1 1 10 100 1 8 1 10 11 7 12 1 1 1 10 12 1 1 10 12 1 1 10 12 1 1 9 12 1 1 100 1 10 12 1 7 1 10 12 1 10 12 1 1 10 100 1 10 12 1 10 12 10 12 1 10 12 1 10 12 1 1 10 12 1 9 12 1 10 100 12 1 1 8 1 10 100 12 1 1 1 8 1 10 100 12 1 1 1 9 12 1 100 1 10 7 1 10 10 7 12 1 1 1 7 1 10 10 7 12 1 1 1 7 1 9 12 1 1 1 1 1 1 1 1 1 1 1 1 1 1 1 1 1 1 1 1 1 1 1 1 1 1 1 1 1 1 1 1 1 1 1 1 1 1 1 1 1 1 1 1 1 1 1 1 1 1 1 1 1 1 1 1 1 1 1 1 1 1 1 1 1 1 1 1 1 1 1 1 1 1 1 1 1 1 1 1 1 1 1 1
staticfield java/lang/reflect/AccessibleObject reflectionFactory Ljdk/internal/reflect/ReflectionFactory; jdk/internal/reflect/ReflectionFactory
ciInstanceKlass java/lang/reflect/Member 1 1 37 100 1 10 12 1 1 100 1 100 1 1 1 1 3 1 3 1 1 1 1 1 1 1 1 1 1 1 1 1 1 1 1 1 1 1 1
ciInstanceKlass java/lang/reflect/Field 1 1 457 9 7 12 1 1 1 10 12 1 1 10 7 12 1 1 1 10 7 12 1 1 9 12 1 1 10 12 1 1 10 12 1 1 10 7 12 1 1 10 7 12 1 1 1 9 12 1 1 9 12 1 9 12 1 9 12 1 1 9 12 1 1 9 12 1 9 12 1 1 9 12 1 1 100 1 8 1 10 12 1 10 12 1 9 12 1 1 9 12 1 10 12 1 10 7 12 1 1 10 12 1 1 10 12 1 1 10 12 1 10 12 1 1 9 100 12 1 1 1 10 100 12 1 1 1 7 1 10 12 1 1 10 12 1 1 10 12 1 1 10 12 1 10 12 1 10 7 1 10 100 12 1 1 7 1 10 8 1 10 12 1 1 10 12 1 1 8 1 10 12 10 12 1 8 1 8 1 10 11 7 1 9 12 1 10 12 1 1 10 12 1 1 11 7 12 1 1 1 10 12 1 11 12 1 1 11 12 1 1 11 12 1 1 11 12 1 1 11 12 1 1 11 12 1 1 11 12 1 1 11 12 1 1 11 12 1 1 11 12 1 1 11 12 1 1 11 12 1 1 11 12 1 1 11 12 1 1 11 12 1 1 11 12 1 1 11 12 1 1 10 12 1 10 100 12 1 1 10 12 1 10 12 1 10 12 1 9 12 1 1 10 7 12 1 1 1 10 12 1 1 10 12 1 10 7 12 1 1 10 12 1 1 11 7 1 10 12 1 7 1 10 100 12 1 1 1 10 7 12 1 1 1 9 12 1 10 7 12 1 1 1 11 7 12 1 1 1 10 12 1 1 10 12 1 1 9 100 12 1 1 10 100 12 1 1 1 10 12 1 1 100 1 1 1 1 1 1 1 1 1 1 1 1 1 1 1 1 1 1 1 1 1 1 1 1 1 1 1 1 1 1 1 1 1 1 1 1 1 1 1 100 1 1 1 1 1 1 1 1 1 1 1 1 1 1 1 1 1 1 1 1 1 1 1 1 1 1 1 1 1 1 1 1 100 1 1 1 1 1 1 1 1 1 100 1 1
ciInstanceKlass java/lang/reflect/Parameter 1 1 243 10 7 12 1 1 1 9 7 12 1 1 1 9 12 1 1 9 12 1 1 9 12 1 10 12 1 1 10 12 1 1 10 7 12 1 1 1 100 1 10 10 12 1 1 11 100 12 1 1 1 10 12 1 10 100 12 1 1 1 10 12 1 1 10 12 1 10 12 1 8 1 8 1 10 100 12 1 1 1 10 12 1 10 12 9 100 12 1 1 1 10 100 12 1 1 1 10 12 1 8 1 10 12 1 9 12 1 1 10 12 1 1 9 12 1 1 10 12 1 1 10 12 1 1 10 12 1 1 10 12 1 10 10 12 1 10 100 12 1 1 1 10 12 1 1 11 100 12 1 1 10 100 12 1 1 100 1 10 100 12 1 1 1 10 12 1 1 10 12 1 1 10 12 1 1 10 12 1 1 9 12 1 100 1 10 11 12 1 1 11 12 1 1 100 1 1 1 1 1 1 1 1 1 1 1 1 1 1 1 1 1 1 1 1 1 1 1 1 1 1 1 1 1 1 1 1 1 1 1 1 1 1 1 1 1 100 1 1 1 1 1 1
instanceKlass java/lang/reflect/Constructor
instanceKlass java/lang/reflect/Method
ciInstanceKlass java/lang/reflect/Executable 1 1 581 10 7 12 1 1 1 10 7 12 1 1 1 10 7 12 1 1 1 11 7 12 1 1 1 10 7 12 1 1 1 10 12 1 1 10 7 12 1 1 1 10 7 12 1 1 1 10 12 1 8 1 10 10 12 1 1 10 12 1 1 10 7 12 1 1 1 18 12 1 1 11 7 12 1 1 1 8 1 8 1 8 1 10 7 12 1 1 1 11 12 1 1 7 1 8 1 8 1 10 12 1 100 1 8 1 10 12 1 8 1 11 100 12 1 1 1 100 1 11 7 12 1 1 1 11 12 1 8 1 18 8 1 10 12 1 10 12 1 1 18 8 1 10 12 1 100 1 10 12 1 10 12 1 11 12 1 10 12 1 1 8 1 8 1 10 12 1 1 10 12 1 1 10 10 12 1 9 100 12 1 1 1 10 100 12 1 1 1 10 12 1 10 12 1 1 10 7 12 1 1 10 12 1 10 12 1 10 12 1 10 7 12 1 1 100 1 10 100 12 1 1 1 10 12 1 1 10 7 12 1 1 10 12 1 10 12 1 1 9 7 12 1 1 1 10 7 10 12 1 8 1 10 12 1 10 12 1 3 100 1 8 1 10 12 1 10 12 1 10 10 12 1 10 12 1 1 8 1 8 1 8 1 9 12 1 1 9 12 1 10 12 1 100 1 8 1 10 12 1 10 12 1 10 12 1 1 10 12 1 1 10 12 1 10 12 10 12 1 100 1 10 12 1 10 12 1 1 100 1 10 100 12 1 1 1 7 1 10 7 12 1 1 1 10 12 1 1 11 7 12 1 1 10 12 1 10 100 12 1 1 1 10 12 1 1 9 12 1 10 12 1 1 10 12 1 10 12 1 1 9 100 12 1 1 1 10 100 12 1 1 1 10 12 1 10 12 1 1 9 12 1 10 10 10 10 100 12 1 1 1 10 12 1 9 12 1 10 12 1 1 9 12 1 100 1 100 1 1 1 1 1 1 1 1 1 1 1 1 1 1 1 1 1 1 1 1 1 1 1 1 1 1 1 1 1 1 1 1 1 1 1 1 100 1 1 1 1 1 1 1 1 1 1 1 1 1 1 1 1 1 1 1 100 1 1 1 1 1 1 1 1 1 1 1 1 1 1 1 1 1 1 1 1 1 1 1 1 1 1 1 1 1 1 1 1 1 1 1 1 1 1 1 1 1 1 1 100 1 1 1 1 1 1 1 1 1 1 1 1 1 1 1 1 1 1 1 1 1 1 100 1 1 16 15 16 1 16 1 15 10 12 16 15 10 7 12 1 1 1 1 1 1 100 1 1 100 1 100 1 1
ciInstanceKlass java/lang/reflect/Method 1 1 472 9 7 12 1 1 1 10 7 12 1 1 1 10 7 12 1 1 9 12 1 1 10 12 1 1 10 12 1 1 10 7 12 1 1 10 7 12 1 1 1 9 12 1 1 9 12 1 9 12 1 1 9 12 1 9 12 1 9 12 1 1 9 12 1 9 12 1 1 9 12 1 9 12 1 9 12 1 1 100 1 8 1 10 12 1 10 12 1 9 12 1 1 8 1 10 7 12 1 1 10 7 12 1 1 1 10 12 1 1 10 12 1 1 10 12 1 10 12 1 1 10 12 1 1 9 100 12 1 1 1 10 12 1 1 10 12 10 7 12 1 1 10 12 1 1 10 12 1 10 12 1 10 12 1 10 7 12 1 1 1 10 12 1 1 10 7 1 10 7 12 1 1 1 10 7 12 1 1 10 12 1 1 10 12 1 1 10 12 1 10 7 12 1 1 1 10 12 1 10 8 1 10 12 1 10 12 1 7 1 8 1 8 1 8 1 10 12 1 10 12 1 1 10 12 1 1 10 10 12 1 1 10 12 1 11 100 1 10 12 1 9 12 1 1 10 12 1 1 10 12 1 10 12 1 1 10 12 1 1 11 7 12 1 1 1 11 12 1 9 12 1 1 10 12 1 10 12 1 10 12 1 10 12 1 10 12 1 10 12 1 9 12 1 1 10 7 12 1 1 1 10 7 12 1 1 10 12 1 1 10 7 12 1 1 1 10 7 12 1 1 1 10 7 12 1 1 1 11 7 12 1 1 1 10 7 12 1 1 1 7 1 100 1 100 1 10 12 1 10 12 1 1 10 12 1 100 1 8 1 10 12 1 10 10 12 1 1 10 12 1 1 10 12 1 1 10 12 1 1 8 1 10 12 1 1 1 1 1 1 1 1 1 1 1 1 1 1 1 1 1 1 1 1 1 1 1 1 1 1 1 1 1 1 1 1 1 1 1 1 1 1 1 1 1 1 1 1 1 1 1 1 1 1 1 1 1 100 1 100 1 100 1 1 1 1 1 1 1 1 1 1 1 1 1 1 1 1 1 1 1 1 1 1 1 1 1 1 1 1 1 1
ciInstanceKlass java/lang/reflect/Constructor 1 1 439 10 100 12 1 1 1 10 100 12 1 1 9 7 12 1 1 1 10 12 1 1 10 12 1 1 10 100 12 1 1 9 12 1 1 10 7 12 1 1 1 9 12 1 1 9 12 1 1 9 12 1 9 12 1 1 9 12 1 9 12 1 1 9 12 1 1 9 12 1 100 1 8 1 10 12 1 10 12 1 9 12 1 1 10 7 12 1 1 10 7 12 1 1 1 10 12 1 1 10 12 1 1 10 12 1 7 1 100 1 8 1 10 10 12 1 10 12 1 10 12 1 1 10 12 1 1 9 100 12 1 1 1 10 7 12 1 1 10 12 1 1 10 12 1 10 12 1 1 10 100 12 1 1 1 10 100 12 1 1 10 12 1 1 10 12 1 10 100 12 1 1 1 8 1 10 10 12 1 100 1 8 1 10 12 1 10 12 1 1 10 12 1 1 10 12 1 10 12 1 10 12 1 1 10 12 1 1 9 12 1 1 10 12 1 1 10 12 1 1 10 12 1 1 11 7 12 1 1 1 10 12 1 1 10 12 1 10 12 1 10 12 1 8 1 9 12 1 1 10 7 12 1 1 1 10 7 12 1 1 10 12 1 1 10 12 1 1 10 12 1 1 10 12 1 1 10 12 1 9 100 12 1 1 10 12 1 10 12 1 10 12 1 100 1 8 1 10 10 12 1 1 10 12 1 10 10 12 1 1 10 12 1 1 10 100 12 1 1 1 11 100 12 1 1 1 10 12 1 1 9 100 12 1 1 1 10 100 12 1 1 1 10 12 1 1 1 1 1 1 1 1 1 1 1 1 1 1 1 1 1 1 1 1 1 1 1 1 1 1 1 1 1 1 1 1 1 1 1 1 1 1 1 1 1 1 1 1 1 1 1 1 1 1 1 1 100 1 100 1 100 1 100 1 1 1 1 1 1 1 1 1 1 1 1 1 1 1 1 1 1 1 1 1 1 1 1 1 1 1 1 1 1 1 1 1 100 1 1
ciInstanceKlass jdk/internal/vm/ContinuationScope 0 0 50 10 100 12 1 1 1 10 100 12 1 1 1 100 1 9 100 12 1 1 1 10 12 1 1 10 100 12 1 1 1 10 12 1 1 10 12 1 1 1 1 1 1 1 1 1 1 1 1 1
ciInstanceKlass jdk/internal/vm/Continuation 0 0 549 9 100 12 1 1 1 9 12 1 9 12 1 100 1 100 1 10 12 1 1 8 1 10 12 1 1 10 12 1 10 12 1 1 10 12 1 9 100 12 1 1 1 11 100 12 1 1 1 10 100 1 9 12 1 1 9 12 1 1 10 8 1 10 12 1 9 12 1 1 10 11 12 1 1 100 1 10 100 12 1 1 1 10 12 1 1 10 12 1 10 12 1 1 11 12 1 1 9 12 1 1 10 12 1 1 18 12 1 1 10 100 12 1 1 1 100 1 10 12 1 11 100 12 1 1 1 10 12 1 9 12 1 10 12 1 1 100 1 8 1 10 12 1 10 12 1 1 9 12 1 1 11 12 1 1 9 12 1 1 8 1 10 11 12 1 1 11 12 1 1 10 12 1 1 10 12 1 1 9 12 1 10 12 1 10 10 12 1 8 1 10 12 1 8 1 8 1 10 100 12 1 1 1 10 100 12 1 1 1 10 12 1 9 12 1 11 12 1 100 1 10 12 1 10 12 1 1 9 12 1 1 100 1 10 12 1 1 9 12 1 1 10 12 1 10 12 1 11 100 12 1 1 10 100 1 10 12 1 8 1 9 12 1 10 12 1 1 9 12 1 1 10 100 12 1 1 8 1 8 1 8 1 8 1 10 12 1 1 10 12 1 10 12 1 10 12 1 10 12 1 1 10 12 1 1 8 1 10 12 1 1 9 12 1 1 10 12 1 1 9 12 1 8 1 10 100 12 1 1 1 10 12 1 8 1 100 1 8 1 10 9 12 1 1 8 1 10 100 12 1 1 10 100 12 1 1 8 1 8 1 10 12 10 100 12 1 1 1 10 100 1 10 100 12 1 1 1 18 11 100 12 1 1 1 18 12 1 11 12 1 1 100 1 10 100 12 1 1 10 12 1 1 8 10 12 1 1 10 100 12 1 1 1 10 100 12 1 1 10 12 1 8 1 10 12 1 100 1 100 1 10 12 1 1 1 1 1 1 1 1 1 1 1 1 1 1 1 1 1 1 1 1 1 1 1 1 1 1 1 1 1 1 1 1 1 1 1 1 1 1 1 1 1 1 1 1 1 1 1 1 1 1 1 1 1 1 1 1 1 1 1 1 1 1 1 1 1 1 1 1 1 1 1 1 1 1 1 100 1 1 16 1 15 10 12 16 15 11 100 12 1 1 1 16 1 16 1 15 10 12 16 15 10 100 12 1 1 1 1 1 1 1 1 100 1 100 1 1
ciInstanceKlass jdk/internal/vm/StackChunk 0 0 32 10 100 12 1 1 1 9 100 12 1 1 1 9 12 1 1 9 12 1 1 1 1 1 1 1 1 1 1 1 1 1
instanceKlass jdk/internal/reflect/FieldAccessorImpl
instanceKlass jdk/internal/reflect/ConstructorAccessorImpl
instanceKlass jdk/internal/reflect/MethodAccessorImpl
ciInstanceKlass jdk/internal/reflect/MagicAccessorImpl 1 1 16 10 7 12 1 1 1 100 1 1 1 1 1 1 1 1
ciInstanceKlass jdk/internal/reflect/MethodAccessor 1 0 17 100 1 100 1 1 1 1 100 1 100 1 1 1 1 1 1
instanceKlass jdk/internal/reflect/DirectMethodHandleAccessor
ciInstanceKlass jdk/internal/reflect/MethodAccessorImpl 1 1 38 10 7 12 1 1 1 10 100 12 1 1 1 100 1 1 1 1 1 1 1 100 1 100 1 1 1 1 1 1 1 1 1 1 1 1 1 1
ciInstanceKlass jdk/internal/reflect/ConstructorAccessor 1 0 16 100 1 100 1 1 1 1 100 1 100 1 100 1 1 1
instanceKlass jdk/internal/reflect/DirectConstructorHandleAccessor$NativeAccessor
instanceKlass jdk/internal/reflect/DirectConstructorHandleAccessor
instanceKlass jdk/internal/reflect/NativeConstructorAccessorImpl
ciInstanceKlass jdk/internal/reflect/ConstructorAccessorImpl 1 1 27 10 7 12 1 1 1 100 1 100 1 1 1 1 1 1 1 1 1 100 1 100 1 100 1 1 1
ciInstanceKlass jdk/internal/reflect/DelegatingClassLoader 0 0 18 10 100 12 1 1 1 100 1 1 1 1 1 1 1 1 1 1
ciInstanceKlass jdk/internal/reflect/ConstantPool 1 1 142 10 100 12 1 1 1 9 7 12 1 1 1 10 12 1 1 10 12 1 1 10 12 1 10 12 1 1 10 12 1 1 10 12 1 10 12 1 1 10 12 1 10 12 1 1 10 12 1 10 12 1 10 12 1 10 12 1 1 10 12 1 1 10 12 1 1 10 12 1 1 10 12 1 10 12 1 1 10 100 12 1 1 1 8 11 7 12 1 1 1 10 7 12 1 1 1 1 1 1 1 1 1 1 1 1 1 1 1 1 1 1 1 1 1 1 1 1 1 1 1 1 1 1 1 1 1 1 1 1 1 1 1 1 1 1 1 1 1 1 1 1
ciInstanceKlass jdk/internal/reflect/FieldAccessor 1 0 48 100 1 100 1 1 1 1 100 1 1 1 1 1 1 1 1 1 1 1 1 1 1 1 1 1 1 1 100 1 1 1 1 1 1 1 1 1 1 1 1 1 1 1 1 1 1 1
instanceKlass jdk/internal/reflect/MethodHandleFieldAccessorImpl
instanceKlass jdk/internal/reflect/UnsafeFieldAccessorImpl
ciInstanceKlass jdk/internal/reflect/FieldAccessorImpl 1 1 269 10 7 12 1 1 1 9 7 12 1 1 1 10 100 12 1 1 1 10 100 12 1 1 10 100 12 1 1 1 10 12 1 1 100 1 10 10 12 1 1 10 12 1 1 8 1 10 10 12 1 100 1 8 1 10 12 1 8 1 10 12 1 8 1 10 12 1 100 1 10 12 1 1 10 8 1 10 12 1 1 8 1 10 100 12 1 1 8 1 10 100 12 1 1 8 1 10 100 12 1 1 8 1 10 100 12 1 1 8 1 10 100 12 1 1 8 1 10 100 12 1 1 8 1 10 100 12 1 1 8 1 10 100 12 1 1 10 12 1 1 8 1 10 12 1 1 10 100 12 1 1 1 8 1 10 12 1 8 1 8 1 8 1 8 1 10 100 12 1 1 1 8 1 8 1 8 1 10 12 100 1 1 1 1 1 1 1 1 1 1 1 1 1 1 1 1 1 1 1 1 1 1 1 1 1 1 1 1 1 1 1 1 1 1 1 1 1 1 1 1 1 1 1 1 1 1 1 1 1 1 1 1 1 1 1 1 1 1 1 1 1 1 1 1 1 1 1 1 1 1 1 1 1 1 1 1 1 1 1 1 1 1 1 1 1 1 1 1
instanceKlass jdk/internal/reflect/UnsafeStaticFieldAccessorImpl
ciInstanceKlass jdk/internal/reflect/UnsafeFieldAccessorImpl 0 0 62 10 100 12 1 1 1 10 100 12 1 1 1 10 100 12 1 1 1 9 100 12 1 1 10 12 1 9 12 1 1 10 100 12 1 1 1 9 12 1 1 10 12 1 10 12 1 1 1 1 1 1 1 1 1 1 1 1 1 1 1 1
ciInstanceKlass jdk/internal/reflect/UnsafeStaticFieldAccessorImpl 0 0 47 10 100 12 1 1 1 9 100 12 1 1 1 10 100 12 1 1 1 9 12 1 1 8 11 100 12 1 1 1 10 100 12 1 1 1 1 1 1 1 1 1 1 1 1 1 1
ciInstanceKlass java/lang/annotation/Annotation 1 0 17 100 1 100 1 1 1 1 1 1 1 1 1 1 1 1 1
ciInstanceKlass jdk/internal/reflect/CallerSensitive 0 0 17 100 1 100 1 100 1 1 1 1 1 1 1 1 1 1 1
ciInstanceKlass jdk/internal/reflect/NativeConstructorAccessorImpl 0 0 125 10 100 12 1 1 1 9 100 12 1 1 1 100 1 10 12 1 9 12 1 1 9 12 1 1 10 100 12 1 1 1 10 100 12 1 1 1 10 100 12 1 1 1 9 12 1 9 12 1 1 9 12 1 1 10 100 12 1 1 1 100 1 10 10 12 1 1 10 12 1 10 12 1 1 10 12 1 100 1 10 12 1 1 10 12 1 1 8 10 12 1 1 1 1 1 1 1 1 1 1 1 1 1 1 1 1 1 1 1 1 1 1 100 1 100 1 100 1 1 1 1 1 1 1
instanceKlass java/lang/invoke/DelegatingMethodHandle
instanceKlass java/lang/invoke/BoundMethodHandle
instanceKlass java/lang/invoke/DirectMethodHandle
ciInstanceKlass java/lang/invoke/MethodHandle 1 1 733 100 1 9 7 12 1 1 1 10 7 12 1 1 1 10 7 12 1 1 1 7 1 7 1 10 12 1 1 9 12 1 1 10 12 1 10 12 1 1 10 12 1 1 10 100 12 1 1 1 10 12 1 1 10 12 1 1 11 100 12 1 1 1 10 12 1 1 10 12 1 10 12 1 10 12 1 1 9 12 1 1 9 12 1 1 10 100 12 1 1 1 10 12 1 1 10 12 1 10 12 1 100 1 100 1 10 8 1 10 12 1 1 10 12 1 8 1 10 12 1 1 10 12 1 10 7 12 1 1 1 10 12 1 1 10 12 1 1 10 12 1 1 10 7 12 1 1 1 10 12 1 1 10 12 1 1 10 12 1 10 12 1 1 10 100 12 1 1 10 7 12 1 1 10 12 1 10 12 1 10 12 1 1 10 12 1 1 10 12 1 1 10 12 1 1 10 7 12 1 1 1 10 100 12 1 1 1 10 12 1 1 10 12 1 1 10 12 1 1 8 1 10 7 12 1 1 1 8 1 10 12 1 10 12 1 1 10 12 1 1 10 12 1 8 1 10 12 1 1 8 1 10 12 1 8 1 10 100 12 1 1 1 9 12 1 1 100 1 10 9 100 12 1 1 1 9 100 1 8 1 10 12 1 1 10 12 1 10 12 1 1 10 12 1 10 12 1 1 10 12 1 10 12 1 1 10 12 1 10 12 1 1 10 12 1 1 8 1 10 12 1 1 8 1 10 12 1 10 12 1 1 10 12 1 10 12 1 10 12 1 1 9 100 12 1 1 1 10 12 1 1 11 12 1 10 12 1 10 12 1 1 10 100 12 1 1 100 1 11 12 1 10 100 1 11 12 1 100 1 10 12 1 11 12 1 9 100 12 1 1 1 11 12 1 1 11 100 12 1 1 1 10 12 1 1 9 12 1 11 12 1 9 12 1 9 12 1 9 12 1 11 12 1 1 9 12 1 9 12 1 9 12 1 9 12 1 9 12 1 9 12 1 9 12 1 8 1 10 12 1 10 12 1 8 1 10 12 1 10 12 1 10 12 1 1 10 10 10 7 12 1 1 10 12 1 1 100 1 100 1 8 1 8 1 10 10 12 1 1 10 12 1 10 12 1 100 1 10 100 12 1 1 1 10 9 7 12 1 1 1 10 12 1 1 10 12 1 1 8 1 8 1 10 100 12 1 1 9 12 1 9 12 1 1 9 12 1 1 10 12 1 7 1 10 12 1 10 12 1 1 9 12 1 1 9 12 1 1 10 7 12 1 1 1 11 7 12 1 1 9 12 1 10 12 1 1 9 12 1 10 12 1 8 10 12 1 1 8 1 1 1 1 1 1 1 1 100 1 1 1 1 1 1 1 1 1 1 1 1 1 1 1 1 1 1 1 1 1 1 1 1 1 1 1 1 1 1 100 1 1 1 1 1 1 1 1 1 1 1 1 1 1 1 1 1 1 1 1 1 1 1 1 1 1 1 1 1 1 1 1 1 1 1 1 1 1 1 1 1 1 1 1 1 1 1 1 1 1 1 1 1 1 1 1 1 1 1 1 1 1 1 1 1 1 1 1 1 1 1 1 1 1 1 1 1 1 1 1 1 1 1 1 1 1 100 1 1 100 1 100 1 100 1 1 100 1 1 100 1 1 1 1
staticfield java/lang/invoke/MethodHandle FORM_OFFSET J 20
staticfield java/lang/invoke/MethodHandle UPDATE_OFFSET J 13
staticfield java/lang/invoke/MethodHandle $assertionsDisabled Z 1
instanceKlass java/lang/invoke/DirectMethodHandle$Special
instanceKlass java/lang/invoke/DirectMethodHandle$Interface
instanceKlass java/lang/invoke/DirectMethodHandle$Accessor
instanceKlass java/lang/invoke/DirectMethodHandle$Constructor
ciInstanceKlass java/lang/invoke/DirectMethodHandle 1 1 923 7 1 7 1 100 1 7 1 7 1 10 7 12 1 1 1 10 7 12 1 1 1 100 1 10 12 1 10 12 1 1 10 7 12 1 1 10 12 1 1 10 12 1 10 12 1 7 1 10 12 1 1 10 12 1 1 10 12 1 10 12 1 1 10 7 12 1 1 1 10 12 1 9 12 1 1 100 1 10 9 12 1 1 9 12 1 10 12 1 10 12 1 10 12 1 1 10 12 1 10 12 1 10 12 1 10 7 12 1 1 1 10 12 1 10 12 1 1 8 1 10 12 1 1 7 1 10 12 1 7 1 10 10 12 1 10 12 1 10 12 1 10 7 12 1 1 1 10 12 1 1 100 1 10 12 1 10 12 1 7 1 10 12 1 10 12 1 1 10 12 1 1 10 12 1 8 10 100 12 1 1 1 10 12 1 10 12 1 10 12 1 1 10 12 1 9 7 12 1 1 1 7 1 10 12 1 10 7 12 1 1 1 10 12 1 10 12 1 1 9 12 1 1 100 1 10 8 1 10 12 1 1 10 12 1 1 8 1 10 12 1 10 12 1 10 10 12 1 10 12 1 10 12 1 10 12 1 10 12 1 1 10 12 1 10 12 1 1 10 12 1 10 12 1 1 10 10 7 12 1 1 1 10 12 1 10 12 1 1 10 12 1 10 12 1 1 8 1 9 7 12 1 1 1 8 1 9 12 1 9 12 1 8 1 9 12 1 9 12 1 8 1 9 12 1 9 12 1 8 1 10 12 1 10 12 1 1 9 12 1 1 7 1 10 12 1 1 100 1 10 7 12 1 1 1 10 12 1 1 10 12 1 10 12 1 1 7 1 10 12 1 1 10 12 1 10 12 1 1 7 1 10 12 1 1 10 12 1 10 7 12 1 1 1 10 12 1 10 12 1 1 10 12 1 9 12 1 1 10 7 1 9 12 9 12 1 10 7 12 1 1 1 10 12 1 7 1 7 1 7 1 9 12 1 1 10 7 12 1 1 1 10 12 10 12 1 100 1 10 12 1 10 12 1 1 8 1 9 12 1 9 12 1 10 12 1 1 9 12 1 1 10 7 12 1 1 1 9 12 1 1 9 12 1 1 10 12 1 10 12 1 10 12 1 10 12 1 1 10 12 1 9 12 1 10 12 1 10 12 1 10 12 1 10 12 1 1 10 12 1 1 9 12 1 1 10 12 1 1 9 7 12 1 1 1 9 12 1 9 12 1 9 12 1 9 12 1 9 12 1 9 12 1 9 12 1 9 12 1 9 12 1 9 12 1 9 12 1 9 12 1 9 12 1 9 12 1 9 12 1 9 12 1 9 12 1 9 12 1 9 12 1 9 12 1 9 12 1 9 12 1 9 12 1 9 12 1 9 12 1 9 12 1 9 12 1 9 12 1 9 12 1 9 12 1 9 12 1 9 12 1 9 12 1 9 12 1 9 12 1 9 12 1 8 1 9 12 1 1 9 12 1 1 10 12 1 10 12 1 1 9 7 1 10 12 1 9 12 1 1 10 12 10 12 1 10 12 1 10 12 1 10 12 1 10 8 1 8 1 8 1 8 1 10 12 1 1 9 12 1 1 10 12 1 10 100 12 1 1 1 8 9 12 1 1 10 12 1 1 8 1 8 8 9 12 1 8 1 8 8 8 8 8 1 8 10 12 1 7 1 10 12 1 8 1 8 1 10 12 1 10 12 1 10 12 1 10 12 1 1 7 1 1 1 1 3 1 3 1 3 1 3 1 3 1 3 1 3 1 3 1 3 1 3 1 1 1 1 1 1 1 1 1 1 3 1 3 1 1 1 1 3 1 1 1 1 1 1 1 1 1 1 1 1 1 1 1 1 1 1 1 1 1 1 1 1 1 1 1 1 1 1 1 1 1 1 1 1 1 1 1 1 1 1 1 1 1 1 1 1 1 1 1 1 1 1 1 1 1 100 1 1 1 1 1 1 1 1 1 100 1 1 1 1 1 1 1 1 1 1 1 1 1 1 1 1 1 1 1 1 1 1 1 1 1 1 1 1 1 1 1 1 1 1 1 1 1 1 1 1 1 1 1 1 1 1 1 1 1 1 1 1
staticfield java/lang/invoke/DirectMethodHandle IMPL_NAMES Ljava/lang/invoke/MemberName$Factory; java/lang/invoke/MemberName$Factory
staticfield java/lang/invoke/DirectMethodHandle FT_UNCHECKED_REF I 8
staticfield java/lang/invoke/DirectMethodHandle ACCESSOR_FORMS [Ljava/lang/invoke/LambdaForm; 132 [Ljava/lang/invoke/LambdaForm;
staticfield java/lang/invoke/DirectMethodHandle ALL_WRAPPERS [Lsun/invoke/util/Wrapper; 10 [Lsun/invoke/util/Wrapper;
staticfield java/lang/invoke/DirectMethodHandle NFS [Ljava/lang/invoke/LambdaForm$NamedFunction; 12 [Ljava/lang/invoke/LambdaForm$NamedFunction;
staticfield java/lang/invoke/DirectMethodHandle OBJ_OBJ_TYPE Ljava/lang/invoke/MethodType; java/lang/invoke/MethodType
staticfield java/lang/invoke/DirectMethodHandle LONG_OBJ_TYPE Ljava/lang/invoke/MethodType; java/lang/invoke/MethodType
staticfield java/lang/invoke/DirectMethodHandle $assertionsDisabled Z 1
instanceKlass java/lang/invoke/VarHandleByteArrayAsDoubles$ByteArrayViewVarHandle
instanceKlass java/lang/invoke/VarHandleByteArrayAsFloats$ByteArrayViewVarHandle
instanceKlass java/lang/invoke/VarHandleByteArrayAsChars$ByteArrayViewVarHandle
instanceKlass java/lang/invoke/VarHandleByteArrayAsShorts$ByteArrayViewVarHandle
instanceKlass java/lang/invoke/VarHandleReferences$Array
instanceKlass java/lang/invoke/VarHandleInts$FieldInstanceReadOnly
instanceKlass java/lang/invoke/VarHandleReferences$FieldInstanceReadOnly
instanceKlass java/lang/invoke/VarHandleBooleans$FieldInstanceReadOnly
instanceKlass java/lang/invoke/VarHandleByteArrayAsLongs$ByteArrayViewVarHandle
instanceKlass java/lang/invoke/VarHandleByteArrayAsInts$ByteArrayViewVarHandle
instanceKlass java/lang/invoke/VarHandleReferences$FieldStaticReadOnly
ciInstanceKlass java/lang/invoke/VarHandle 1 1 474 10 7 12 1 1 1 10 7 12 1 1 9 12 1 1 9 12 1 1 100 1 10 8 1 10 12 1 1 10 7 12 1 1 1 10 12 1 1 10 100 12 1 1 1 9 100 12 1 1 1 10 12 1 1 10 7 12 1 1 1 10 12 1 1 9 12 1 10 12 1 9 12 1 1 10 7 12 1 1 10 12 1 9 7 12 1 1 1 9 12 1 1 10 12 1 1 100 1 100 1 10 8 1 10 12 1 1 10 12 1 8 1 10 12 1 10 12 1 9 12 1 1 9 12 1 10 12 1 10 12 1 1 10 12 1 10 10 100 12 1 1 1 10 12 1 1 10 12 1 1 10 100 12 1 1 1 10 100 12 1 1 1 10 100 12 1 1 1 9 12 1 1 9 10 12 1 10 12 1 1 10 12 1 1 10 12 1 10 100 12 1 1 1 9 12 1 1 10 12 1 1 9 12 1 10 12 1 10 12 1 10 100 12 1 1 100 1 10 9 7 12 1 1 1 9 12 1 1 10 7 12 1 1 1 10 12 1 10 12 1 10 12 1 10 12 1 10 12 1 10 12 1 1 8 10 12 1 1 7 1 10 12 1 1 100 1 1 1 1 1 1 1 1 1 1 1 1 1 1 1 1 1 1 1 1 1 1 1 1 1 1 1 1 1 1 1 1 1 1 1 1 1 1 1 1 1 1 1 1 1 1 1 1 1 1 1 1 1 1 1 1 1 1 1 1 1 1 1 1 1 1 1 1 100 1 1 1 1 1 1 1 1 100 1 1 1 1 1 1 1 1 1 1 1 1 100 1 100 1 1 100 1 100 1 100 1 100 1 100 1 100 1 100 1 100 1 100 1 100 1 100 1 100 1 100 1 100 1 100 1 100 1 100 1 100 1 100 1 100 1 100 1 100 1 100 1 100 1 100 1 100 1 100 1 100 1 100 1 100 1 100 1 100 1 100 1 100 1 100 1 1 1 1 1 1 100 1 1 1 100 1 1 100 1 100 1 100 1 100 1 100 1 100 1 1 1 1 100 1 100 1 100 1 100 1 100 1 100 1 100 1 100 1
staticfield java/lang/invoke/VarHandle VFORM_OFFSET J 16
staticfield java/lang/invoke/VarHandle $assertionsDisabled Z 1
ciInstanceKlass java/lang/invoke/MemberName 1 1 724 7 1 7 1 100 1 9 12 1 1 10 7 12 1 1 1 9 12 1 1 10 12 1 1 10 12 1 1 10 12 1 1 10 12 1 10 12 1 1 10 7 12 1 1 1 10 12 1 9 7 12 1 1 10 12 1 100 1 100 1 10 12 1 8 1 10 12 1 1 10 12 1 10 12 1 1 10 12 1 9 12 1 1 8 1 10 100 12 1 1 1 7 1 10 10 12 1 1 100 1 100 1 10 12 1 9 12 1 1 100 1 8 1 10 12 1 10 12 1 10 12 1 10 12 1 10 12 1 1 10 12 1 10 12 1 10 12 1 1 8 1 8 1 10 12 1 8 1 9 12 1 1 3 10 12 1 10 12 1 10 12 1 10 10 7 12 1 1 1 10 12 1 10 12 1 10 12 1 10 12 1 7 1 8 10 12 1 1 10 12 1 1 8 1 9 100 1 8 9 100 1 10 12 1 1 10 12 1 10 12 1 8 1 10 12 1 1 10 12 1 10 12 1 10 12 1 10 12 1 1 100 1 10 12 1 1 10 12 1 8 1 10 12 1 10 12 1 8 1 10 12 1 1 10 12 1 1 100 1 10 12 1 1 10 12 8 1 8 1 100 1 10 12 1 10 100 12 1 1 1 100 1 10 12 10 12 1 10 12 1 10 12 1 10 12 1 10 10 12 1 10 12 1 10 12 1 3 10 12 1 3 10 12 1 3 3 3 3 3 3 10 12 1 3 9 12 1 10 12 1 1 3 10 12 1 10 10 7 12 1 1 1 10 12 1 1 10 100 12 1 1 10 10 12 1 10 12 1 1 10 12 1 10 10 12 1 1 10 12 1 10 12 1 10 12 1 100 1 10 10 10 12 100 1 10 10 10 12 1 1 10 12 1 1 10 10 12 1 8 10 7 1 10 12 1 10 7 1 10 12 1 10 12 1 10 12 1 10 10 12 1 10 12 1 1 10 12 1 1 10 12 1 10 12 1 10 12 1 100 1 10 12 1 1 100 1 8 1 10 7 1 10 12 1 10 12 10 12 1 1 10 12 1 10 12 1 8 1 8 1 8 1 8 1 10 12 1 10 12 1 10 7 12 1 1 1 8 1 8 1 10 12 1 8 1 10 10 10 12 1 10 12 1 8 1 8 1 10 10 12 1 8 1 10 100 12 1 1 1 8 1 100 1 10 12 1 10 12 1 1 10 12 1 8 1 8 1 8 1 8 1 100 1 10 8 1 8 1 8 1 8 1 10 12 1 100 1 100 1 100 1 10 100 1 10 100 1 10 100 12 1 1 1 9 7 12 1 1 1 100 1 100 1 1 1 1 1 1 1 3 1 3 1 3 1 3 1 3 1 3 1 1 1 1 1 1 1 1 3 1 3 1 1 1 1 1 1 1 1 1 1 1 1 1 1 1 1 1 1 1 1 1 1 1 1 1 1 1 1 1 1 1 1 1 1 1 1 1 1 1 1 1 1 1 1 1 1 1 1 1 1 1 1 1 1 1 1 1 1 1 1 1 1 1 1 1 1 1 1 1 1 1 1 1 1 1 1 1 1 1 1 1 1 1 1 1 1 1 1 1 1 1 1 1 1 1 1 100 1 1 1 1 1 1 1 1 1 1 1 1 1 1 1
staticfield java/lang/invoke/MemberName $assertionsDisabled Z 1
ciInstanceKlass java/lang/invoke/ResolvedMethodName 1 1 16 10 100 12 1 1 1 100 1 1 1 1 1 1 1 1
ciInstanceKlass java/lang/invoke/MethodHandleNatives 1 1 685 100 1 10 7 12 1 1 1 9 7 12 1 1 1 10 12 1 1 100 1 10 10 12 1 1 10 12 1 10 12 1 8 1 8 1 8 1 8 1 8 1 8 1 8 1 8 1 8 1 8 1 10 12 1 1 7 1 10 7 12 1 1 1 10 100 12 1 1 1 7 1 10 10 12 1 1 8 1 10 12 1 8 1 10 12 1 1 8 1 10 12 1 1 9 100 12 1 1 1 8 1 10 100 12 1 1 1 100 1 10 12 100 1 100 1 8 1 7 1 10 10 12 1 7 1 9 7 12 1 1 10 12 1 1 10 12 1 10 7 12 1 1 1 10 12 1 1 9 12 1 8 1 10 12 1 1 10 12 1 8 1 10 12 1 1 7 1 10 12 1 10 7 12 1 1 1 10 12 1 10 12 1 1 10 12 1 1 8 1 10 12 1 1 8 1 10 12 1 8 1 8 1 8 1 100 1 10 12 1 8 1 10 100 12 1 1 1 10 12 1 1 10 100 12 1 1 10 10 12 1 1 10 12 1 10 100 12 1 1 1 100 1 8 1 10 100 12 1 1 1 7 1 8 1 10 12 1 8 1 8 1 8 1 8 1 8 1 10 12 1 1 10 12 1 1 10 12 1 10 12 1 1 10 12 1 1 7 1 10 12 1 100 1 100 1 10 12 1 10 12 1 8 1 8 1 10 10 12 1 1 10 12 1 1 8 1 10 100 12 1 1 8 1 8 1 10 12 1 1 10 7 12 1 1 1 100 1 10 12 1 1 7 1 9 12 1 1 10 7 12 1 1 1 10 10 12 1 9 12 1 10 12 1 9 12 1 9 12 1 10 12 1 1 10 12 1 10 12 1 1 7 1 7 1 10 12 1 1 10 12 1 10 12 1 1 10 7 12 1 1 1 10 12 1 8 1 10 12 1 10 12 1 10 12 1 1 10 12 1 10 7 12 1 1 1 10 12 1 1 100 1 8 1 10 9 7 12 1 1 1 10 12 1 1 10 12 1 1 100 1 10 12 1 1 10 12 1 1 100 1 100 1 10 10 100 1 100 1 10 100 1 10 10 12 1 1 10 100 1 10 12 1 10 12 1 1 10 12 1 1 10 12 1 1 10 12 1 10 12 1 1 10 8 1 10 12 1 10 12 1 10 12 1 10 12 1 10 12 1 1 10 12 1 10 12 1 10 12 1 10 10 7 12 1 1 10 12 1 1 1 1 1 1 1 1 1 1 1 1 1 100 1 1 1 1 1 1 1 1 1 1 1 1 1 1 1 1 1 1 1 1 1 1 1 1 1 1 1 1 1 1 1 1 1 1 1 1 1 1 1 1 1 1 1 1 1 1 1 1 1 1 1 1 1 1 1 1 1 1 1 1 1 1 1 100 1 1 1 1 1 1 1 1 1 1 1 1 1 1 1 1 1 1 1 1 1 1 1 1 1 1 1 1 1 1 1 1 1 100 1 1 1 1 1 1 1 1 1 1 1 1 1 1 1 1 1 1 1 1 1 1 1 1 1 1 1 1 1 1 1 1 100 1 1
staticfield java/lang/invoke/MethodHandleNatives $assertionsDisabled Z 1
ciInstanceKlass java/lang/invoke/LambdaForm 1 1 1059 7 1 100 1 10 7 12 1 1 1 9 12 1 1 9 12 1 9 12 1 9 12 1 1 9 12 1 1 9 12 1 1 9 12 1 1 9 12 1 1 9 12 1 10 7 12 1 1 9 12 1 10 12 1 1 100 1 10 10 12 1 1 10 12 1 10 12 1 10 12 1 1 10 12 1 9 12 1 9 12 1 10 12 1 1 10 7 12 1 1 1 10 12 1 1 9 100 12 1 1 1 10 12 1 1 9 7 12 1 1 10 12 1 10 12 1 1 10 12 1 1 10 12 1 1 7 1 10 7 12 1 1 1 10 12 1 1 10 12 1 10 12 1 1 9 12 1 1 9 12 1 9 12 1 1 10 12 1 9 12 1 10 100 12 1 1 1 10 12 1 1 100 1 10 12 1 9 12 1 1 10 100 12 1 1 1 10 12 1 10 12 1 7 1 10 12 1 10 12 1 10 12 1 1 10 12 1 1 10 12 1 10 12 1 10 12 1 10 12 1 1 8 1 10 12 1 10 12 1 10 10 12 1 8 1 8 1 9 12 1 9 12 1 1 10 12 1 1 10 12 1 9 12 1 10 12 1 1 10 7 12 1 1 1 10 12 1 1 10 12 1 10 12 1 10 100 12 1 1 1 9 12 1 10 12 1 8 1 8 1 8 1 8 1 8 1 8 1 8 1 8 1 10 12 1 9 12 1 7 1 10 12 1 1 9 12 1 10 12 1 10 12 1 1 10 12 10 12 1 10 12 1 1 10 12 1 1 10 10 12 1 1 10 12 1 1 7 1 8 1 10 12 1 1 10 12 1 10 12 1 1 10 8 1 10 12 1 1 8 1 8 1 8 1 10 12 1 10 12 1 10 12 1 1 100 1 10 12 1 1 10 12 1 1 10 7 12 1 1 1 10 12 1 1 9 12 1 1 8 1 10 100 12 1 1 1 10 7 12 1 1 10 12 10 12 1 1 10 12 1 1 9 12 1 8 10 12 1 1 100 1 10 12 1 1 10 12 1 9 7 12 1 1 9 100 12 1 1 1 8 1 10 100 12 1 1 10 12 1 1 100 1 100 1 10 10 12 1 1 10 12 1 1 8 1 8 1 100 1 8 1 10 12 10 12 1 10 12 1 10 12 1 1 8 1 8 1 10 12 1 10 12 1 1 8 1 8 1 8 1 100 1 8 1 100 1 8 1 100 1 8 1 10 12 1 8 1 9 10 7 12 1 1 1 10 12 1 9 12 1 1 10 12 1 10 10 12 1 10 12 1 10 12 1 10 12 1 1 10 12 1 10 12 1 1 10 12 1 1 10 12 1 1 10 12 1 1 8 1 100 10 12 1 10 12 1 9 12 1 1 10 7 12 1 1 8 1 8 1 100 1 8 1 8 1 8 1 8 1 8 1 8 1 8 1 8 1 10 12 1 1 10 12 1 1 10 12 1 10 12 1 10 12 1 10 12 1 8 1 8 1 8 1 10 12 1 8 1 10 12 1 8 1 8 1 8 1 8 1 8 1 10 12 1 10 12 1 10 12 1 1 10 7 12 1 1 1 10 12 1 10 12 1 10 12 1 10 12 1 10 12 1 10 12 1 10 12 1 9 12 1 1 8 1 10 12 1 1 9 12 1 1 10 12 1 1 9 12 1 9 12 1 1 9 12 1 9 12 1 1 7 1 10 7 12 1 1 1 9 12 1 10 12 1 10 12 1 8 1 10 12 1 9 12 1 1 7 1 10 7 12 1 1 1 8 1 100 1 10 12 1 9 12 1 9 12 1 10 12 1 10 12 1 10 7 12 1 1 1 10 12 1 9 7 12 1 1 10 12 1 1 10 12 1 10 12 1 10 12 1 9 12 10 12 1 10 10 12 1 9 12 1 9 9 12 1 7 9 12 1 1 10 12 1 1 9 12 1 10 12 1 10 7 1 9 1 1 1 1 3 1 3 1 1 3 1 3 1 1 1 1 1 1 1 1 1 1 1 1 1 1 1 1 1 1 1 1 1 1 1 1 1 1 1 1 1 1 1 1 1 1 1 1 1 1 1 1 1 1 1 1 1 1 1 1 1 1 1 100 1 1 1 1 1 1 1 1 1 1 1 1 1 1 1 1 1 1 1 1 1 1 1 1 1 1 1 1 1 1 1 1 1 1 1 1 1 1 1 1 1 1 1 1 1 1 1 1 1 1 1 1 1 1 1 1 1 1 1 1 1 1 100 1 1 1 1 1 1 1 1 1 1 1 1 1 1 1 1 1 1 1 1 1 1 1 1 1 1 1 1 1 1 1 1 1 1 100 1 1 1 1 1 1 1 1 1 1 1 1 1 1 1 1 1 1 1 1 1 1 100 1 1 1 100 1 1 100 1 1 1 1 1 1 1 1 1 1 1
staticfield java/lang/invoke/LambdaForm DEFAULT_CUSTOMIZED Ljava/lang/invoke/MethodHandle; 
staticfield java/lang/invoke/LambdaForm DEFAULT_KIND Ljava/lang/invoke/LambdaForm$Kind; java/lang/invoke/LambdaForm$Kind
staticfield java/lang/invoke/LambdaForm COMPILE_THRESHOLD I 0
staticfield java/lang/invoke/LambdaForm INTERNED_ARGUMENTS [[Ljava/lang/invoke/LambdaForm$Name; 5 [[Ljava/lang/invoke/LambdaForm$Name;
staticfield java/lang/invoke/LambdaForm IMPL_NAMES Ljava/lang/invoke/MemberName$Factory; java/lang/invoke/MemberName$Factory
staticfield java/lang/invoke/LambdaForm LF_identity [Ljava/lang/invoke/LambdaForm; 6 [Ljava/lang/invoke/LambdaForm;
staticfield java/lang/invoke/LambdaForm LF_zero [Ljava/lang/invoke/LambdaForm; 6 [Ljava/lang/invoke/LambdaForm;
staticfield java/lang/invoke/LambdaForm NF_identity [Ljava/lang/invoke/LambdaForm$NamedFunction; 6 [Ljava/lang/invoke/LambdaForm$NamedFunction;
staticfield java/lang/invoke/LambdaForm NF_zero [Ljava/lang/invoke/LambdaForm$NamedFunction; 6 [Ljava/lang/invoke/LambdaForm$NamedFunction;
staticfield java/lang/invoke/LambdaForm createFormsLock Ljava/lang/Object; java/lang/Object
staticfield java/lang/invoke/LambdaForm DEBUG_NAME_COUNTERS Ljava/util/HashMap; 
staticfield java/lang/invoke/LambdaForm DEBUG_NAMES Ljava/util/HashMap; 
staticfield java/lang/invoke/LambdaForm TRACE_INTERPRETER Z 0
staticfield java/lang/invoke/LambdaForm $assertionsDisabled Z 1
ciInstanceKlass java/lang/invoke/TypeDescriptor$OfMethod 1 0 43 100 1 100 1 100 1 1 1 1 1 1 1 1 1 1 1 1 1 1 1 1 1 1 1 1 1 1 1 1 1 1 1 1 1 1 1 1 1 1 100 1 1
ciInstanceKlass java/lang/invoke/MethodType 1 1 780 7 1 10 7 12 1 1 1 9 12 1 1 9 12 1 1 9 12 1 1 10 7 12 1 1 1 9 7 12 1 1 8 1 10 100 12 1 1 1 9 7 1 9 7 1 10 12 1 1 100 1 10 8 1 10 12 1 1 10 12 1 10 12 1 1 100 1 8 1 10 12 1 100 1 10 10 12 1 10 12 1 1 10 12 1 1 11 7 12 1 1 1 9 12 1 11 12 1 1 7 10 12 1 1 10 12 1 1 7 1 7 1 10 7 12 1 1 1 10 12 1 10 12 1 9 12 1 1 10 7 12 1 1 10 12 1 1 10 7 12 1 1 1 10 7 12 1 1 1 10 12 1 9 12 1 1 10 12 1 1 10 12 1 1 10 12 1 1 10 12 1 1 10 12 1 1 10 12 1 10 12 1 10 12 1 1 10 12 1 8 1 8 1 10 12 1 1 9 12 1 1 100 1 10 10 12 1 1 10 12 1 10 12 1 1 10 12 1 1 10 12 1 10 12 1 10 12 1 8 1 10 12 1 1 10 100 12 1 1 1 10 12 1 10 12 1 1 10 12 1 10 12 1 10 12 1 1 10 12 1 10 12 1 9 12 1 10 12 1 10 10 12 1 1 10 12 1 9 12 1 1 10 12 1 1 11 12 1 1 10 12 1 1 10 12 1 10 12 1 100 1 8 1 8 1 8 1 10 12 1 10 12 1 10 12 1 1 10 10 12 1 11 12 1 1 11 12 1 10 100 12 1 1 1 9 12 1 10 12 1 10 12 1 1 10 12 1 1 10 12 1 10 12 1 10 100 12 1 1 1 10 12 1 1 10 12 1 10 12 1 10 12 1 10 9 12 1 1 7 1 10 12 1 10 12 1 1 9 100 12 1 1 1 10 100 12 1 1 1 10 100 12 1 1 1 10 12 1 1 10 100 12 1 1 1 10 12 1 1 8 1 10 7 12 1 1 1 11 12 1 1 9 12 1 1 10 12 1 1 10 12 1 10 12 1 1 10 12 1 1 10 100 12 1 1 100 1 10 12 1 1 11 100 12 1 1 18 12 1 1 11 12 1 1 18 12 1 11 12 1 100 1 11 100 12 1 1 10 12 1 100 1 10 12 1 10 100 12 1 1 10 12 1 1 9 12 1 1 9 100 12 1 1 1 10 100 12 1 1 1 9 12 1 10 100 12 1 1 10 12 1 100 10 12 1 1 10 12 1 7 1 10 10 12 1 1 7 1 7 1 9 12 1 1 100 1 100 1 100 1 1 1 5 0 1 1 1 1 1 1 1 3 1 3 1 3 1 1 1 1 1 1 1 1 1 1 1 1 1 1 1 1 1 1 1 1 1 1 1 1 1 1 1 1 1 1 1 1 1 1 1 1 1 1 1 1 1 1 1 1 1 1 1 1 1 1 1 1 1 1 1 1 1 1 1 1 1 1 1 1 1 1 1 1 1 1 1 1 1 1 1 1 1 1 1 1 1 1 1 1 1 1 1 1 1 1 1 1 1 1 1 1 1 1 1 1 1 1 1 1 1 1 1 1 1 1 1 1 1 1 1 1 1 1 1 1 1 1 1 1 1 1 1 1 1 1 100 1 100 1 1 1 1 1 1 1 1 1 1 1 1 1 100 1 1 1 100 1 1 1 1 1 1 1 1 1 1 1 1 1 1 1 1 1 1 1 1 1 1 16 15 10 12 16 16 15 10 12 16 15 10 100 12 1 1 1 1 1 100 1 1 100 1 1 100 1 100 1 1
staticfield java/lang/invoke/MethodType internTable Ljdk/internal/util/ReferencedKeySet; jdk/internal/util/ReferencedKeySet
staticfield java/lang/invoke/MethodType NO_PTYPES [Ljava/lang/Class; 0 [Ljava/lang/Class;
staticfield java/lang/invoke/MethodType objectOnlyTypes [Ljava/lang/invoke/MethodType; 20 [Ljava/lang/invoke/MethodType;
staticfield java/lang/invoke/MethodType METHOD_HANDLE_ARRAY [Ljava/lang/Class; 1 [Ljava/lang/Class;
staticfield java/lang/invoke/MethodType serialPersistentFields [Ljava/io/ObjectStreamField; 0 [Ljava/io/ObjectStreamField;
staticfield java/lang/invoke/MethodType $assertionsDisabled Z 1
ciInstanceKlass java/lang/BootstrapMethodError 0 0 45 10 100 12 1 1 1 10 12 1 10 12 1 10 100 12 1 1 1 10 100 12 1 1 1 1 1 1 5 0 1 1 1 1 1 1 1 1 1 1 1 100 1 1 1
instanceKlass java/lang/invoke/VolatileCallSite
instanceKlass java/lang/invoke/MutableCallSite
instanceKlass java/lang/invoke/ConstantCallSite
ciInstanceKlass java/lang/invoke/CallSite 1 1 296 10 7 12 1 1 1 10 7 12 1 1 1 9 12 1 1 10 7 12 1 1 1 10 12 1 100 1 10 12 1 1 10 12 1 1 9 100 12 1 1 1 10 100 12 1 1 10 12 1 1 100 1 100 1 10 10 100 12 1 1 1 10 12 1 1 8 1 10 12 1 10 12 1 1 10 12 1 10 12 1 1 10 12 1 1 10 10 100 12 1 1 10 12 1 1 9 12 1 9 100 12 1 1 1 8 1 10 7 12 1 1 1 10 12 1 1 100 1 10 12 1 1 9 12 1 8 1 100 1 10 12 1 10 12 1 100 1 8 1 10 10 12 1 10 12 1 1 100 1 10 12 1 1 10 12 1 10 12 1 10 12 1 1 10 12 1 1 9 12 1 1 8 10 12 1 1 9 12 1 1 100 1 10 10 12 1 10 100 12 1 1 1 10 12 1 1 10 12 1 1 10 12 1 10 7 12 1 1 1 100 1 8 1 10 10 12 10 12 1 1 100 1 100 1 100 1 8 1 10 12 1 10 7 12 1 1 1 1 1 1 1 1 1 1 1 1 1 1 1 1 1 1 1 1 1 1 1 1 1 1 1 1 1 1 1 1 1 1 1 1 1 1 1 1 1 1 1 1 1 1 1 1 1 1 1 1 1 1 1 100 1 100 1 1 1
staticfield java/lang/invoke/CallSite $assertionsDisabled Z 1
ciInstanceKlass jdk/internal/foreign/abi/NativeEntryPoint 0 0 194 10 100 12 1 1 1 9 100 12 1 1 1 9 12 1 1 100 1 8 1 10 12 1 10 12 1 1 100 1 10 100 12 1 1 1 10 12 1 9 12 1 1 18 12 1 1 10 100 12 1 1 1 10 100 12 1 1 1 9 100 12 1 1 1 100 1 10 8 1 10 12 1 1 10 12 1 10 12 1 1 8 1 10 12 1 1 100 1 8 1 10 12 1 10 12 1 1 10 12 1 9 12 1 1 18 12 1 1 10 100 12 1 1 1 10 12 1 1 10 12 1 10 100 12 1 1 1 10 1 1 1 1 1 1 1 1 1 1 1 1 1 1 1 1 1 1 1 1 1 1 1 1 1 1 1 1 1 1 1 1 1 1 1 1 1 16 1 15 10 12 16 1 16 15 10 12 15 10 100 12 1 1 1 1 1 100 1 1 100 1 100 1 1
ciInstanceKlass jdk/internal/foreign/abi/ABIDescriptor 0 0 55 10 100 12 1 1 1 9 100 12 1 1 1 9 12 1 1 9 12 1 9 12 1 9 12 1 1 9 12 1 9 12 1 1 9 12 1 9 12 1 9 12 1 9 12 1 1 1 1 1 1 1 1 1 1
ciInstanceKlass jdk/internal/foreign/abi/VMStorage 0 0 91 10 100 12 1 1 1 9 100 12 1 1 1 9 12 1 1 9 12 1 1 9 12 1 1 100 1 10 8 1 10 12 1 1 10 12 1 10 12 1 1 10 12 1 18 12 1 18 12 1 1 18 12 1 1 1 1 1 1 1 1 1 1 1 1 1 1 1 1 1 1 1 8 1 15 15 15 15 15 10 100 12 1 1 1 1 100 1 100 1 1
ciInstanceKlass jdk/internal/foreign/abi/UpcallLinker$CallRegs 0 0 66 10 100 12 1 1 1 9 100 12 1 1 1 9 12 1 18 12 1 1 18 12 1 1 18 12 1 1 1 1 1 1 1 1 1 1 1 1 1 1 1 1 1 1 100 1 1 1 8 1 15 15 15 10 100 12 1 1 1 1 1 100 1 100 1 1
ciInstanceKlass java/lang/invoke/ConstantCallSite 1 1 65 10 7 12 1 1 1 9 7 12 1 1 1 9 12 1 1 10 7 12 1 1 1 10 12 1 100 1 10 12 9 12 1 1 100 1 10 10 12 1 1 10 12 1 1 1 1 1 1 1 1 1 1 1 1 1 100 1 1 1 1 1 1 1 1
staticfield java/lang/invoke/ConstantCallSite UNSAFE Ljdk/internal/misc/Unsafe; jdk/internal/misc/Unsafe
ciInstanceKlass java/lang/invoke/MutableCallSite 0 0 63 10 100 12 1 1 1 10 12 1 9 100 12 1 1 1 10 12 1 10 12 1 1 9 12 1 1 10 100 12 1 1 1 10 100 12 1 1 1 10 12 1 1 1 1 1 1 1 1 1 1 1 1 1 1 1 1 1 1 100 1 1 1
ciInstanceKlass java/lang/invoke/VolatileCallSite 0 0 37 10 100 12 1 1 1 10 12 1 10 100 12 1 1 1 10 12 1 10 12 1 1 1 1 1 1 1 1 1 1 1 1 1 1 1 1
ciInstanceKlass java/lang/AssertionStatusDirectives 0 0 24 10 100 12 1 1 1 100 1 1 1 1 1 1 1 1 1 1 1 1 1 1 1 1
ciInstanceKlass java/lang/Appendable 1 0 14 100 1 100 1 1 1 1 100 1 1 1 1 1
instanceKlass java/lang/StringBuilder
instanceKlass java/lang/StringBuffer
ciInstanceKlass java/lang/AbstractStringBuilder 1 1 607 7 1 10 7 12 1 1 1 9 7 12 1 1 1 9 12 1 9 12 1 1 9 12 1 1 10 7 12 1 1 1 10 12 1 1 7 1 3 3 10 12 1 10 12 1 1 11 7 1 100 1 100 1 10 8 1 10 12 1 10 12 1 10 12 1 1 10 12 1 10 12 1 9 12 1 10 12 1 9 12 1 1 10 12 1 1 10 7 12 1 1 1 10 10 12 1 10 12 1 10 12 1 1 10 12 1 1 10 7 12 1 1 1 10 7 12 1 1 1 100 1 8 1 10 10 12 1 1 100 1 10 12 10 12 1 1 10 10 12 1 1 10 12 1 1 10 12 1 1 10 12 1 1 10 10 7 12 1 1 1 10 12 1 100 1 10 10 100 12 1 1 1 9 12 1 1 9 12 1 10 12 1 1 10 10 12 1 1 10 12 10 12 1 10 12 1 1 10 12 1 1 10 12 1 1 10 12 1 10 12 1 1 10 12 1 1 10 12 1 10 12 1 1 8 1 10 12 1 1 10 12 1 10 12 1 10 12 1 10 12 1 10 12 1 10 12 1 10 7 12 1 1 10 12 1 10 12 1 10 100 12 1 1 1 100 1 100 1 10 12 1 10 100 12 1 1 10 12 1 10 12 1 1 10 12 1 10 12 1 1 10 12 1 10 12 1 1 10 12 1 1 10 10 7 12 1 1 1 10 12 1 10 12 1 10 12 1 1 10 12 1 10 12 1 10 12 1 10 12 1 10 12 1 10 12 1 10 12 1 10 12 1 1 10 12 1 10 12 1 10 12 10 12 1 1 18 12 1 1 100 1 10 100 12 1 1 1 18 10 12 1 1 10 12 1 1 10 12 1 10 12 1 1 11 12 1 1 10 12 1 10 12 1 10 12 10 10 10 12 1 10 5 0 10 10 12 1 1 100 1 8 1 10 10 12 1 1 10 100 12 1 1 1 10 12 1 10 12 1 1 100 1 10 12 100 1 10 100 1 10 100 1 1 1 1 1 1 1 1 1 1 1 100 1 1 1 1 1 1 1 1 1 1 1 1 1 1 1 1 1 1 1 1 1 1 1 1 1 1 1 1 1 1 1 1 1 1 1 1 1 1 1 1 1 1 1 1 1 1 1 1 1 1 1 1 1 1 1 1 1 1 1 1 1 1 1 1 1 1 1 1 1 1 1 1 1 1 1 1 1 1 1 1 1 1 1 1 1 1 1 1 1 1 1 1 1 1 1 1 1 1 1 1 100 1 1 1 1 1 1 1 1 1 1 1 1 1 1 1 1 1 100 1 1 1 1 1 1 100 1 1 16 1 15 10 12 16 15 10 12 15 10 100 12 1 1 1 1 1 1 1 100 1 100 1 1
staticfield java/lang/AbstractStringBuilder EMPTYVALUE [B 0
ciInstanceKlass java/lang/StringBuffer 1 1 483 10 7 12 1 1 1 10 12 1 10 12 1 10 12 1 1 9 7 12 1 1 1 10 12 1 1 10 12 1 10 12 1 1 9 12 1 1 10 12 1 10 12 1 1 10 12 1 1 10 12 1 10 12 1 1 10 12 1 10 12 1 1 10 12 1 1 10 7 12 1 1 1 10 12 1 1 10 12 1 10 12 1 10 12 1 10 12 1 10 12 1 10 12 1 10 12 1 10 12 1 10 12 1 10 12 1 10 12 1 10 12 1 10 12 1 10 12 1 1 10 12 1 10 12 1 1 10 12 1 1 10 10 12 1 1 10 12 1 10 12 1 10 12 1 10 12 1 10 12 1 10 12 1 10 12 10 12 1 10 12 1 10 12 1 10 12 1 1 10 12 1 10 12 1 10 10 12 1 1 10 12 1 10 12 1 10 12 1 10 10 100 12 1 1 1 10 10 12 1 1 9 12 1 1 10 100 12 1 1 10 100 1 8 10 100 12 1 1 1 8 10 12 1 8 1 10 12 1 10 12 1 10 100 12 1 1 1 10 100 12 1 1 1 7 1 10 12 100 1 8 1 10 10 12 1 1 10 12 1 1 10 12 1 10 12 1 10 12 1 1 10 12 1 10 12 1 10 12 1 10 12 1 10 12 1 10 12 10 12 1 10 12 1 10 12 1 10 12 1 10 12 1 10 12 1 10 12 1 10 12 1 10 12 1 10 12 1 10 12 10 12 10 12 1 10 12 1 10 12 1 10 12 10 12 1 10 12 1 10 12 1 10 12 1 10 12 1 10 12 1 10 12 1 10 12 1 10 12 1 10 12 1 10 12 1 7 1 10 12 1 9 7 12 1 1 1 9 7 1 9 12 1 1 100 1 100 1 100 1 100 1 1 1 1 5 0 1 1 1 1 1 1 1 1 1 1 1 1 1 1 1 1 1 1 1 1 1 1 1 1 1 1 1 1 1 1 1 1 1 1 1 1 1 1 1 1 1 1 1 1 1 1 1 1 1 1 1 1 1 1 1 1 1 1 1 1 1 100 1 1 1 1 1 100 1 1 1 1 1 1 1 1 1 1 1 1 1 1 1 1 1 1
staticfield java/lang/StringBuffer serialPersistentFields [Ljava/io/ObjectStreamField; 3 [Ljava/io/ObjectStreamField;
ciInstanceKlass java/lang/StringBuilder 1 1 422 10 7 12 1 1 1 10 12 1 10 12 1 10 12 1 1 10 7 12 1 1 1 10 7 12 1 1 1 10 12 1 10 12 1 10 12 1 10 12 1 10 12 1 10 12 1 10 12 1 10 12 1 10 12 1 10 12 1 10 12 1 10 12 1 10 12 1 10 12 1 1 10 12 1 10 12 1 1 10 12 1 1 10 12 1 10 12 1 10 12 1 10 12 1 10 12 1 10 12 1 10 12 1 10 12 10 12 1 10 12 1 10 12 1 10 12 1 1 10 12 1 10 12 1 10 12 10 12 1 1 10 12 1 10 12 1 10 12 1 10 100 12 1 1 1 9 12 1 1 10 12 1 10 12 1 1 10 12 1 1 9 12 1 1 10 100 12 1 1 1 10 100 1 10 12 1 1 10 100 12 1 1 10 12 1 10 12 1 1 100 1 100 1 8 1 10 10 12 1 1 10 12 1 10 12 1 10 12 1 1 10 12 1 10 12 1 10 12 1 10 12 1 10 12 1 10 12 10 12 1 10 12 1 10 12 1 10 12 1 10 12 1 10 12 1 10 12 1 10 12 1 10 12 1 1 10 12 1 1 10 12 1 10 12 1 10 12 1 10 12 10 12 10 12 1 10 12 1 10 12 1 10 12 10 12 1 10 12 1 10 12 1 10 12 1 10 12 1 10 12 1 10 12 1 10 12 1 10 12 1 1 10 12 1 10 12 1 1 10 12 1 10 12 1 1 10 12 1 10 12 1 1 10 12 1 10 12 1 10 12 1 10 10 12 1 10 12 1 100 1 100 1 100 1 100 1 1 1 1 5 0 1 1 1 1 1 1 1 1 1 1 1 1 1 1 1 1 1 1 1 1 1 1 1 1 1 1 1 1 1 1 1 1 1 1 1 1 1 1 1 1 1 1 1 1 100 1 1 1 100 1 1 1 1 1 1 1 1 1 1 1
ciInstanceKlass jdk/internal/misc/UnsafeConstants 1 1 34 10 100 12 1 1 1 9 7 12 1 1 1 9 12 1 9 12 1 1 9 12 1 9 12 1 1 1 1 1 1 1 1 1
staticfield jdk/internal/misc/UnsafeConstants ADDRESS_SIZE0 I 8
staticfield jdk/internal/misc/UnsafeConstants PAGE_SIZE I 4096
staticfield jdk/internal/misc/UnsafeConstants BIG_ENDIAN Z 0
staticfield jdk/internal/misc/UnsafeConstants UNALIGNED_ACCESS Z 1
staticfield jdk/internal/misc/UnsafeConstants DATA_CACHE_LINE_FLUSH_SIZE I 0
ciInstanceKlass jdk/internal/misc/Unsafe 1 1 1287 10 7 12 1 1 1 9 7 12 1 1 1 9 12 1 1 10 12 1 1 10 7 12 1 1 1 10 12 1 1 10 12 1 1 10 12 1 1 10 12 1 1 10 12 1 1 10 12 1 1 10 12 1 1 10 12 1 1 10 12 1 1 10 12 1 1 10 12 1 1 10 12 1 1 10 12 1 1 10 12 1 10 12 1 100 1 10 10 12 1 1 10 12 1 1 5 0 10 12 1 1 10 12 1 1 10 7 12 1 1 1 10 12 1 1 10 12 1 10 12 1 10 12 1 1 10 12 1 1 10 12 1 10 12 1 100 1 100 1 10 8 1 10 12 1 1 10 12 1 8 1 10 12 1 1 10 12 1 10 12 1 10 12 1 1 10 12 1 10 12 1 1 10 12 1 1 10 12 1 10 12 1 10 12 1 10 12 1 1 10 12 1 10 12 1 10 12 1 1 10 12 1 5 0 5 0 5 0 10 12 1 10 12 1 10 12 1 10 12 1 10 12 1 10 12 1 10 12 1 10 12 1 10 12 1 1 10 12 1 10 12 1 100 1 8 1 10 100 1 10 10 12 1 1 10 12 1 1 10 12 1 10 12 1 1 10 12 1 1 10 12 1 10 12 1 1 10 12 1 9 7 12 1 1 9 12 1 100 1 10 10 12 1 1 8 1 10 8 1 8 1 10 12 1 1 9 7 12 1 1 1 9 100 1 9 7 1 9 100 1 9 9 100 1 9 7 1 9 100 1 10 12 1 1 10 12 1 1 10 12 1 1 10 12 1 1 5 0 5 0 9 12 1 1 10 12 1 10 12 1 10 12 1 1 10 12 1 1 10 12 1 8 1 3 10 12 1 1 10 12 1 1 10 12 1 10 12 1 1 10 12 1 1 10 12 1 10 12 1 10 12 1 10 12 1 10 12 1 10 12 1 1 10 12 1 1 10 12 1 10 12 1 10 12 1 10 12 1 10 12 1 10 12 1 1 10 12 1 1 10 12 1 10 12 1 10 12 1 10 12 1 10 12 1 10 12 1 1 10 12 1 1 10 12 1 1 10 12 1 1 10 12 1 10 12 1 10 12 1 10 12 1 10 12 1 10 12 1 10 12 1 1 10 12 1 1 10 12 1 10 12 1 10 12 1 10 12 1 10 12 1 10 12 1 10 12 1 1 10 12 1 1 10 12 1 10 12 1 10 12 1 10 12 1 10 12 1 10 12 1 10 12 1 10 12 1 1 10 12 1 10 12 1 10 12 1 10 12 1 10 12 1 1 10 12 1 10 12 1 10 12 1 10 12 1 10 12 1 10 12 1 10 12 1 10 12 1 1 10 12 1 10 12 1 10 12 1 10 12 1 10 12 1 10 12 1 1 10 12 1 10 12 1 10 12 1 1 10 12 1 10 12 1 10 12 1 10 12 1 10 12 1 10 12 1 10 12 1 10 12 1 10 12 1 10 12 1 10 12 1 10 12 1 10 12 1 10 12 1 10 12 1 10 12 1 10 12 1 10 12 1 10 12 1 10 12 1 10 12 1 10 12 1 10 12 1 100 1 10 100 1 10 9 12 1 5 0 10 12 1 1 5 0 10 12 1 5 0 10 12 1 10 12 1 10 12 1 1 10 12 1 1 10 12 1 10 12 1 10 12 1 10 12 1 1 10 12 1 10 12 1 10 12 1 10 12 1 10 12 1 1 10 12 1 10 12 1 10 12 1 10 12 1 1 10 12 1 10 12 1 10 12 1 1 10 12 1 10 12 1 10 12 1 10 12 1 1 10 12 1 10 10 12 1 1 10 12 1 10 12 1 1 10 12 1 10 12 5 0 5 0 5 0 10 12 1 1 10 12 1 10 12 1 10 12 10 100 12 1 1 8 1 100 1 11 12 1 1 8 1 11 12 1 1 10 100 12 1 1 10 12 1 10 12 1 10 12 1 10 12 1 10 12 1 1 10 12 1 10 12 1 10 12 1 10 12 1 10 12 1 10 12 1 10 7 1 10 12 1 9 12 1 7 1 9 12 1 7 1 9 12 1 7 1 9 12 1 7 1 9 12 1 7 1 9 12 1 7 1 9 12 1 7 1 9 12 1 7 1 9 12 1 10 12 1 9 12 1 9 12 1 9 12 1 9 12 1 9 12 1 9 12 1 9 12 1 9 12 1 9 12 1 9 12 1 1 1 3 1 1 1 1 1 1 1 1 1 1 1 1 1 1 1 1 1 1 1 1 1 1 1 1 1 1 1 1 1 1 1 1 1 1 1 1 1 1 1 1 1 1 1 1 1 1 1 1 1 1 1 1 1 1 1 1 1 1 1 1 1 1 1 1 1 1 1 1 1 1 1 1 1 1 1 1 1 1 1 1 1 1 1 1 1 1 1 1 1 100 1 1 1 1 1 1 1 1 1 1 1 1 1 1 1 1 1 1 1 1 1 1 1 1 1 1 1 1 1 1 1 1 1 1 1 1 1 1 1 1 1 1 1 1 1 1 1 1 1 1 1 1 1 1 1 1 1 1 1 1 1 1 1 1 1 1 1 1 1 1 1 1 1 1 1 1 1 1 1 1 1 1 1 1 1 1 1 1 1 1 1 1 1 1 1 1 1 1 1 1 1 1 1 1 1 1 1 1 1 1 1 1 1 1 1 1 1 1 1 1 1 1 1 1 1 1 1 1 1 1 1 1 1 1 1 1 1 1 1 1 1 1 1 1 1 1 1 1 1 1 1 1 1 1 1 1 1 1 1 1 1 1 1 1 1 1 1 1 1 1 1 1 1 1 1 1 1 1 1 1 1 1 1 1 1 1 1 1 1 1 1 1 1 1 1 1 1 1 1 1 1 1 1 1 1 1 3 1 1 1 1 1 1 1 1 1 1 1 1 1 1 1 1 1 1 1 1 1
staticfield jdk/internal/misc/Unsafe theUnsafe Ljdk/internal/misc/Unsafe; jdk/internal/misc/Unsafe
staticfield jdk/internal/misc/Unsafe ARRAY_BOOLEAN_BASE_OFFSET I 16
staticfield jdk/internal/misc/Unsafe ARRAY_BYTE_BASE_OFFSET I 16
staticfield jdk/internal/misc/Unsafe ARRAY_SHORT_BASE_OFFSET I 16
staticfield jdk/internal/misc/Unsafe ARRAY_CHAR_BASE_OFFSET I 16
staticfield jdk/internal/misc/Unsafe ARRAY_INT_BASE_OFFSET I 16
staticfield jdk/internal/misc/Unsafe ARRAY_LONG_BASE_OFFSET I 16
staticfield jdk/internal/misc/Unsafe ARRAY_FLOAT_BASE_OFFSET I 16
staticfield jdk/internal/misc/Unsafe ARRAY_DOUBLE_BASE_OFFSET I 16
staticfield jdk/internal/misc/Unsafe ARRAY_OBJECT_BASE_OFFSET I 16
staticfield jdk/internal/misc/Unsafe ARRAY_BOOLEAN_INDEX_SCALE I 1
staticfield jdk/internal/misc/Unsafe ARRAY_BYTE_INDEX_SCALE I 1
staticfield jdk/internal/misc/Unsafe ARRAY_SHORT_INDEX_SCALE I 2
staticfield jdk/internal/misc/Unsafe ARRAY_CHAR_INDEX_SCALE I 2
staticfield jdk/internal/misc/Unsafe ARRAY_INT_INDEX_SCALE I 4
staticfield jdk/internal/misc/Unsafe ARRAY_LONG_INDEX_SCALE I 8
staticfield jdk/internal/misc/Unsafe ARRAY_FLOAT_INDEX_SCALE I 4
staticfield jdk/internal/misc/Unsafe ARRAY_DOUBLE_INDEX_SCALE I 8
staticfield jdk/internal/misc/Unsafe ARRAY_OBJECT_INDEX_SCALE I 4
staticfield jdk/internal/misc/Unsafe ADDRESS_SIZE I 8
ciInstanceKlass jdk/internal/module/Modules 1 1 504 10 100 12 1 1 1 9 7 12 1 1 1 11 7 12 1 1 1 11 12 1 1 11 12 1 1 11 12 1 1 11 12 1 11 12 1 11 12 1 11 12 1 11 12 1 1 10 100 12 1 1 1 10 100 12 1 1 1 18 12 1 1 10 100 12 1 1 1 100 1 10 100 12 1 1 1 10 100 12 1 1 1 10 100 12 1 1 10 12 1 1 11 12 1 9 12 1 1 11 100 12 1 1 1 10 12 1 1 10 10 12 1 10 9 12 1 1 10 100 12 1 1 10 12 1 1 10 100 12 1 1 100 1 11 100 12 1 1 1 10 100 12 1 1 1 11 100 12 1 1 10 12 1 1 10 100 12 1 1 10 100 12 1 1 1 10 12 1 1 10 12 1 1 11 12 1 1 18 12 1 1 11 100 12 1 1 10 100 12 1 1 1 11 100 12 1 1 1 100 1 11 12 1 1 11 100 12 1 1 1 11 12 1 1 10 12 1 1 10 100 12 1 1 18 12 1 1 11 12 1 1 18 12 1 1 11 12 1 1 10 12 1 18 18 10 12 1 1 9 12 1 1 11 100 12 1 1 1 100 1 10 11 12 1 11 12 1 1 11 12 1 1 10 100 1 10 12 1 1 10 100 12 1 1 10 12 1 1 11 12 10 12 1 1 100 1 10 18 12 1 10 12 1 1 100 1 8 1 10 12 1 10 100 12 1 1 18 12 1 11 11 12 10 12 1 10 10 100 1 18 12 1 10 10 10 7 12 1 1 10 7 12 1 1 1 10 12 1 1 1 1 1 1 1 1 1 1 1 1 1 1 1 1 1 1 1 1 1 1 1 1 1 1 1 1 1 1 1 1 1 100 1 1 1 1 1 1 1 1 1 1 1 1 1 1 1 1 1 1 1 1 1 1 1 1 1 1 1 1 1 1 1 1 1 1 1 100 1 1 1 1 1 1 1 1 1 1 1 1 1 1 1 1 1 1 1 1 1 1 1 16 15 10 12 1 16 16 15 10 12 1 16 1 16 1 15 10 12 1 16 1 16 1 15 10 12 16 1 15 10 16 1 15 10 12 16 1 15 10 12 16 15 10 12 16 15 10 12 15 10 100 12 1 1 1 1 1 1 100 1 100 1 1
staticfield jdk/internal/module/Modules JLA Ljdk/internal/access/JavaLangAccess; java/lang/System$2
staticfield jdk/internal/module/Modules JLMA Ljdk/internal/access/JavaLangModuleAccess; java/lang/module/ModuleDescriptor$1
staticfield jdk/internal/module/Modules $assertionsDisabled Z 1
ciInstanceKlass java/lang/AutoCloseable 1 0 12 100 1 100 1 1 1 1 100 1 1 1
ciInstanceKlass java/io/Closeable 1 0 14 100 1 100 1 100 1 1 1 1 100 1 1 1
instanceKlass java/io/SequenceInputStream
instanceKlass com/sun/org/apache/xerces/internal/impl/XMLEntityManager$RewindableInputStream
instanceKlass java/util/jar/JarVerifier$VerifierStream
instanceKlass java/io/ObjectInputStream
instanceKlass java/util/zip/ZipFile$ZipFileInputStream
instanceKlass java/io/FilterInputStream
instanceKlass java/io/FileInputStream
instanceKlass java/io/ByteArrayInputStream
ciInstanceKlass java/io/InputStream 1 1 195 100 1 10 7 12 1 1 1 100 1 10 10 7 12 1 1 1 10 7 12 1 1 1 10 12 1 100 1 3 10 12 1 1 100 1 8 1 10 12 1 10 7 12 1 1 1 3 100 1 8 1 10 10 100 12 1 1 1 100 1 10 11 100 12 1 1 1 10 12 1 1 11 12 1 1 11 100 12 1 1 1 11 12 1 1 100 1 10 100 12 1 1 1 5 0 10 12 1 10 12 1 1 100 1 10 8 1 10 8 1 8 1 10 12 1 1 10 7 12 1 1 1 100 1 5 0 10 12 1 100 1 100 1 1 1 1 3 1 3 1 1 1 1 1 1 1 1 1 1 1 1 1 1 1 1 1 1 1 1 1 1 1 1 1 1 1 1 1 1 1 1 1 1 1 1 1 1 1 1 1 1 1 1 1 1 1 1 1 1 1 1 1 1 1
ciInstanceKlass java/io/ByteArrayInputStream 1 1 117 10 7 12 1 1 1 9 7 12 1 1 1 9 12 1 1 9 12 1 9 12 1 10 100 12 1 1 1 10 7 12 1 1 1 10 7 12 1 1 1 10 7 12 1 1 1 10 12 1 1 3 10 100 1 10 100 12 1 1 1 9 12 1 1 100 1 10 10 7 12 1 1 1 1 1 1 1 1 1 1 1 1 1 1 1 1 1 1 1 1 1 1 1 1 1 1 1 1 1 1 1 100 1 1 1 1 1 1 1 1 1 1 1 1 1 1
staticfield java/io/ByteArrayInputStream $assertionsDisabled Z 1
ciInstanceKlass java/net/URL 1 1 771 10 7 12 1 1 1 10 12 1 10 7 12 1 1 9 12 1 1 9 12 1 10 7 12 1 1 1 10 12 1 1 10 12 1 1 9 12 1 1 10 7 12 1 1 1 8 1 10 12 1 1 7 1 10 10 12 1 1 8 1 10 12 1 1 9 12 1 100 1 8 1 10 12 1 10 12 1 8 1 9 12 1 10 12 1 1 9 12 1 10 12 1 10 12 1 9 12 1 9 12 1 8 1 9 12 1 10 12 1 1 8 1 9 12 1 1 10 12 1 1 10 7 12 1 1 1 8 1 10 12 1 7 1 10 12 1 10 12 1 10 12 1 10 12 1 1 10 12 1 1 8 1 10 12 1 1 10 12 1 8 1 9 12 1 8 1 10 12 1 10 7 12 1 1 1 100 1 10 12 1 10 12 1 1 10 7 12 1 1 1 100 1 8 1 10 10 12 1 8 1 10 12 1 1 10 12 1 10 12 1 10 12 1 10 12 1 10 12 1 10 12 1 8 1 10 12 1 8 1 10 10 100 1 10 10 12 1 8 1 10 7 12 1 1 1 10 12 1 9 100 12 1 1 1 10 100 12 1 1 1 9 12 1 1 10 12 1 10 100 12 1 1 1 100 1 100 1 10 12 1 10 12 1 10 12 1 10 12 1 10 12 1 10 12 10 10 12 1 10 12 1 10 12 1 1 8 1 9 100 12 1 1 1 10 100 12 1 1 1 10 12 1 1 9 100 12 1 1 1 10 12 1 1 100 1 10 12 1 10 12 1 10 10 12 1 1 10 12 1 1 10 12 1 10 12 1 10 12 1 10 7 12 1 1 1 10 12 1 1 10 12 1 9 12 1 1 9 12 1 1 100 1 8 1 10 10 12 1 9 12 1 1 10 7 12 1 1 8 1 10 7 12 1 1 8 1 10 12 1 1 10 12 1 8 1 8 1 10 7 12 1 1 1 100 1 10 100 12 1 1 1 10 12 1 10 12 1 7 1 10 9 7 12 1 1 1 10 7 12 1 1 10 12 1 1 10 12 1 8 1 7 1 10 10 7 12 1 1 1 10 12 1 8 9 100 12 1 1 1 10 12 1 1 10 12 1 10 12 1 1 10 7 12 1 1 11 7 12 1 1 10 12 1 10 12 1 9 12 1 10 12 1 1 10 100 12 1 1 10 100 12 1 1 1 8 10 100 12 1 1 100 1 10 8 8 10 12 1 8 8 8 100 1 10 12 1 9 12 1 1 10 12 1 10 12 1 1 10 12 1 10 12 10 12 1 1 10 12 1 1 10 10 10 12 1 10 12 1 10 12 1 10 12 1 10 12 1 10 10 12 1 100 1 8 1 10 10 10 12 1 1 10 12 1 10 12 1 1 8 1 7 1 10 10 7 1 10 12 1 9 7 12 1 1 1 9 12 1 1 7 1 10 10 7 12 1 1 1 100 1 1 1 1 1 5 0 1 1 1 1 1 1 1 1 1 1 1 1 1 1 1 1 1 1 1 1 1 1 1 1 1 1 1 1 1 1 1 1 1 1 1 1 1 1 1 1 1 1 1 1 1 1 1 1 100 1 1 1 1 1 1 1 1 1 1 1 1 1 1 1 1 1 1 1 1 1 1 1 1 1 1 1 1 1 1 1 1 1 1 1 1 1 100 1 1 1 1 1 1 1 1 1 1 1 1 1 1 1 1 1 100 1 1 1 1 1 1 1 1 1 1 1 1 1 1 1 1 1 1 1
staticfield java/net/URL defaultFactory Ljava/net/URLStreamHandlerFactory; java/net/URL$DefaultFactory
staticfield java/net/URL streamHandlerLock Ljava/lang/Object; java/lang/Object
staticfield java/net/URL serialPersistentFields [Ljava/io/ObjectStreamField; 7 [Ljava/io/ObjectStreamField;
instanceKlass org/eclipse/lsp4j/jsonrpc/messages/ResponseErrorCode
instanceKlass org/eclipse/lsp4j/InsertTextFormat
instanceKlass org/eclipse/lsp4j/CompletionTriggerKind
instanceKlass org/languagetool/rules/GenericUnpairedBracketsRule$Symbol$Type
instanceKlass io/opentelemetry/api/trace/StatusCode
instanceKlass io/opentelemetry/context/ThreadLocalContextStorage
instanceKlass io/opentelemetry/api/common/AttributeType
instanceKlass org/languagetool/tools/TelemetryProvider
instanceKlass org/languagetool/rules/SuggestedReplacement$SuggestionType
instanceKlass org/languagetool/rules/RuleMatch$Type
instanceKlass org/languagetool/rules/AbstractSimpleReplaceRule2$CaseSensitivy
instanceKlass com/carrotsearch/hppc/HashOrderMixing$Strategy
instanceKlass morfologik/fsa/builders/FSABuilder$InfoEntry
instanceKlass org/languagetool/markup/AnnotatedText$MetaDataKey
instanceKlass org/languagetool/JLanguageTool$Mode
instanceKlass org/languagetool/JLanguageTool$ParagraphHandling
instanceKlass org/languagetool/JLanguageTool$Level
instanceKlass org/apache/commons/text/translate/NumericEntityUnescaper$OPTION
instanceKlass org/apache/commons/lang3/Range$ComparableComparator
instanceKlass org/languagetool/markup/TextPart$Type
instanceKlass org/bsplines/ltexls/parsing/latex/LatexAnnotatedTextBuilder$Mode
instanceKlass org/bsplines/ltexls/parsing/latex/LatexAnnotatedTextBuilder$MathVowelState
instanceKlass org/bsplines/ltexls/parsing/CharacterBasedCodeAnnotatedTextBuilder$BracketType
instanceKlass org/bsplines/ltexls/parsing/latex/LatexCommandSignature$ArgumentType
instanceKlass org/bsplines/ltexls/parsing/latex/LatexCommandSignature$Action
instanceKlass kotlin/text/RegexOption
instanceKlass org/languagetool/ToneTag
instanceKlass org/eclipse/lsp4j/WorkDoneProgressKind
instanceKlass org/eclipse/lsp4j/CodeActionTriggerKind
instanceKlass org/bsplines/ltexls/settings/Settings$CheckFrequency
instanceKlass org/eclipse/lsp4j/TextDocumentSyncKind
instanceKlass java/lang/StackStreamFactory$WalkerState
instanceKlass java/lang/StackWalker$ExtendedOption
instanceKlass java/lang/StackWalker$Option
instanceKlass org/eclipse/lsp4j/DiagnosticTag
instanceKlass org/eclipse/lsp4j/PrepareSupportDefaultBehavior
instanceKlass org/eclipse/lsp4j/CompletionItemKind
instanceKlass org/eclipse/lsp4j/CompletionItemTag
instanceKlass org/eclipse/lsp4j/InsertTextMode
instanceKlass org/eclipse/lsp4j/SymbolTag
instanceKlass org/eclipse/lsp4j/SymbolKind
instanceKlass com/google/gson/ReflectionAccessFilter$FilterResult
instanceKlass com/google/gson/stream/JsonToken
instanceKlass com/google/gson/Strictness
instanceKlass com/google/gson/LongSerializationPolicy
instanceKlass com/google/gson/ToNumberPolicy
instanceKlass com/google/gson/FieldNamingPolicy
instanceKlass sun/util/logging/PlatformLogger$Level
instanceKlass morfologik/stemming/EncoderType
instanceKlass morfologik/fsa/FSAFlags
instanceKlass morfologik/stemming/DictionaryAttribute
instanceKlass java/util/stream/MatchOps$MatchKind
instanceKlass java/lang/Character$UnicodeScript
instanceKlass org/languagetool/rules/patterns/Match$IncludeRange
instanceKlass org/languagetool/rules/patterns/Match$CaseConversion
instanceKlass org/languagetool/rules/patterns/XMLRuleHandler$RegexpMode
instanceKlass org/languagetool/tagging/disambiguation/rules/DisambiguationPatternRule$DisambiguatorAction
instanceKlass com/google/common/collect/MapMaker$Dummy
instanceKlass com/google/common/collect/MapMakerInternalMap$Strength
instanceKlass com/google/common/cache/LocalCache$NullEntry
instanceKlass com/google/common/util/concurrent/AbstractFutureState$VarHandleAtomicHelperMaker
instanceKlass org/languagetool/Tag
instanceKlass org/languagetool/rules/ITSIssueType
instanceKlass org/languagetool/rules/Category$Location
instanceKlass org/languagetool/UserConfig$TokenType
instanceKlass java/util/stream/Collector$Characteristics
instanceKlass com/google/common/cache/LocalCache$EntryFactory
instanceKlass com/google/common/cache/CacheBuilder$NullListener
instanceKlass com/google/common/cache/CacheBuilder$OneWeigher
instanceKlass com/google/common/cache/LocalCache$Strength
instanceKlass jdk/internal/logger/BootstrapLogger$LoggingBackend
instanceKlass java/util/stream/StreamShape
instanceKlass java/math/RoundingMode
instanceKlass sun/util/locale/provider/LocaleProviderAdapter$Type
instanceKlass javax/xml/catalog/CatalogFeatures$State
instanceKlass com/sun/org/apache/xerces/internal/impl/XMLScanner$NameType
instanceKlass jdk/xml/internal/JdkProperty$ImplPropMap
instanceKlass jdk/xml/internal/JdkXmlFeatures$XmlFeature
instanceKlass com/sun/org/apache/xerces/internal/utils/XMLSecurityPropertyManager$Property
instanceKlass com/sun/org/apache/xerces/internal/utils/XMLSecurityPropertyManager$State
instanceKlass com/sun/org/apache/xerces/internal/util/Status
instanceKlass com/sun/org/apache/xerces/internal/utils/XMLSecurityManager$NameMap
instanceKlass jdk/xml/internal/JdkProperty$State
instanceKlass com/sun/org/apache/xerces/internal/utils/XMLSecurityManager$Limit
instanceKlass javax/xml/catalog/CatalogFeatures$Feature
instanceKlass org/languagetool/LtBuildInfo
instanceKlass org/slf4j/helpers/Reporter$Level
instanceKlass org/slf4j/helpers/Reporter$TargetChoice
instanceKlass java/util/stream/StreamOpFlag$Type
instanceKlass java/util/stream/StreamOpFlag
instanceKlass org/eclipse/lsp4j/DiagnosticSeverity
instanceKlass jdk/internal/icu/util/CodePointTrie$ValueWidth
instanceKlass jdk/internal/icu/util/CodePointTrie$Type
instanceKlass java/text/Normalizer$Form
instanceKlass sun/security/util/DisabledAlgorithmConstraints$Constraint$Operator
instanceKlass java/lang/System$Logger$Level
instanceKlass sun/security/rsa/RSAUtil$KeyType
instanceKlass sun/security/util/KnownOIDs
instanceKlass picocli/CommandLine$ParseResult$GroupValidationResult$Type
instanceKlass java/util/Comparators$NaturalOrderComparator
instanceKlass picocli/CommandLine$Model$InitialValueState
instanceKlass picocli/CommandLine$Help$Visibility
instanceKlass picocli/CommandLine$ScopeType
instanceKlass java/lang/reflect/ProxyGenerator$PrimitiveTypeInfo
instanceKlass java/lang/annotation/RetentionPolicy
instanceKlass java/time/format/TextStyle
instanceKlass java/time/format/DateTimeFormatterBuilder$SettingsParser
instanceKlass java/time/format/ResolverStyle
instanceKlass java/time/format/SignStyle
instanceKlass java/time/temporal/JulianFields$Field
instanceKlass java/time/temporal/IsoFields$Unit
instanceKlass java/time/temporal/IsoFields$Field
instanceKlass java/time/chrono/IsoEra
instanceKlass java/time/DayOfWeek
instanceKlass java/time/Month
instanceKlass java/time/temporal/ChronoUnit
instanceKlass java/time/temporal/ChronoField
instanceKlass picocli/CommandLine$Help$Ansi$Style
instanceKlass picocli/CommandLine$Help$Ansi
instanceKlass org/bsplines/ltexls/LtexLanguageServerLauncher$ServerType
instanceKlass picocli/CommandLine$TraceLevel
instanceKlass org/fusesource/jansi/AnsiColors
instanceKlass org/fusesource/jansi/AnsiMode
instanceKlass org/fusesource/jansi/AnsiType
instanceKlass java/nio/file/StandardCopyOption
instanceKlass java/util/Locale$Category
instanceKlass java/util/regex/Pattern$Qtype
instanceKlass java/lang/invoke/MethodHandles$Lookup$ClassOption
instanceKlass java/lang/invoke/VarHandle$AccessType
instanceKlass java/lang/invoke/VarHandle$AccessMode
instanceKlass java/lang/invoke/MethodHandleImpl$Intrinsic
instanceKlass java/lang/invoke/LambdaForm$BasicType
instanceKlass java/lang/invoke/LambdaForm$Kind
instanceKlass sun/invoke/util/Wrapper
instanceKlass java/util/zip/ZipCoder$Comparison
instanceKlass java/nio/file/LinkOption
instanceKlass sun/nio/fs/WindowsPathType
instanceKlass java/nio/file/StandardOpenOption
instanceKlass java/util/concurrent/TimeUnit
instanceKlass java/io/File$PathStatus
instanceKlass java/lang/module/ModuleDescriptor$Requires$Modifier
instanceKlass java/lang/reflect/AccessFlag$Location
instanceKlass java/lang/reflect/AccessFlag
instanceKlass java/lang/module/ModuleDescriptor$Modifier
instanceKlass java/lang/reflect/ClassFileFormatVersion
instanceKlass java/lang/Thread$State
ciInstanceKlass java/lang/Enum 1 1 204 9 7 12 1 1 1 9 12 1 1 10 7 12 1 1 1 9 12 1 10 7 12 1 1 1 100 1 10 10 12 1 1 10 12 1 100 1 10 10 7 12 1 1 10 12 1 1 18 12 1 1 10 100 12 1 1 1 10 12 1 1 11 7 12 1 1 1 100 1 8 1 10 12 1 100 1 100 1 10 8 1 10 12 1 1 10 12 1 1 8 1 10 12 1 10 100 1 8 1 10 10 12 1 1 10 100 12 1 1 1 100 1 100 1 100 1 1 1 1 1 1 1 1 1 1 1 1 1 1 1 1 1 1 1 1 1 1 1 1 1 1 1 1 1 1 1 1 1 1 1 1 1 1 1 1 1 1 1 1 1 1 1 3 1 1 1 1 100 1 100 1 1 100 1 1 1 1 1 1 1 1 1 1 1 16 15 10 12 16 15 10 100 12 1 1 1 1 1 100 1 100 1 1
ciInstanceKlass java/util/jar/Manifest 1 1 339 10 7 12 1 1 1 7 1 10 9 7 12 1 1 1 7 1 10 9 12 1 1 9 12 1 1 10 12 1 10 12 1 1 10 12 1 1 10 12 1 1 10 12 1 1 11 7 1 11 12 1 1 10 12 1 1 10 100 12 1 1 1 100 1 100 1 10 8 1 10 12 1 1 10 12 1 1 10 12 1 10 12 1 11 100 1 10 12 1 10 12 1 1 11 12 1 1 10 12 1 11 12 1 1 11 100 12 1 1 1 11 100 12 1 1 11 12 1 1 100 1 10 12 1 8 1 11 12 1 7 1 10 12 1 1 11 12 1 10 12 1 10 12 1 10 100 12 1 1 1 8 1 10 12 1 1 10 9 7 12 1 1 1 10 12 1 1 10 100 12 1 10 12 1 10 12 1 9 100 12 1 1 1 8 1 10 12 1 8 1 8 1 7 1 10 12 1 10 12 1 10 12 1 1 100 1 8 1 10 12 1 1 8 1 10 10 12 1 1 8 1 10 12 1 1 10 7 12 1 1 1 10 12 1 10 11 12 1 1 10 12 1 10 7 12 1 1 1 10 12 1 1 10 12 1 10 12 1 1 11 10 12 1 11 10 12 1 100 1 1 1 1 1 1 1 1 1 1 1 1 1 1 1 1 1 1 1 1 1 1 1 1 1 1 1 1 1 1 1 1 1 1 1 1 1 1 1 1 1 1 1 100 1 1 1 1 1 1 1 1 1 1 1 1 1 1 100 1 1 1 1 1 1 1 1 1 1 1
instanceKlass jdk/internal/loader/ClassLoaders$BootClassLoader
instanceKlass jdk/internal/loader/ClassLoaders$PlatformClassLoader
instanceKlass jdk/internal/loader/ClassLoaders$AppClassLoader
ciInstanceKlass jdk/internal/loader/BuiltinClassLoader 1 1 737 9 7 12 1 1 1 10 7 12 1 1 1 10 7 12 1 1 1 9 12 1 1 9 12 1 1 7 1 10 12 1 9 12 1 10 12 1 9 12 1 10 7 12 1 1 1 10 7 12 1 1 1 10 7 12 1 1 1 11 7 12 1 1 1 100 1 100 1 10 10 12 1 1 8 1 10 12 1 10 12 7 1 10 12 1 10 12 1 1 11 7 12 1 1 1 11 7 12 1 1 1 11 12 1 1 7 1 8 1 8 1 10 9 12 1 1 10 7 12 1 1 11 12 1 1 10 12 1 1 10 12 1 1 10 12 1 1 10 7 12 1 1 1 10 12 1 10 100 12 1 1 1 10 12 1 1 11 7 12 1 1 1 10 7 12 1 1 7 1 10 7 12 1 1 1 10 12 1 100 1 8 1 10 12 1 1 10 8 1 10 12 1 1 10 12 1 1 10 12 1 1 11 7 12 1 1 11 12 1 7 1 10 11 12 1 1 11 10 12 1 1 7 1 10 12 1 10 7 12 1 10 12 1 7 1 10 12 1 10 7 12 1 1 1 100 1 10 12 1 1 11 12 1 100 1 100 1 10 12 1 10 12 1 1 100 1 100 1 10 12 1 10 12 1 18 12 1 1 10 12 1 10 12 1 1 18 100 1 10 7 12 1 1 1 7 1 10 10 12 1 1 10 12 1 1 10 12 1 1 10 12 1 9 12 1 1 100 1 10 10 12 1 1 10 12 1 1 10 12 1 10 12 10 12 1 1 10 12 1 1 10 12 1 1 10 12 1 10 12 1 1 18 12 1 7 1 10 12 1 1 10 12 1 10 12 1 1 10 12 1 100 1 10 12 1 7 1 10 12 1 10 7 12 1 1 1 10 12 1 11 12 1 7 1 10 12 1 7 1 100 1 10 12 1 10 12 1 11 12 1 1 10 12 1 1 10 12 1 1 10 12 1 1 10 12 1 1 10 12 1 10 12 1 10 12 1 10 12 1 8 1 10 12 1 1 10 7 12 1 1 10 12 1 100 1 8 1 8 1 10 10 12 1 8 1 8 1 10 7 12 1 1 1 11 7 12 1 1 1 9 7 12 1 1 1 10 7 12 1 1 1 9 12 1 9 12 1 9 12 1 9 12 1 9 12 1 9 12 1 10 7 12 1 1 1 8 1 10 12 1 7 1 10 12 1 1 10 12 1 7 1 10 11 12 1 1 10 12 10 12 1 10 12 1 100 1 10 12 1 10 12 1 10 10 12 1 10 7 12 1 1 8 1 10 7 12 1 1 10 12 1 1 1 1 1 1 1 1 1 1 1 1 1 1 1 1 1 1 1 1 1 1 1 1 1 1 1 1 1 1 1 1 1 1 1 1 1 1 1 1 1 1 1 1 1 1 1 1 1 1 1 1 1 1 1 1 100 1 1 1 1 1 1 1 1 1 1 1 1 1 1 1 1 1 1 100 1 100 1 1 1 1 1 1 1 1 1 1 1 1 1 1 1 1 1 1 1 1 1 1 1 1 1 1 1 1 1 1 1 1 1 1 1 1 1 1 1 1 1 1 1 1 1 1 1 1 1 1 1 100 1 1 16 15 10 12 16 15 10 12 16 15 10 12 16 1 15 10 100 12 1 1 1 1 1 100 1 1 1 1 1 100 1 100 1 1
staticfield jdk/internal/loader/BuiltinClassLoader packageToModule Ljava/util/Map; java/util/concurrent/ConcurrentHashMap
staticfield jdk/internal/loader/BuiltinClassLoader $assertionsDisabled Z 1
ciInstanceKlass jdk/internal/loader/ClassLoaders 1 1 183 10 100 12 1 1 1 10 7 12 1 1 1 10 12 1 1 10 100 12 1 1 1 9 7 12 1 1 1 9 12 1 1 9 12 1 1 7 1 11 100 12 1 1 1 100 1 11 12 1 1 11 12 1 1 10 100 12 1 1 1 10 100 12 1 1 1 100 1 100 1 10 7 12 1 1 1 9 12 1 1 10 12 1 1 7 1 10 12 1 1 10 12 1 7 1 8 1 10 7 12 1 1 1 10 12 1 1 7 1 10 12 1 10 12 1 10 12 1 8 1 10 7 12 1 1 8 1 8 1 10 12 1 7 1 10 12 1 10 12 1 10 12 1 1 1 1 1 1 1 1 1 1 1 1 1 1 1 1 1 1 1 1 100 1 1 1 1 1 1 1 1 1 1 1 1 1 1 1 1 1 1 1
staticfield jdk/internal/loader/ClassLoaders JLA Ljdk/internal/access/JavaLangAccess; java/lang/System$2
staticfield jdk/internal/loader/ClassLoaders BOOT_LOADER Ljdk/internal/loader/ClassLoaders$BootClassLoader; jdk/internal/loader/ClassLoaders$BootClassLoader
staticfield jdk/internal/loader/ClassLoaders PLATFORM_LOADER Ljdk/internal/loader/ClassLoaders$PlatformClassLoader; jdk/internal/loader/ClassLoaders$PlatformClassLoader
staticfield jdk/internal/loader/ClassLoaders APP_LOADER Ljdk/internal/loader/ClassLoaders$AppClassLoader; jdk/internal/loader/ClassLoaders$AppClassLoader
ciInstanceKlass jdk/internal/loader/ClassLoaders$AppClassLoader 1 1 119 8 1 10 7 12 1 1 1 10 7 12 1 1 1 10 100 12 1 1 1 10 12 1 1 10 100 12 1 1 1 10 12 1 1 10 12 1 1 7 1 8 1 10 12 10 7 12 1 1 1 10 100 12 1 1 10 12 1 1 10 12 1 1 10 7 12 1 1 1 100 1 10 12 1 1 1 1 1 1 1 1 1 1 1 1 1 1 1 1 1 1 1 1 1 100 1 1 1 1 1 1 1 1 1 1 1 1 1 1 1 1 1 1 1 100 1 1 1
ciInstanceKlass jdk/internal/loader/ClassLoaders$PlatformClassLoader 1 1 42 8 1 10 7 12 1 1 1 10 7 12 1 1 1 100 1 10 12 1 100 1 1 1 1 1 1 1 1 1 1 1 1 1 1 100 1 1 1 100 1 1
ciInstanceKlass java/security/CodeSource 1 1 398 10 7 12 1 1 1 9 7 12 1 1 1 9 12 1 1 9 12 1 1 9 12 1 1 10 7 12 1 1 1 9 12 1 1 10 7 12 1 1 10 7 10 100 12 1 1 1 10 100 12 1 1 1 10 12 1 1 7 1 10 10 7 12 1 1 1 10 7 12 1 1 1 10 12 1 1 100 1 10 12 1 1 10 12 1 1 10 12 1 1 10 12 1 10 10 10 12 1 1 10 100 12 1 1 1 10 12 1 10 12 1 10 12 1 8 1 10 12 1 10 12 1 10 12 1 1 10 12 1 8 1 10 12 1 1 10 100 1 10 10 12 1 1 8 1 10 12 1 10 12 1 10 12 1 8 1 8 1 9 12 1 1 100 1 8 1 10 12 1 10 12 1 1 8 1 10 12 1 8 1 8 1 8 1 10 100 12 1 1 10 12 1 1 10 12 1 10 12 1 1 10 12 1 1 10 12 1 1 100 1 100 1 10 12 1 10 12 10 12 1 1 10 100 12 1 1 10 12 1 100 1 10 12 10 100 12 1 1 1 10 8 1 10 12 1 10 12 1 10 12 1 1 100 1 10 12 1 1 100 1 100 1 8 1 8 1 10 10 12 1 1 10 100 12 1 1 1 100 1 10 12 10 12 1 1 11 100 12 1 1 10 10 12 1 11 10 12 1 8 1 100 1 10 12 1 10 12 1 1 10 12 1 11 12 1 1 100 1 1 1 1 5 0 1 1 1 1 1 1 1 1 1 1 1 1 1 1 1 1 1 1 1 1 1 1 1 1 1 1 1 1 1 1 1 1 1 1 1 1 1 1 1 1 1 1 1 1 1 1 1 1 1 1 1 1 1 1 1 1 1 1 1 1 1 1 1 1 1 1 100 1 1 1 1 1 1 1
ciInstanceKlass java/util/concurrent/ConcurrentMap 1 1 208 11 100 12 1 1 1 10 100 12 1 1 11 12 1 1 11 100 12 1 1 1 11 100 12 1 1 1 11 12 1 1 100 1 11 12 1 11 12 1 100 1 11 100 12 1 1 1 18 12 1 11 12 1 1 11 100 12 1 1 11 12 1 1 11 100 12 1 11 12 1 1 11 12 1 1 100 1 100 1 1 1 1 1 1 1 1 1 1 1 1 1 1 1 1 1 1 1 1 1 1 1 1 1 1 1 1 1 1 1 1 1 1 1 1 1 1 1 1 1 1 1 1 1 1 1 1 1 1 1 1 1 1 1 1 1 1 1 1 16 15 11 12 15 10 100 12 1 1 1 1 1 100 1 100 1 1 1 100 1 8 1 1 12 10 1 1 1 8 1 1 1 8 1 1 8 1 1 1 8 1 1 1 8 1 1 1 8 1 1 1 8 1 1 1 8 1 1 1 8 1 1 1 8 1 1 8 1
instanceKlass com/google/gson/internal/LinkedTreeMap
instanceKlass com/google/common/collect/MapMakerInternalMap
instanceKlass com/google/common/cache/LocalCache
instanceKlass java/util/EnumMap
instanceKlass picocli/CommandLine$Model$CaseAwareLinkedMap
instanceKlass java/util/Collections$SingletonMap
instanceKlass java/util/TreeMap
instanceKlass java/util/IdentityHashMap
instanceKlass java/util/WeakHashMap
instanceKlass java/util/Collections$EmptyMap
instanceKlass sun/util/PreHashedMap
instanceKlass java/util/HashMap
instanceKlass java/util/ImmutableCollections$AbstractImmutableMap
instanceKlass java/util/concurrent/ConcurrentHashMap
ciInstanceKlass java/util/AbstractMap 1 1 196 10 7 12 1 1 1 10 7 12 1 1 1 11 7 12 1 1 1 10 11 12 1 1 11 7 12 1 1 1 11 12 1 1 7 1 11 12 1 10 12 1 1 11 12 1 100 1 10 11 12 1 11 7 1 10 12 1 1 11 12 1 9 12 1 1 7 1 10 12 1 9 12 1 1 100 1 10 11 11 12 1 1 11 12 1 100 1 100 1 11 12 1 8 1 100 1 10 10 12 1 1 8 1 10 12 1 10 12 1 1 10 12 1 1 1 1 1 1 1 1 1 1 1 1 1 1 1 1 1 1 1 1 1 1 1 1 1 1 1 1 1 1 1 1 1 1 1 1 1 1 1 1 100 1 1 1 1 1 1 1 100 1 1 1 1 1 1 1 1 1 100 1 1 1 1 1 1 1 1 1 100 1 100 1 100 1 100 1 100 1 1 1 1 1 1
ciInstanceKlass java/util/concurrent/ConcurrentHashMap 1 1 1210 7 1 7 1 3 10 12 1 1 3 100 1 10 7 12 1 1 1 100 1 10 100 12 1 1 1 100 1 11 12 1 1 11 12 1 11 12 1 1 9 12 1 1 9 12 1 1 9 12 1 10 7 12 1 1 1 7 1 10 12 1 1 10 12 1 1 10 7 12 1 1 1 4 10 12 1 9 12 1 10 12 1 1 100 1 10 5 0 10 12 1 10 12 1 1 5 0 10 12 1 1 10 12 1 9 12 1 1 10 12 1 1 9 12 1 9 12 1 1 10 12 1 1 9 12 1 10 12 1 1 9 12 1 1 10 12 1 1 100 1 10 7 1 10 12 1 10 12 1 1 10 12 1 1 10 12 1 1 10 12 1 10 12 1 1 10 12 1 1 100 1 10 12 1 1 7 1 100 1 8 1 10 12 1 10 12 1 1 10 12 1 1 11 7 12 1 1 10 12 1 1 11 12 1 1 11 7 12 1 1 1 11 7 12 1 1 1 11 12 1 7 1 11 12 1 11 12 1 10 12 1 1 10 12 1 1 9 12 1 1 10 100 12 1 1 1 9 10 12 1 1 9 12 1 10 12 1 1 5 0 9 12 1 1 7 1 10 12 1 9 12 1 1 7 1 10 12 1 9 12 1 7 1 10 100 1 10 10 12 1 1 8 1 10 12 1 10 12 1 1 11 100 1 10 12 1 10 100 12 1 1 1 8 1 10 100 12 1 1 1 8 1 10 12 1 8 1 10 12 1 10 12 1 1 10 100 12 1 1 10 12 1 10 12 1 10 12 1 9 12 1 9 10 12 1 9 12 1 1 11 100 12 1 1 1 11 7 12 1 1 1 7 1 10 12 11 7 12 1 1 10 11 7 12 1 10 12 1 100 1 10 12 1 100 1 10 10 9 7 12 1 1 1 10 12 3 10 100 12 1 1 9 12 1 10 12 1 1 9 12 1 1 9 12 1 10 12 1 1 10 100 12 1 1 9 12 1 9 7 12 1 1 10 12 1 1 10 12 1 3 9 12 1 9 12 1 10 12 1 1 7 1 9 3 9 12 1 100 1 10 12 1 9 12 1 10 12 1 9 12 1 10 12 1 9 12 1 10 100 12 1 1 1 100 10 12 1 100 1 5 0 10 100 12 1 1 100 1 10 12 1 1 10 12 1 10 12 1 100 1 10 12 1 10 100 1 100 1 10 10 12 1 10 100 1 10 12 1 10 100 1 10 12 1 10 100 1 10 12 1 1 100 1 10 12 1 10 10 12 1 100 1 10 12 1 10 10 12 1 100 1 10 12 1 10 100 1 10 12 1 10 100 1 10 12 1 10 100 1 10 12 1 10 100 1 10 12 1 10 100 1 10 12 1 10 100 1 10 12 1 10 100 1 10 12 1 10 100 1 10 10 100 1 10 10 100 1 10 10 100 1 10 12 1 10 100 1 10 12 1 10 100 1 10 12 1 10 100 1 10 12 1 10 100 1 10 12 1 10 100 1 10 10 100 1 10 10 100 1 10 10 100 1 10 12 1 10 100 1 10 12 1 10 100 1 10 12 1 10 100 1 10 12 1 10 100 1 10 12 1 10 10 12 1 10 7 12 1 1 1 10 12 1 7 1 7 1 10 12 1 9 12 1 1 9 12 1 1 10 12 1 1 8 10 12 1 1 8 8 8 8 7 10 12 1 1 10 12 1 100 1 8 1 10 7 1 100 1 100 1 1 1 5 0 1 1 3 1 3 1 1 1 1 3 1 3 1 3 1 1 1 1 1 3 1 3 1 3 1 1 1 1 1 1 1 1 1 1 1 1 1 1 1 1 1 1 1 1 1 1 1 1 1 100 1 1 1 1 1 1 1 1 1 1 1 1 1 1 1 1 1 1 1 1 1 1 1 1 1 1 1 1 1 1 1 1 1 1 1 1 1 1 1 1 1 1 1 1 1 1 1 1 1 1 1 1 1 1 1 1 1 1 1 1 1 1 1 1 1 1 1 1 1 1 1 1 1 1 1 1 1 1 1 1 1 1 1 1 100 1 1 1 1 1 1 1 1 1 1 1 100 1 1 1 1 1 1 1 1 1 1 1 1 1 1 1 1 1 1 1 1 1 1 1 1 1 1 1 1 1 1 1 1 1 1 1 1 1 1 1 1 1 1 1 1 1 1 1 1 1 1 1 1 1 1 1 1 1 1 1 1 1 1 1 1 1 1 1 1 1 1 1 1 1 1 1 1 1 1 1 1 1 1 1 1 1 1 1 1 1 1 1 1 1 1 1 1 1 1 1 1 1 1 1 1 1 1 1 1 1 1 1 1 1 1 1 1 1 1 1 1 1 1 1 1 1 1 1 1 1 1 1 1 1 1 1 1 1 1 1 1 1 1 1 1 1 1 1 1 1 1 1 1 1 1 1 1 1 1 1 1 1 1 1 1 1 1 1 1 1 1 1 1 1 1 1 1 1 1 1 1 1 1 1 1 1 1 1 1 1 1 1 1 1 1 1 1 1 1 1 1 1 1 1 1 1 1 1 1 1 1 1 1 1 1 1 1 1 1 1 1 1 1 1 100 1 100 1 100 1 100 1 100 1 100 1 100 1 100 1 100 1 1 1 1 1 1 1 1 1 1 1 1 1 1 1 1 1 1 1 1 1 1 1 1 1 1 1 1 1 1 1 1 1 1 1 1 1 1 1 1 1 1 1 1 1 1 1 1 1 1 1 1 1 1 1 1 1 1
staticfield java/util/concurrent/ConcurrentHashMap NCPU I 8
staticfield java/util/concurrent/ConcurrentHashMap serialPersistentFields [Ljava/io/ObjectStreamField; 3 [Ljava/io/ObjectStreamField;
staticfield java/util/concurrent/ConcurrentHashMap U Ljdk/internal/misc/Unsafe; jdk/internal/misc/Unsafe
staticfield java/util/concurrent/ConcurrentHashMap SIZECTL J 20
staticfield java/util/concurrent/ConcurrentHashMap TRANSFERINDEX J 32
staticfield java/util/concurrent/ConcurrentHashMap BASECOUNT J 24
staticfield java/util/concurrent/ConcurrentHashMap CELLSBUSY J 36
staticfield java/util/concurrent/ConcurrentHashMap CELLVALUE J 144
staticfield java/util/concurrent/ConcurrentHashMap ABASE I 16
staticfield java/util/concurrent/ConcurrentHashMap ASHIFT I 2
ciInstanceKlass java/lang/Iterable 1 1 62 10 7 12 1 1 1 11 7 12 1 1 1 11 7 12 1 1 1 11 12 1 1 11 7 12 1 1 1 10 100 12 1 1 1 100 1 1 1 1 1 1 1 1 1 1 1 1 1 1 1 1 1 1 1 1 1 1 1 1 1 1
ciInstanceKlass java/util/Collection 1 1 115 11 100 12 1 1 1 100 1 11 7 12 1 1 1 10 7 12 1 1 1 11 12 1 1 11 7 12 1 1 1 11 12 1 1 11 7 12 1 1 1 11 12 1 1 10 100 12 1 1 1 11 12 1 10 7 12 1 1 1 100 1 100 1 1 1 1 1 1 1 1 1 1 1 1 1 1 1 1 1 1 1 1 1 1 1 1 1 1 1 1 1 1 1 1 1 1 1 1 1 1 1 1 1 1 1 1 1 1 1 1 1 1 1 1
ciInstanceKlass java/util/SequencedCollection 1 1 109 100 1 10 12 1 1 11 100 12 1 1 1 11 100 12 1 1 1 11 12 1 1 11 12 1 100 1 100 1 1 1 1 1 1 1 1 1 1 1 1 1 1 1 1 1 1 1 1 1 1 1 1 1 1 1 1 1 100 1 8 1 1 12 10 1 1 1 8 1 1 1 8 1 1 1 8 1 1 1 8 1 1 8 1 1 1 8 1 1 8 1 1 1 8 1 1 8 1 1 1 8 1 1 8 1 1 8 1
ciInstanceKlass java/util/List 1 1 251 10 100 12 1 1 1 11 100 12 1 1 1 11 100 12 1 1 1 11 12 1 1 11 100 12 1 1 11 12 1 1 11 12 1 1 10 100 12 1 1 1 7 1 7 1 10 12 1 1 100 1 10 100 12 1 1 1 11 12 1 1 11 12 1 11 12 1 100 1 10 12 1 11 12 1 1 11 12 1 1 11 12 1 10 100 12 1 1 1 9 7 12 1 1 1 7 1 10 12 10 12 1 7 1 10 12 1 1 10 12 1 10 12 1 1 11 12 1 1 100 1 1 1 1 1 1 1 1 1 1 1 1 1 1 1 1 1 1 1 1 1 1 1 1 1 1 1 1 1 1 1 1 1 1 1 1 1 1 1 1 1 1 1 1 100 1 100 1 1 1 1 1 1 1 1 1 1 1 1 1 1 1 1 1 1 1 1 1 1 1 1 1 1 1 1 1 1 1 1 1 1 1 1 1 1 1 1 1 1 1 1 1 1 1 1 1 1 1 1 1 1 1 1 1 1 1 1 1 1 1 1 1 1 1 1 1 1 1 1 1 1 1 1 100 1 1 100 1 1 1
ciInstanceKlass java/util/RandomAccess 1 0 7 100 1 100 1 1 1
instanceKlass it/unimi/dsi/fastutil/objects/AbstractObjectCollection
instanceKlass com/google/common/collect/ImmutableCollection
instanceKlass java/util/IdentityHashMap$Values
instanceKlass java/util/AbstractQueue
instanceKlass java/util/LinkedHashMap$LinkedValues
instanceKlass java/util/HashMap$Values
instanceKlass java/util/ArrayDeque
instanceKlass java/util/AbstractSet
instanceKlass java/util/ImmutableCollections$AbstractImmutableCollection
instanceKlass java/util/AbstractList
ciInstanceKlass java/util/AbstractCollection 1 1 160 10 7 12 1 1 1 10 7 12 1 1 1 10 12 1 1 11 7 12 1 1 1 11 12 1 1 10 12 1 1 10 100 12 1 1 1 10 12 1 1 10 12 1 1 10 7 12 1 1 10 7 12 1 1 1 7 1 10 100 12 1 1 1 10 100 12 1 1 1 100 1 10 11 12 1 11 7 1 10 12 1 10 12 1 10 7 12 1 1 1 11 8 1 7 1 10 10 12 1 1 8 1 10 12 1 10 12 1 1 1 1 1 1 1 1 1 1 1 1 1 1 1 1 1 1 1 1 1 1 1 1 1 1 1 1 1 1 1 1 1 1 1 1 1 1 1 1 1 1 1 1 1 1 1 1 1 1 1 1
instanceKlass com/google/common/primitives/Ints$IntArrayAsList
instanceKlass kotlin/collections/AbstractMutableList
instanceKlass java/util/AbstractList$SubList
instanceKlass morfologik/stemming/ArrayViewList
instanceKlass com/sun/org/apache/xerces/internal/impl/xs/util/XSObjectListImpl
instanceKlass java/util/ArrayList$SubList
instanceKlass sun/security/jca/ProviderList$ServiceList
instanceKlass sun/security/jca/ProviderList$3
instanceKlass java/util/Collections$SingletonList
instanceKlass java/util/Vector
instanceKlass java/util/Arrays$ArrayList
instanceKlass java/util/AbstractSequentialList
instanceKlass java/util/Collections$EmptyList
instanceKlass java/util/ArrayList
ciInstanceKlass java/util/AbstractList 1 1 218 10 7 12 1 1 1 9 7 12 1 1 1 10 12 1 1 10 12 1 1 100 1 10 10 12 1 1 11 100 12 1 1 1 11 12 1 1 11 12 1 10 7 12 1 1 1 10 12 1 11 12 1 11 12 1 11 12 1 10 12 1 1 10 12 1 1 11 100 12 1 1 1 11 7 1 11 7 1 10 12 1 7 1 10 12 1 10 12 1 1 7 1 7 1 10 12 1 100 1 10 100 1 100 1 10 8 1 10 12 1 1 10 12 1 10 12 1 1 10 12 1 8 1 100 1 8 1 8 1 8 1 10 100 1 11 10 10 12 1 11 12 1 10 12 1 1 8 1 8 1 1 1 1 1 1 1 1 1 1 1 1 1 1 1 1 1 1 1 1 1 1 1 1 1 1 1 1 1 1 1 1 1 1 1 1 1 1 1 1 1 1 1 1 1 1 1 1 1 1 1 1 1 1 1 1 1 1 100 1 100 1 1 1 1 1 1 1
instanceKlass org/languagetool/rules/UnsyncStack
ciInstanceKlass java/util/ArrayList 1 1 509 10 7 12 1 1 1 7 1 9 7 12 1 1 1 9 12 1 100 1 100 1 10 8 1 10 12 1 1 10 12 1 10 12 1 1 10 12 1 9 12 1 11 7 12 1 1 1 9 12 1 1 11 12 1 1 7 10 7 12 1 1 1 9 12 1 10 12 1 10 12 1 1 10 7 12 1 1 1 10 7 12 1 1 1 10 12 1 1 10 12 1 1 10 12 1 1 10 12 1 10 12 1 1 100 1 100 1 10 12 1 10 10 7 12 1 1 1 10 7 12 1 1 10 12 1 100 1 10 10 12 10 12 1 1 10 12 1 1 10 12 1 10 12 10 12 1 1 7 1 10 12 1 1 10 12 1 1 10 12 1 100 1 10 11 12 1 1 11 100 12 1 1 1 11 12 1 10 12 1 10 12 1 10 12 1 1 100 1 10 12 1 1 10 10 12 1 1 10 12 1 8 1 8 1 8 1 8 1 10 12 1 1 10 12 1 1 11 12 1 100 1 10 100 12 1 1 10 12 1 10 12 1 1 10 100 12 1 1 10 12 1 10 100 12 1 1 1 11 100 12 1 1 1 10 12 1 100 1 8 1 10 100 1 10 12 1 7 1 10 12 1 10 12 1 1 7 1 10 12 1 10 12 1 1 11 7 12 1 1 7 1 10 12 1 10 12 1 1 11 7 12 1 1 10 12 1 1 10 12 1 1 10 12 1 1 10 12 1 1 11 100 12 1 1 10 12 1 1 100 1 100 1 100 1 1 1 1 5 0 1 3 1 1 1 1 1 1 1 1 1 1 1 1 1 1 1 1 1 1 1 1 1 1 1 1 1 1 1 1 1 1 1 1 1 1 1 1 1 1 1 1 1 1 1 1 1 1 1 1 1 1 1 1 1 1 1 1 1 1 1 1 1 1 1 1 1 1 1 1 1 1 1 1 1 1 1 1 1 1 1 1 1 1 1 1 1 1 1 1 1 1 1 1 1 1 1 1 1 1 1 1 1 1 1 1 100 1 1 1 1 100 1 1 1 1 1 1 1 1 1 1 1 1 1 1 1 1 1 1 1 1 1 1 1 1 1 1 1 1 1 100 1 1 1 1 1 1 1 1 1 1 1 1 1 1 1 1 1 1 100 1 100 1 1 1 1 1 1
staticfield java/util/ArrayList EMPTY_ELEMENTDATA [Ljava/lang/Object; 0 [Ljava/lang/Object;
staticfield java/util/ArrayList DEFAULTCAPACITY_EMPTY_ELEMENTDATA [Ljava/lang/Object; 0 [Ljava/lang/Object;
ciInstanceKlass java/lang/StackTraceElement 0 0 235 10 100 12 1 1 1 10 100 12 1 1 9 12 1 1 9 12 1 1 9 12 1 9 12 1 8 1 10 100 12 1 1 1 100 1 9 12 1 8 1 9 12 1 9 12 1 9 12 1 1 10 12 1 1 10 12 1 8 1 10 100 12 1 1 1 100 1 10 12 1 10 12 1 1 10 12 1 10 12 1 1 10 12 1 10 12 1 10 10 12 1 8 1 10 12 1 10 12 1 1 10 12 1 1 10 12 1 10 12 1 10 12 1 9 12 1 1 10 100 12 1 1 1 10 12 1 1 100 1 10 12 1 1 10 100 12 1 1 10 100 12 1 1 1 10 100 12 1 1 10 100 12 1 1 10 10 12 1 1 10 12 1 1 10 12 1 1 10 12 1 100 1 1 1 1 1 1 1 3 1 3 1 1 5 0 1 1 1 1 1 1 1 1 1 1 1 1 1 1 1 1 1 1 1 1 1 1 1 1 1 1 1 1 1 100 1 100 1 1 1 1 1 1 1 100 1 1 1 1 1 1 1 1 1
instanceKlass java/nio/CharBuffer
instanceKlass java/nio/IntBuffer
instanceKlass java/nio/LongBuffer
instanceKlass java/nio/ByteBuffer
ciInstanceKlass java/nio/Buffer 1 1 256 100 1 10 7 12 1 1 1 9 7 12 1 1 1 9 12 1 9 12 1 1 9 12 1 9 12 1 1 10 12 1 1 10 12 1 1 10 12 100 1 100 1 10 8 1 10 12 1 1 10 12 1 8 1 8 1 10 12 1 1 10 12 1 8 1 9 12 1 1 100 1 8 1 10 12 1 8 1 8 1 9 12 10 12 1 8 1 8 1 8 1 10 12 1 8 1 8 1 8 1 100 1 10 100 1 10 100 1 10 9 12 1 1 10 7 12 1 1 1 100 1 10 12 1 1 10 12 1 10 100 12 1 1 10 7 12 1 1 1 10 7 12 1 1 1 9 12 1 1 10 7 12 1 1 1 9 12 1 1 7 1 10 10 12 1 1 7 1 10 10 7 12 1 1 1 1 1 3 1 1 1 1 1 1 1 1 1 1 1 1 1 1 100 1 1 1 1 1 1 1 100 1 1 1 1 1 1 1 1 1 1 1 1 1 1 1 1 1 1 1 1 1 1 1 1 1 1 1 1 1 1 1 1 1 1 1 1 1 1 1 100 1 100 1 100 1 100 1 100 1 100 1 100 1 1
staticfield java/nio/Buffer UNSAFE Ljdk/internal/misc/Unsafe; jdk/internal/misc/Unsafe
staticfield java/nio/Buffer SCOPED_MEMORY_ACCESS Ljdk/internal/misc/ScopedMemoryAccess; jdk/internal/misc/ScopedMemoryAccess
staticfield java/nio/Buffer IOOBE_FORMATTER Ljava/util/function/BiFunction; jdk/internal/util/Preconditions$4
staticfield java/nio/Buffer $assertionsDisabled Z 1
ciInstanceKlass java/lang/StackWalker 1 1 271 9 7 12 1 1 1 7 1 10 7 12 1 1 1 10 12 1 1 10 7 12 1 1 1 10 12 1 1 10 12 1 11 7 12 1 1 1 10 12 1 1 10 12 1 1 10 12 1 1 100 1 8 1 10 12 1 10 12 1 10 12 1 10 7 12 1 1 9 12 1 1 9 12 1 1 9 12 1 1 9 12 1 1 10 12 1 1 9 12 1 1 9 12 1 1 9 12 1 1 10 7 12 1 1 1 11 12 1 1 100 1 8 1 10 10 100 12 1 1 9 12 1 1 10 12 1 1 10 7 12 1 1 1 10 7 12 1 1 1 18 12 1 1 100 1 8 1 10 8 1 10 12 1 1 10 100 12 1 1 1 10 12 1 1 9 7 12 1 1 11 100 12 1 1 1 10 12 1 1 1 1 1 1 1 1 1 1 1 1 1 1 1 1 1 1 1 1 1 1 1 1 1 1 1 1 1 1 1 1 1 1 1 1 1 1 1 1 1 1 1 1 1 1 1 1 1 1 1 1 1 1 1 1 1 1 1 1 1 1 1 1 1 1 100 1 1 16 15 10 12 16 1 15 10 100 12 1 1 1 1 1 1 1 1 1 100 1 100 1 1
staticfield java/lang/StackWalker DEFAULT_EMPTY_OPTION Ljava/util/EnumSet; java/util/RegularEnumSet
staticfield java/lang/StackWalker DEFAULT_WALKER Ljava/lang/StackWalker; java/lang/StackWalker
instanceKlass java/lang/StackStreamFactory$StackFrameTraverser
ciInstanceKlass java/lang/StackStreamFactory$AbstractStackWalker 1 1 375 7 1 100 1 3 10 7 12 1 1 1 10 7 12 1 1 10 7 12 1 1 1 9 12 1 1 10 12 1 1 9 12 1 1 9 12 1 1 9 12 1 1 9 12 1 10 7 12 1 1 1 10 12 1 1 10 100 12 1 1 9 12 1 1 9 12 1 1 10 12 1 1 9 7 12 1 1 1 10 12 1 1 10 12 1 9 12 1 1 10 7 12 1 1 1 10 12 1 1 9 12 1 1 9 100 12 1 1 1 100 1 10 8 1 10 12 1 1 10 12 1 8 1 10 12 1 1 10 100 12 1 1 1 100 1 8 1 10 12 1 8 1 10 12 10 7 12 1 1 9 12 1 8 1 5 0 8 1 8 1 9 12 1 1 10 12 1 1 18 12 1 1 10 100 12 1 1 1 10 12 1 1 10 12 1 10 12 1 9 12 1 10 12 1 10 12 1 10 12 1 10 12 1 10 12 1 10 12 1 1 8 1 10 12 1 10 12 1 10 12 1 10 12 1 1 8 1 10 12 1 1 10 12 1 1 10 12 1 1 10 12 1 10 12 1 10 7 12 1 1 1 10 12 1 10 12 1 9 12 1 8 1 10 12 1 10 12 1 10 12 1 1 10 12 1 10 12 1 10 12 1 1 10 12 1 10 12 1 10 12 1 10 12 1 10 12 1 10 12 1 1 10 12 1 1 10 12 1 8 1 1 1 1 1 1 1 1 1 1 1 1 1 100 1 1 1 1 1 1 1 100 1 1 1 1 100 1 1 1 1 1 1 1 1 1 1 1 1 1 1 1 1 1 1 1 16 15 15 10 100 12 1 1 1 1 1 1 1 1 100 1 100 1 1
ciInstanceKlass java/lang/StackWalker$StackFrame 1 1 41 100 1 10 12 1 1 100 1 100 1 1 1 1 1 1 1 1 1 1 1 1 1 1 1 1 1 1 1 1 1 1 1 1 1 1 1 100 1 1 1
instanceKlass java/lang/LiveStackFrameInfo
ciInstanceKlass java/lang/StackFrameInfo 1 1 142 10 7 12 1 1 1 9 7 12 1 1 1 9 7 1 9 12 1 1 11 7 12 1 1 1 9 12 1 1 11 12 1 1 10 12 1 1 10 7 12 1 1 1 10 12 1 11 12 1 11 12 1 1 11 12 1 10 12 1 1 9 12 1 1 10 12 1 1 10 100 12 1 1 10 12 1 1 11 12 1 1 9 12 1 1 10 100 1 10 12 1 9 12 1 1 10 12 1 1 100 1 8 1 10 12 1 10 7 12 1 1 1 100 1 1 1 1 1 1 1 1 1 1 1 1 1 1 1 1 1 1 100 1 1 100 1 1 1 1 1 1
staticfield java/lang/StackFrameInfo JLIA Ljdk/internal/access/JavaLangInvokeAccess; java/lang/invoke/MethodHandleImpl$1
ciInstanceKlass java/lang/LiveStackFrame 0 0 135 100 1 10 100 12 1 1 1 11 100 12 1 1 1 11 12 1 10 100 12 1 1 1 100 1 8 1 10 12 1 1 10 100 12 1 1 1 9 100 12 1 1 1 10 100 12 1 1 1 10 100 12 1 1 1 11 12 1 10 12 1 100 1 100 1 1 1 1 1 1 1 1 1 1 1 1 1 1 1 1 1 1 1 1 1 1 1 1 1 1 1 1 100 1 1 1 1 1 1 1 100 1 8 1 1 12 10 1 1 1 8 1 1 1 8 1 1 1 8 1 1 1 8 1 1 8 1 1 1 8 1 1 8 1
ciInstanceKlass java/lang/LiveStackFrameInfo 0 0 97 10 100 12 1 1 1 9 100 12 1 1 1 9 12 1 9 12 1 9 12 1 9 12 1 1 100 1 10 12 1 1 10 12 1 8 1 10 12 1 1 8 1 8 1 8 1 10 100 1 10 12 1 100 1 10 12 1 100 1 100 1 1 1 3 1 3 1 1 1 1 1 1 1 1 1 1 1 1 1 1 1 1 1 1 1 1 1 1 1 1 1 1 1 100 1 1
instanceKlass java/util/concurrent/locks/AbstractQueuedSynchronizer
ciInstanceKlass java/util/concurrent/locks/AbstractOwnableSynchronizer 1 1 32 10 7 12 1 1 1 9 7 12 1 1 1 100 1 1 1 1 5 0 1 1 1 1 1 1 1 1 1 1 1 1
ciInstanceKlass java/lang/Boolean 1 1 152 10 7 12 1 1 1 9 7 12 1 1 1 10 12 1 1 10 12 1 8 1 10 7 12 1 1 9 12 1 1 9 12 1 10 12 1 1 10 12 1 1 10 12 1 1 10 7 12 1 1 1 100 1 100 1 10 12 1 1 9 100 12 1 1 9 12 10 100 12 1 1 1 10 12 1 1 8 1 10 7 12 1 1 1 9 12 1 1 100 1 100 1 100 1 1 1 1 1 1 5 0 1 1 1 1 1 1 1 1 1 1 3 1 1 1 1 1 1 1 1 1 1 1 1 1 1 1 1 1 1 100 1 1 1 1 1 1 1 1 1 1 100 1 1 1 1 1 1 1 1 1
staticfield java/lang/Boolean TRUE Ljava/lang/Boolean; java/lang/Boolean
staticfield java/lang/Boolean FALSE Ljava/lang/Boolean; java/lang/Boolean
staticfield java/lang/Boolean TYPE Ljava/lang/Class; java/lang/Class
ciInstanceKlass java/lang/Character 1 1 604 7 1 100 1 100 1 9 12 1 1 8 1 9 12 1 1 100 1 9 12 1 1 10 100 12 1 1 1 10 100 12 1 1 1 10 100 12 1 1 1 10 7 12 1 1 1 9 7 12 1 1 1 10 12 1 10 12 1 1 10 12 1 1 10 7 12 1 1 10 12 1 1 3 3 3 3 3 10 12 1 1 10 12 1 3 11 7 12 1 1 1 11 12 1 1 10 12 1 1 10 12 1 1 100 1 10 10 12 1 3 10 12 1 1 10 12 1 10 12 1 1 100 1 8 1 10 12 1 1 10 12 1 10 12 1 10 12 1 10 7 12 1 1 1 10 12 1 10 12 1 10 12 1 1 10 12 1 10 7 12 1 1 10 10 12 1 10 10 12 1 10 12 1 1 10 12 1 10 10 12 1 10 12 1 10 12 1 10 12 1 10 12 1 10 12 1 10 12 1 10 12 10 10 12 10 10 12 1 10 10 12 1 10 10 12 1 10 10 12 1 10 12 1 10 12 1 10 12 1 10 12 1 10 12 1 10 12 1 10 10 12 1 10 10 12 1 10 10 12 1 1 10 10 12 1 10 5 0 10 12 1 10 12 1 10 10 12 1 10 10 12 1 1 10 10 12 1 10 10 12 1 9 12 1 1 100 1 10 10 12 1 10 12 1 1 3 10 100 12 1 1 1 10 12 1 10 100 12 1 1 100 1 10 10 12 1 1 10 12 1 1 10 12 1 1 8 1 10 12 1 9 100 12 1 1 1 10 12 1 10 10 12 1 10 12 1 1 10 12 1 10 10 12 1 1 10 10 12 1 1 100 1 8 1 10 12 1 1 10 7 12 1 1 1 8 1 10 12 1 1 9 12 1 1 100 1 100 1 100 1 1 1 1 3 1 3 1 3 1 3 1 1 1 1 1 3 1 1 3 1 3 1 3 1 3 1 3 1 3 1 3 1 3 1 3 1 3 1 3 1 3 1 3 1 3 1 3 1 3 1 3 1 3 1 3 1 3 1 3 1 3 1 3 1 3 1 3 1 3 1 3 1 3 1 1 1 1 1 1 1 1 1 1 1 1 1 1 1 1 1 1 1 3 1 1 1 1 1 1 1 3 1 1 3 1 1 1 1 1 3 1 1 5 0 1 1 1 1 1 1 1 1 1 1 1 1 1 1 1 1 1 1 1 1 1 1 1 1 1 1 1 1 1 1 1 1 1 1 1 1 1 1 1 1 1 1 1 1 1 1 1 1 1 1 1 1 1 1 1 1 1 1 1 1 1 1 1 1 1 1 1 1 1 1 1 1 1 1 1 1 1 1 1 1 1 1 1 1 1 1 1 1 1 1 100 1 100 1 1 1 1 1 1
staticfield java/lang/Character TYPE Ljava/lang/Class; java/lang/Class
staticfield java/lang/Character $assertionsDisabled Z 1
instanceKlass com/google/gson/internal/LazilyParsedNumber
instanceKlass java/math/BigInteger
instanceKlass java/math/BigDecimal
instanceKlass java/util/concurrent/atomic/AtomicLong
instanceKlass java/util/concurrent/atomic/AtomicInteger
instanceKlass java/lang/Long
instanceKlass java/lang/Integer
instanceKlass java/lang/Short
instanceKlass java/lang/Byte
instanceKlass java/lang/Double
instanceKlass java/lang/Float
ciInstanceKlass java/lang/Number 1 1 37 10 7 12 1 1 1 10 100 12 1 1 1 100 1 1 1 1 5 0 1 1 1 1 1 1 1 1 1 1 1 1 1 1 1 1 1
ciInstanceKlass java/lang/Float 1 1 279 7 1 100 1 10 7 12 1 1 1 10 100 12 1 1 1 4 100 1 10 12 1 1 10 12 1 1 8 1 8 1 10 100 12 1 1 1 10 12 1 1 10 12 1 1 10 100 1 4 10 7 12 1 1 9 12 1 1 10 12 1 1 10 12 1 10 10 12 1 1 10 12 1 10 12 1 3 3 100 1 4 4 4 3 10 12 1 1 9 12 1 1 100 1 10 3 3 4 4 10 12 1 3 3 3 10 12 1 1 10 12 1 1 10 12 1 10 100 12 1 1 1 10 12 1 1 10 12 1 1 10 7 12 1 1 1 8 1 10 12 1 1 9 12 1 1 100 1 100 1 100 1 1 1 1 4 1 4 1 1 1 4 1 1 3 1 3 1 3 1 3 1 3 1 1 1 1 5 0 1 1 1 1 1 1 1 1 1 1 100 1 1 1 1 1 1 1 1 1 1 1 1 1 3 1 1 1 1 1 1 1 1 1 1 1 1 1 1 1 1 1 1 1 1 1 1 1 1 1 1 1 1 1 1 1 1 1 1 1 1 1 1 1 1 1 1 1 1 1 1 1 1 1 1 1 1 1 1 1 1 1 1 1 1 1 100 1 1 1 1 1 1 1 100 1 100 1 1
staticfield java/lang/Float TYPE Ljava/lang/Class; java/lang/Class
staticfield java/lang/Float $assertionsDisabled Z 1
ciInstanceKlass java/lang/Double 1 1 290 7 1 100 1 10 100 12 1 1 1 10 12 1 1 10 100 1 10 12 1 1 10 100 12 1 1 1 6 0 8 1 10 12 1 1 8 1 10 12 1 1 8 1 6 0 10 12 1 1 100 1 5 0 5 0 8 1 8 1 10 7 12 1 1 1 10 100 12 1 1 1 8 1 10 12 1 1 8 1 8 1 8 1 10 12 1 1 10 12 1 10 12 1 1 10 12 1 10 12 1 10 12 1 1 10 12 1 10 7 1 6 0 10 7 12 1 1 9 12 1 1 10 12 1 10 12 1 10 12 1 10 12 1 10 12 1 5 0 10 12 1 1 10 12 1 10 12 1 10 100 12 1 1 1 10 12 1 1 10 12 1 1 8 1 10 7 12 1 1 1 9 12 1 1 100 1 100 1 100 1 1 1 6 0 1 6 0 1 6 0 1 1 1 6 0 1 1 3 1 3 1 3 1 3 1 3 1 1 1 1 5 0 1 1 1 1 1 1 1 1 1 1 1 1 1 1 1 1 100 1 1 1 1 1 1 1 1 1 1 1 1 3 1 1 1 1 1 1 1 1 1 1 1 1 1 1 1 1 1 1 1 1 1 1 1 1 1 1 1 1 1 1 1 1 1 1 100 1 1 1 1 1 1 1 100 1 100 1 1
staticfield java/lang/Double TYPE Ljava/lang/Class; java/lang/Class
ciInstanceKlass java/lang/Byte 1 1 213 7 1 100 1 10 100 12 1 1 1 9 12 1 1 8 1 9 12 1 1 100 1 10 12 1 1 10 12 1 1 10 100 12 1 1 1 10 100 12 1 1 1 9 7 12 1 1 1 10 12 1 1 100 1 100 1 10 12 1 1 8 1 10 12 1 1 8 1 10 12 1 10 12 1 10 12 1 10 12 1 1 10 12 1 10 12 1 10 12 1 1 10 8 1 8 1 10 7 1 9 12 1 1 10 12 1 1 10 12 1 1 10 12 1 1 10 12 1 5 0 10 12 1 1 8 1 10 7 12 1 1 1 9 12 1 1 100 1 100 1 1 1 3 1 3 1 1 1 1 3 1 3 1 1 5 0 1 1 1 1 1 1 1 1 1 1 1 1 1 1 1 1 1 1 1 1 1 1 1 1 1 1 1 1 1 1 1 1 1 1 1 1 1 1 1 1 1 1 1 1 1 1 1 1 1 1 1 1 1 1 1 1
staticfield java/lang/Byte TYPE Ljava/lang/Class; java/lang/Class
ciInstanceKlass java/lang/Short 1 1 222 7 1 100 1 100 1 10 100 12 1 1 1 10 12 1 1 100 1 100 1 10 12 1 1 8 1 10 12 1 1 8 1 10 12 1 10 12 1 10 12 1 10 12 1 1 10 12 1 1 10 12 1 9 12 1 1 8 1 9 12 1 1 100 1 10 12 1 1 10 12 1 10 100 12 1 1 1 10 100 12 1 1 1 9 100 12 1 1 1 10 12 1 10 12 1 1 10 8 1 8 1 10 100 1 9 12 1 1 10 12 1 1 10 12 1 1 10 12 1 1 10 12 1 3 3 5 0 10 12 1 1 8 1 10 7 12 1 1 1 9 12 1 1 100 1 100 1 1 1 3 1 3 1 1 1 1 3 1 3 1 1 5 0 1 1 1 1 1 1 1 1 1 1 1 1 1 1 1 1 1 1 1 1 1 1 1 1 1 1 1 3 1 1 1 1 1 1 1 1 1 1 1 1 1 1 1 1 1 1 1 1 1 1 1 1 1 1 1 1 1 1
staticfield java/lang/Short TYPE Ljava/lang/Class; java/lang/Class
ciInstanceKlass java/lang/Integer 1 1 453 7 1 100 1 7 1 7 1 10 12 1 1 9 12 1 1 9 12 1 1 10 100 12 1 1 1 10 12 1 1 10 100 12 1 1 1 10 10 12 1 1 10 100 12 1 1 1 10 12 1 10 12 1 1 10 7 12 1 1 1 10 12 1 1 10 12 1 1 10 12 1 10 12 1 10 12 1 1 10 10 12 1 9 12 1 1 9 12 1 7 1 8 1 10 12 1 100 1 10 12 1 8 1 10 12 1 1 10 12 1 8 1 10 12 1 8 1 10 12 1 1 3 10 12 1 1 3 10 12 1 1 10 12 1 1 10 7 12 1 1 1 11 7 1 10 12 1 1 11 10 12 1 1 8 1 10 12 1 1 8 1 100 1 10 12 1 1 10 12 1 1 5 0 8 1 10 12 1 10 12 1 10 12 1 10 12 1 1 7 1 9 12 1 1 9 12 1 1 10 12 1 10 7 1 9 12 1 10 12 1 10 12 1 10 12 1 1 10 7 12 1 1 1 100 1 100 1 10 12 1 1 10 12 1 1 8 1 8 1 10 12 1 1 8 1 8 1 8 1 8 1 8 1 8 1 10 12 1 10 12 1 5 0 3 3 3 3 10 12 1 10 12 1 3 10 12 1 10 100 12 1 1 1 10 12 1 1 10 12 1 1 8 1 10 7 12 1 1 1 9 12 1 1 100 1 100 1 100 1 1 1 1 3 1 1 1 3 1 3 1 1 5 0 1 1 1 1 1 1 1 1 1 100 1 1 1 1 1 1 1 1 1 1 1 1 1 1 1 1 1 1 1 1 1 1 1 1 1 1 1 1 1 1 1 1 1 1 1 1 1 1 1 1 3 1 1 1 1 1 1 1 1 1 1 1 1 1 1 1 1 100 1 1 1 1 1 1 1 1 1 1 1 1 1 1 1 1 1 1 1 1 1 1 1 1 1 1 1 1 1 1 1 1 1 1 1 1 1 1 1 1 1 1 1 1 1 1 100 1 1 1 1 1 1 1 1 1 100 1 100 1 1
staticfield java/lang/Integer TYPE Ljava/lang/Class; java/lang/Class
staticfield java/lang/Integer digits [C 36
staticfield java/lang/Integer DigitTens [B 100
staticfield java/lang/Integer DigitOnes [B 100
ciInstanceKlass java/lang/Long 1 1 524 7 1 100 1 7 1 7 1 10 12 1 1 9 12 1 1 9 7 12 1 1 1 10 100 12 1 1 1 10 12 1 1 10 100 12 1 1 1 10 10 12 10 12 1 10 12 1 10 12 1 5 0 5 0 100 1 10 12 1 1 10 12 1 1 10 12 1 10 12 1 10 12 1 10 12 1 1 10 100 12 1 1 10 12 1 10 12 1 1 10 12 1 1 10 12 1 1 10 12 1 1 10 7 12 1 1 1 10 12 1 1 10 12 1 10 12 1 10 12 1 10 12 1 1 10 10 12 1 5 0 5 0 9 12 1 1 9 12 1 5 0 100 1 8 1 10 12 1 8 1 10 12 1 8 1 8 1 10 12 1 1 5 0 10 12 1 1 5 0 10 12 1 1 10 12 1 1 10 100 12 1 1 1 11 100 1 10 12 1 1 11 10 12 1 1 8 1 10 12 1 1 8 1 100 1 10 12 1 1 10 12 1 8 1 8 1 11 12 1 1 10 12 1 10 12 1 10 12 1 5 0 5 0 9 7 12 1 1 1 10 12 1 10 12 1 1 8 1 8 1 10 12 1 1 8 1 8 1 8 1 8 1 8 1 8 1 10 12 1 10 7 1 9 12 1 1 10 12 1 10 12 1 1 10 12 1 1 10 100 12 1 1 1 100 1 100 1 10 12 1 1 10 12 1 1 5 0 10 12 1 10 12 1 5 0 5 0 5 0 10 12 1 1 10 12 1 5 0 5 0 10 12 1 10 12 1 10 100 12 1 1 1 10 12 1 1 10 12 1 1 8 1 10 7 12 1 1 1 9 12 1 1 100 1 100 1 100 1 1 1 1 5 0 1 1 1 1 3 1 3 1 5 0 1 1 1 1 1 1 1 1 1 100 1 1 1 1 1 1 1 1 1 1 1 1 1 1 1 1 1 1 1 1 1 1 1 1 1 1 1 1 1 1 1 1 1 1 1 1 1 1 1 1 1 1 1 1 1 1 1 1 1 1 1 1 1 1 1 3 1 1 1 1 1 1 1 1 1 1 1 1 1 1 1 100 1 1 1 1 1 1 1 1 1 1 1 1 1 1 1 1 1 1 1 1 1 1 1 1 1 1 1 1 1 1 1 1 1 1 1 1 1 1 1 1 1 1 1 100 1 1 1 1 1 1 1 1 1 100 1 100 1 1
staticfield java/lang/Long TYPE Ljava/lang/Class; java/lang/Class
ciInstanceKlass java/util/Iterator 1 1 53 100 1 8 1 10 12 1 1 10 100 12 1 1 1 11 100 12 1 1 1 11 12 1 1 11 100 12 1 1 1 100 1 1 1 1 1 1 1 1 1 1 1 1 1 1 1 1 1 1 1 1 1
ciInstanceKlass java/lang/reflect/RecordComponent 1 1 196 10 100 12 1 1 1 9 100 12 1 1 1 9 12 1 1 9 12 1 10 12 1 1 10 12 1 1 10 100 12 1 1 1 10 12 1 1 9 12 1 1 10 12 1 1 10 12 1 1 10 12 1 10 100 12 1 1 10 100 12 1 1 9 12 1 1 10 100 12 1 1 1 11 100 12 1 1 1 10 9 100 12 1 1 1 10 100 12 1 1 1 9 12 1 1 10 100 12 1 1 1 10 12 1 1 11 100 12 1 1 10 100 12 1 1 100 1 9 12 1 9 12 1 1 9 12 1 10 100 12 1 1 1 10 12 1 1 10 12 1 1 100 1 10 10 12 1 10 12 1 1 8 1 10 12 1 10 12 1 9 12 1 100 1 1 1 1 1 1 1 1 1 1 1 1 1 1 1 1 1 1 1 1 1 1 100 1 1 1 1 1 1 100 1 1
ciInstanceKlass jdk/internal/vm/vector/VectorSupport 0 0 573 100 1 10 100 12 1 1 1 9 12 1 1 10 12 1 1 100 1 10 12 1 11 100 12 1 1 1 11 100 12 1 1 1 11 100 12 1 1 11 100 12 1 1 11 100 12 1 1 1 11 100 12 1 1 11 100 12 1 1 11 100 12 1 1 11 100 12 1 1 11 100 12 1 1 11 100 12 1 1 11 100 12 1 1 1 11 100 12 1 1 11 100 12 1 1 1 11 100 12 1 1 1 11 100 12 1 1 11 100 12 1 1 1 11 100 12 1 1 100 1 10 12 1 1 11 100 12 1 1 11 100 12 1 1 11 100 12 1 1 11 100 12 1 1 11 100 12 1 1 11 100 12 1 1 9 12 1 1 10 100 12 1 1 11 100 12 1 1 10 12 1 1 10 100 12 1 1 1 10 12 1 10 12 1 1 10 12 1 1 1 1 1 3 1 3 1 3 1 3 1 3 1 3 1 3 1 3 1 3 1 3 1 3 1 3 1 3 1 3 1 3 1 3 1 3 1 3 1 3 1 3 1 3 1 3 1 3 1 3 1 3 1 3 1 3 1 3 1 3 1 3 1 3 1 3 1 3 1 3 1 3 1 3 1 3 1 3 1 3 1 3 1 3 1 3 1 3 1 3 1 3 1 3 1 3 1 3 1 3 1 3 1 3 1 3 1 3 1 1 1 1 1 1 1 1 1 1 1 1 1 1 1 1 1 1 1 1 1 1 1 1 1 1 1 1 1 1 1 1 1 1 1 1 1 1 1 1 1 1 1 1 1 1 1 1 1 1 1 1 1 1 1 1 1 1 1 1 1 1 1 1 1 1 1 1 1 1 1 1 1 1 1 1 1 1 1 1 1 1 1 1 1 1 1 1 1 1 1 1 1 1 1 1 1 1 1 1 1 1 1 1 1 1 1 1 1 1 1 1 1 1 1 1 1 1 1 1 1 1 1 1 1 1 1 1 1 1 1 1 1 1 1 1 1 1 1 1 1 1 1 1 1 1 1 1 1 1 1 1 1 1 1 1 1 1 1 1 1 1 1 1 1 1 1 1 1 1 1 1 1 1 1 1 1 1 1 1 1 1 1 1 1 1 1 1 1 1 1 1 1 1 1 1 1 1 1 1 1 1 1 1 1 1 1 1 1 1 1 1 1 1 1 1 1 1 1 1 1 1 1 1 1 1 1 1 1 1 1 1 1 1 1 100 1 100 1 100 1 100 1 100 1 1 1 1 1 1 1 1 1 1 1 1 1 1 1 1 1 1 1 1 1 1 1 1 1 1 1 1 1 1 1
instanceKlass jdk/internal/vm/vector/VectorSupport$VectorShuffle
instanceKlass jdk/internal/vm/vector/VectorSupport$VectorMask
instanceKlass jdk/internal/vm/vector/VectorSupport$Vector
ciInstanceKlass jdk/internal/vm/vector/VectorSupport$VectorPayload 0 0 32 10 100 12 1 1 1 9 100 12 1 1 1 10 100 12 1 1 1 1 1 1 1 1 1 1 1 1 1 1 1 1
ciInstanceKlass jdk/internal/vm/vector/VectorSupport$Vector 0 0 28 10 100 12 1 1 1 100 1 1 1 1 1 1 1 1 1 1 1 1 1 1 1 100 1 1 1 1
ciInstanceKlass jdk/internal/vm/vector/VectorSupport$VectorMask 0 0 28 10 100 12 1 1 1 100 1 1 1 1 1 1 1 1 1 1 1 1 1 1 1 100 1 1 1 1
ciInstanceKlass jdk/internal/vm/vector/VectorSupport$VectorShuffle 0 0 28 10 100 12 1 1 1 100 1 1 1 1 1 1 1 1 1 1 1 1 1 1 1 100 1 1 1 1
ciInstanceKlass jdk/internal/vm/FillerObject 0 0 16 10 100 12 1 1 1 100 1 1 1 1 1 1 1 1
instanceKlass kotlin/KotlinNullPointerException
ciInstanceKlass java/lang/NullPointerException 1 1 52 10 7 12 1 1 1 10 12 1 9 7 12 1 1 1 10 12 1 1 9 12 1 1 10 12 1 1 10 12 1 1 1 1 5 0 1 1 1 1 1 1 1 1 100 1 100 1 100 1 1 1
ciInstanceKlass java/lang/ArithmeticException 1 1 26 10 100 12 1 1 1 10 12 1 100 1 1 1 1 5 0 1 1 1 1 1 1 1 1 1
ciInstanceKlass java/util/Objects 1 1 184 10 7 12 1 1 1 100 1 8 1 10 12 1 10 12 1 1 10 7 12 1 1 1 10 12 1 1 10 12 1 10 100 12 1 1 1 10 12 1 1 10 7 12 1 1 1 7 1 10 10 12 1 1 10 7 12 1 1 10 12 1 1 8 1 10 7 12 1 1 1 10 7 12 1 1 1 10 11 100 12 1 1 1 100 1 10 10 12 1 8 1 10 12 1 8 1 100 1 11 12 1 1 8 1 10 7 12 1 1 1 10 12 1 1 10 12 1 10 12 1 10 12 1 10 12 1 1 1 1 1 1 1 1 1 1 1 1 1 1 1 1 1 1 1 1 1 1 1 1 1 1 1 1 1 1 1 1 1 1 1 1 1 1 1 1 1 1 1 1 1 1 1 1 1 1 1 1 1 1 1 1 1 1
ciInstanceKlass java/lang/StringLatin1 1 1 395 7 1 10 100 12 1 1 1 10 12 1 1 10 7 12 1 1 1 10 7 12 1 1 1 10 12 1 10 7 12 1 1 1 10 12 1 1 10 7 12 1 1 1 10 7 12 1 1 1 10 12 1 1 10 12 1 1 10 10 12 1 10 12 1 10 9 7 12 1 1 1 10 12 1 1 10 7 12 1 1 1 10 12 10 12 1 1 10 12 1 1 10 12 1 10 12 1 1 10 12 1 1 10 12 1 10 7 12 1 1 1 10 12 1 10 12 1 1 9 12 1 1 100 1 10 10 12 1 1 10 7 12 1 1 1 10 12 1 10 12 1 100 1 100 1 8 1 10 12 1 8 1 10 12 1 1 100 1 10 10 12 10 7 12 1 1 1 8 1 8 1 8 1 10 12 1 1 10 100 12 1 1 10 12 1 10 12 1 1 10 12 1 1 10 12 1 1 10 12 1 10 12 10 12 10 12 1 10 12 10 10 12 1 10 12 1 10 12 1 10 100 12 1 1 1 10 100 12 1 1 1 10 12 1 1 10 12 1 1 10 10 7 12 1 1 1 1 1 1 1 1 1 1 1 1 1 1 1 1 1 1 1 1 1 1 1 1 1 1 1 1 1 1 1 1 1 1 1 1 1 1 1 1 1 1 1 1 1 1 1 1 1 1 1 1 100 1 1 1 1 1 1 1 1 1 1 1 1 1 1 1 1 1 1 1 1 1 1 1 1 1 1 1 1 1 1 1 1 1 1 1 1 1 1 1 1 1 1 100 1 1 1 1 1 1 1 1 1 1 1 1 1 1 1 1 1 1 1 1 1 1 1 100 1 1 1 1 1 1 1 1 1 1 1 1 1 1 1 1 1 1 1 1 1 1 1 1 1 1 100 1 1 1 1
staticfield java/lang/StringLatin1 $assertionsDisabled Z 1
ciInstanceKlass java/lang/Math 1 1 460 7 1 10 100 12 1 1 1 10 7 12 1 1 1 10 12 1 10 12 1 10 12 1 10 12 1 10 12 1 6 0 6 0 10 12 1 10 12 1 10 12 1 10 12 1 10 12 1 10 12 1 1 10 12 1 10 12 1 10 12 1 10 12 1 10 12 1 10 7 12 1 1 1 100 1 3 3 3 10 7 12 1 1 1 100 1 5 0 5 0 5 0 5 0 5 0 9 100 12 1 1 1 10 100 12 1 1 1 100 1 8 1 10 12 1 8 1 10 12 1 1 10 12 1 1 100 1 5 0 5 0 100 1 3 5 0 3 5 0 10 12 1 10 12 1 10 12 1 10 12 1 10 12 1 8 1 10 12 1 8 1 10 12 1 1 10 12 1 1 9 12 1 1 9 12 1 100 1 100 1 10 10 12 1 1 8 1 10 12 1 10 12 1 1 10 10 12 1 10 12 1 10 12 1 10 12 1 1 8 1 8 1 10 12 1 1 10 12 1 10 12 10 12 10 12 1 10 12 1 10 12 1 10 12 1 10 12 6 0 10 12 1 9 12 1 1 100 1 10 10 12 1 100 1 10 12 1 10 12 1 1 10 12 1 10 12 1 10 12 10 12 1 1 10 12 1 1 10 12 1 1 10 12 6 0 10 12 1 1 10 12 10 12 1 4 10 12 1 10 12 1 10 12 10 12 1 10 12 1 10 12 1 10 12 1 10 12 1 10 12 1 5 0 6 0 4 6 0 4 6 0 4 10 12 1 9 12 1 1 10 12 9 12 1 10 7 12 1 1 1 4 6 0 1 1 6 0 1 6 0 1 6 0 1 1 1 1 1 1 1 1 1 1 1 1 1 1 1 1 1 1 1 1 1 1 1 1 1 1 1 1 1 1 1 1 1 1 1 1 1 1 1 1 1 1 1 1 1 1 1 1 1 1 1 1 1 1 1 1 1 1 1 1 1 1 1 1 1 1 1 1 1 1 1 1 1 1 1 1 1 1 1 1 1 1 1 1 1 1 1 1 1 1 1 1 1 1 1 1
staticfield java/lang/Math negativeZeroFloatBits J -2147483648
staticfield java/lang/Math negativeZeroDoubleBits J -9223372036854775808
staticfield java/lang/Math $assertionsDisabled Z 1
instanceKlass org/languagetool/rules/en/AdverbFilter$1
instanceKlass java/lang/ProcessEnvironment
instanceKlass java/util/LinkedHashMap
ciInstanceKlass java/util/HashMap 1 1 629 10 7 12 1 1 1 100 1 10 12 1 1 100 1 10 7 12 1 1 1 100 1 11 12 1 1 11 12 1 11 12 1 1 10 7 12 1 1 1 7 1 3 10 7 12 1 1 1 100 1 100 1 10 8 1 10 12 1 1 10 12 1 10 12 1 1 10 12 1 10 7 12 1 1 1 8 1 10 12 1 9 12 1 1 10 12 1 9 12 1 1 4 10 12 1 10 12 1 1 11 7 12 1 1 9 12 1 1 10 7 12 1 1 1 6 0 10 12 1 1 11 12 1 1 11 7 12 1 1 1 11 7 12 1 1 1 11 12 1 1 7 1 11 12 1 11 12 1 10 12 1 10 12 1 1 9 12 10 12 1 1 9 7 12 1 1 1 9 12 9 12 1 10 12 1 1 9 12 1 7 1 10 12 1 1 10 12 1 1 10 12 1 1 10 12 1 1 10 12 1 1 9 12 1 10 12 1 1 3 4 10 12 1 1 10 12 1 1 9 12 1 1 9 10 12 1 1 10 12 1 1 10 12 1 1 10 12 1 9 12 1 1 7 1 10 12 1 10 12 1 10 7 12 1 1 1 7 1 9 12 1 1 7 1 10 9 12 7 1 10 100 1 10 11 7 12 1 1 1 100 1 10 11 7 12 1 1 11 100 12 1 1 1 10 12 1 100 1 100 1 10 12 1 10 12 1 10 12 1 10 100 12 1 1 10 12 1 1 10 12 1 1 10 100 12 1 1 1 8 10 100 12 1 1 1 100 1 10 4 4 10 12 1 1 10 100 12 1 1 1 10 12 1 8 1 6 0 10 100 12 1 1 1 100 1 11 100 12 1 1 1 10 12 1 10 12 1 10 10 12 1 1 6 0 8 1 10 12 1 10 12 100 1 100 1 1 1 1 5 0 1 3 1 1 1 3 1 3 1 3 1 1 1 1 1 1 1 1 1 1 1 1 1 1 1 1 1 1 1 1 1 1 100 1 1 1 1 1 1 1 1 1 1 1 1 1 1 1 1 1 1 1 1 1 1 1 1 1 1 1 1 1 1 1 1 1 100 1 1 1 1 1 1 1 1 1 1 1 1 1 1 1 1 1 1 1 1 1 1 1 1 1 1 1 1 1 1 1 1 1 1 1 1 1 1 1 1 1 1 1 1 1 1 1 1 1 1 1 100 1 1 1 1 1 1 1 1 1 1 1 1 1 1 1 1 1 1 1 1 1 1 1 1 1 1 1 1 1 1 1 1 1 1 1 1 1 1 1 1 1 1 1 1 1 1 1 1 100 1 1 1 1 1 1 1 1 100 1 1 1 1 1 1 1 1 1 1 1 1 1 1 1 1 1 1 100 1 100 1 100 1 100 1 100 1 100 1 100 1 100 1 1 1 1 1 1 1 1 1 1 1 1 1 1 1 1 1 1
ciInstanceKlass jdk/internal/util/ArraysSupport 1 1 378 7 1 100 1 8 1 10 12 1 1 10 12 1 1 10 100 12 1 1 9 7 12 1 1 1 9 12 1 1 10 7 12 1 1 1 9 12 1 1 10 7 12 1 1 1 9 12 1 10 12 9 12 1 10 12 1 1 10 12 7 1 10 12 1 1 10 12 1 100 1 10 12 1 1 10 12 100 1 10 12 1 100 1 10 12 1 100 1 100 1 10 8 1 10 12 1 1 10 12 1 10 12 1 1 10 9 12 1 1 11 7 12 1 1 1 9 12 1 9 12 1 10 12 1 1 9 12 1 9 12 1 9 12 1 9 12 1 9 12 1 9 12 1 9 12 1 10 12 1 1 10 100 12 1 1 1 9 12 1 9 12 1 10 12 1 1 10 12 1 9 12 1 10 12 1 10 100 12 1 1 1 9 12 1 9 12 1 10 12 1 10 12 1 10 7 12 1 1 1 3 10 12 1 100 1 8 1 8 1 8 1 10 10 100 12 1 1 1 11 100 12 1 1 1 10 12 1 10 100 12 1 1 1 10 12 1 1 10 12 1 1 9 12 1 10 12 1 9 12 1 9 12 1 9 12 1 9 12 1 9 12 1 9 12 1 9 12 1 100 1 10 7 12 1 1 1 1 1 3 1 3 1 3 1 3 1 3 1 3 1 3 1 3 1 1 1 1 1 1 1 1 1 1 1 1 1 1 1 1 1 1 1 1 1 1 1 1 1 1 1 1 1 1 1 1 1 1 1 1 1 1 1 1 1 1 1 1 1 1 1 1 1 1 1 1 1 1 1 1 1 1 1 1 1 1 1 1 1 1 1 1 1 1 1 1 1 1 1 1 1 1 1 100 1 1 1 1
staticfield jdk/internal/util/ArraysSupport U Ljdk/internal/misc/Unsafe; jdk/internal/misc/Unsafe
staticfield jdk/internal/util/ArraysSupport BIG_ENDIAN Z 0
staticfield jdk/internal/util/ArraysSupport LOG2_ARRAY_BOOLEAN_INDEX_SCALE I 0
staticfield jdk/internal/util/ArraysSupport LOG2_ARRAY_BYTE_INDEX_SCALE I 0
staticfield jdk/internal/util/ArraysSupport LOG2_ARRAY_CHAR_INDEX_SCALE I 1
staticfield jdk/internal/util/ArraysSupport LOG2_ARRAY_SHORT_INDEX_SCALE I 1
staticfield jdk/internal/util/ArraysSupport LOG2_ARRAY_INT_INDEX_SCALE I 2
staticfield jdk/internal/util/ArraysSupport LOG2_ARRAY_LONG_INDEX_SCALE I 3
staticfield jdk/internal/util/ArraysSupport LOG2_ARRAY_FLOAT_INDEX_SCALE I 2
staticfield jdk/internal/util/ArraysSupport LOG2_ARRAY_DOUBLE_INDEX_SCALE I 3
staticfield jdk/internal/util/ArraysSupport LOG2_BYTE_BIT_SIZE I 3
staticfield jdk/internal/util/ArraysSupport JLA Ljdk/internal/access/JavaLangAccess; java/lang/System$2
ciInstanceKlass java/util/Map$Entry 1 0 178 18 12 1 1 100 1 100 1 18 10 100 12 1 1 1 18 12 1 18 100 1 11 100 12 1 1 1 11 12 1 11 100 12 1 1 1 10 100 12 1 1 1 10 100 12 1 1 1 8 1 10 12 1 1 8 1 8 1 8 1 10 12 1 10 12 1 8 10 100 1 10 12 1 8 10 12 1 8 1 10 12 1 8 10 12 1 8 1 10 12 1 1 8 1 100 1 8 1 10 12 1 1 11 12 100 1 11 12 1 1 1 1 1 1 1 1 1 1 1 1 1 1 1 1 1 1 1 1 1 1 1 1 1 1 1 1 1 1 1 1 1 1 1 1 1 1 1 16 15 11 12 16 3 3 15 11 12 15 11 12 15 11 12 15 10 100 12 1 1 1 1 1 100 1 100 1 1
instanceKlass java/util/LinkedHashMap$Entry
ciInstanceKlass java/util/HashMap$Node 1 1 95 10 7 12 1 1 1 9 7 12 1 1 1 9 12 1 1 9 12 1 9 12 1 1 100 1 10 10 12 1 1 8 1 10 12 1 10 12 1 1 10 100 12 1 1 1 100 1 11 12 1 1 10 12 1 1 11 12 1 1 1 1 1 1 1 1 1 1 1 1 1 1 1 1 1 1 1 1 1 1 1 1 1 1 1 1 1 1 100 1 1 1 100 1 1
ciInstanceKlass java/util/HashMap$TreeNode 1 1 250 7 1 10 7 12 1 1 1 9 7 12 1 1 1 9 12 1 1 9 12 1 9 12 1 1 9 12 1 1 10 12 1 1 100 1 10 12 1 9 12 1 9 12 1 9 12 1 1 10 100 12 1 1 1 10 12 1 1 10 12 1 1 10 12 1 1 10 12 1 1 10 12 1 1 10 7 12 1 1 1 10 100 12 1 1 1 10 100 12 1 1 1 9 12 1 10 12 1 1 10 12 1 1 10 12 1 1 10 12 1 1 9 7 1 10 12 1 1 10 12 1 1 10 12 1 10 12 1 1 10 12 1 10 12 1 10 12 1 1 1 1 1 1 1 1 1 1 1 1 1 1 1 1 1 1 1 1 1 1 1 1 1 1 100 1 1 1 1 1 1 1 1 1 1 1 1 1 1 1 1 1 1 1 1 1 1 1 1 1 1 1 1 1 1 1 1 1 1 1 1 1 1 1 1 1 1 1 1 1 1 1 1 1 1 1 1 1 1 1 1 1 1 1 1 1 1 1 1 1 1 1 1 1 1 1 1 1 1 1 1 1 1 1 1 100 1 1 1 1
staticfield java/util/HashMap$TreeNode $assertionsDisabled Z 1
ciInstanceKlass jdk/internal/util/Preconditions 1 1 194 10 100 12 1 1 1 11 100 12 1 1 1 11 100 12 1 1 1 100 1 100 1 10 7 12 1 1 1 10 12 1 8 1 100 1 10 100 12 1 1 1 10 12 1 1 8 1 8 1 10 100 12 1 1 7 1 10 12 1 8 1 10 100 12 1 1 1 8 1 10 12 1 1 10 12 1 1 11 12 1 8 1 8 1 11 12 1 1 8 1 8 1 8 1 10 12 1 1 10 12 1 1 10 12 1 10 12 1 10 12 1 10 12 7 1 10 10 12 1 1 9 12 1 1 7 1 10 9 12 1 7 1 10 9 12 1 1 1 1 1 1 1 1 1 1 1 1 1 1 1 1 1 1 1 1 1 1 1 1 1 1 1 1 1 1 1 1 1 1 1 1 1 1 1 1 1 1 1 1 1 1 1 1 1 1 1 1 1 1 1 1 1 1
staticfield jdk/internal/util/Preconditions SIOOBE_FORMATTER Ljava/util/function/BiFunction; jdk/internal/util/Preconditions$4
staticfield jdk/internal/util/Preconditions AIOOBE_FORMATTER Ljava/util/function/BiFunction; jdk/internal/util/Preconditions$4
staticfield jdk/internal/util/Preconditions IOOBE_FORMATTER Ljava/util/function/BiFunction; jdk/internal/util/Preconditions$4
ciInstanceKlass java/util/function/BiFunction 1 1 65 10 100 12 1 1 1 18 12 1 1 11 100 12 1 1 11 100 12 1 100 1 1 1 1 1 1 1 1 1 1 1 1 1 1 1 1 1 1 1 1 1 1 1 1 1 1 1 16 15 11 12 15 10 100 12 1 1 1 1 100 1 100 1 1
ciInstanceKlass jdk/internal/util/Preconditions$4 1 1 61 9 7 12 1 1 1 10 7 12 1 1 1 10 100 12 1 1 1 11 100 12 1 1 1 100 1 100 1 100 1 10 12 1 100 1 1 1 1 1 1 1 1 1 1 1 1 1 1 1 1 1 1 1 1 1 12 1 1 1 1
ciInstanceKlass java/util/Arrays 1 1 1029 10 7 12 1 1 1 10 7 12 1 1 1 10 7 12 1 1 1 10 12 1 10 12 1 10 12 1 10 12 1 10 12 1 10 12 1 10 100 12 1 1 1 100 1 100 1 10 8 1 10 12 1 1 10 12 1 8 1 8 1 10 12 1 1 10 12 1 100 1 10 12 1 9 100 12 1 1 1 10 7 12 1 1 100 1 10 12 1 1 10 7 12 1 1 10 7 12 1 1 1 100 1 10 12 1 10 12 1 1 7 1 9 7 12 1 1 1 10 12 1 1 10 7 12 1 1 10 12 1 10 12 1 1 10 12 1 10 12 1 1 7 1 11 12 1 1 10 12 1 10 7 12 1 1 1 10 12 10 12 1 10 12 1 10 12 10 12 1 11 7 12 1 1 1 10 7 12 1 1 1 100 1 10 12 1 10 100 1 10 12 1 10 100 1 10 12 1 10 100 1 10 12 1 10 10 12 1 1 10 12 1 10 12 1 10 12 1 10 12 1 10 12 1 10 100 12 1 1 1 10 12 1 10 100 12 1 1 1 10 12 1 10 12 1 10 7 12 1 1 1 10 12 1 10 12 1 10 12 1 10 12 1 10 12 1 10 12 1 10 12 1 10 12 1 10 12 1 10 12 1 10 12 1 10 12 1 10 12 1 10 12 1 10 12 1 10 12 1 1 10 12 1 1 10 7 12 1 1 1 10 7 1 10 100 1 10 7 1 10 100 1 10 100 1 10 100 1 10 100 1 10 100 1 10 12 1 8 1 10 12 1 1 10 12 1 1 10 12 1 1 10 12 1 1 10 12 1 1 10 12 1 1 10 12 1 1 10 12 1 1 10 12 1 1 7 1 10 12 10 12 1 1 10 12 1 10 12 1 1 10 12 1 1 9 100 12 1 1 1 10 12 1 9 100 1 10 12 1 9 100 1 10 12 1 9 100 1 10 12 1 9 100 1 10 12 1 9 100 1 10 12 1 9 10 12 1 10 12 1 10 12 1 9 12 1 100 1 10 10 12 1 1 10 12 1 10 12 1 10 12 1 10 12 1 10 12 1 10 12 1 10 12 1 10 12 1 10 12 1 8 1 8 1 10 12 1 10 12 1 8 1 10 12 1 10 12 1 10 12 1 10 100 12 1 1 1 3 10 100 1 10 10 12 1 1 11 100 12 1 1 10 12 1 1 10 12 1 10 12 1 10 12 1 10 12 1 10 12 1 10 12 1 10 12 1 10 12 1 11 12 1 8 1 10 11 12 1 11 100 12 1 1 1 11 100 12 1 1 1 11 12 1 1 18 12 1 1 11 12 1 1 11 100 12 1 1 1 18 12 1 11 100 12 1 1 1 18 12 1 11 100 12 1 1 1 18 12 1 100 1 10 7 12 1 1 1 10 12 1 10 12 1 10 12 1 10 12 1 10 12 1 10 12 1 10 12 1 10 12 1 1 10 12 1 10 7 12 1 1 10 12 1 10 12 1 10 12 1 1 10 12 1 10 12 1 10 12 1 1 10 12 1 10 12 1 10 12 1 1 10 12 1 10 12 1 10 12 1 10 12 1 10 12 10 12 1 10 12 10 12 10 12 1 10 12 10 12 1 10 12 1 10 12 1 1 1 1 3 1 3 1 1 1 1 1 1 1 1 1 1 1 1 1 1 1 1 1 1 1 1 1 1 1 1 1 1 1 1 1 1 1 1 1 1 1 1 1 1 1 1 1 1 1 1 1 1 1 1 1 1 1 1 1 1 1 1 1 1 1 1 1 1 1 1 1 1 1 1 1 1 1 1 1 1 1 1 1 1 1 1 1 1 1 1 1 1 1 1 1 1 1 1 1 1 1 1 1 1 1 1 1 1 1 1 1 1 1 1 1 1 1 1 1 1 1 1 1 1 1 1 1 1 1 1 1 1 1 1 1 1 1 1 1 1 1 1 1 1 1 1 1 1 1 1 1 1 1 1 1 1 1 1 1 1 1 1 1 1 1 1 1 1 1 1 1 1 1 1 1 1 1 1 1 1 1 1 1 1 1 1 1 1 1 1 1 1 1 1 1 1 1 1 1 1 1 1 1 1 1 1 1 1 1 1 1 1 1 1 1 1 1 1 1 1 1 1 1 1 1 1 1 1 1 1 1 1 1 1 1 1 1 1 1 1 1 1 1 1 1 1 1 1 1 1 1 1 1 1 1 1 1 1 1 1 100 1 1 16 15 10 12 15 10 12 15 10 12 15 10 12 15 10 100 12 1 1 1 1 1 100 1 100 1 1 1 1 100 1 1 1 1 1 1 100 1 1 100 1 1 100 1 1 1 100 1 100 1 1
staticfield java/util/Arrays $assertionsDisabled Z 1
instanceKlass java/lang/CharacterData01
instanceKlass java/lang/CharacterData00
instanceKlass java/lang/CharacterDataLatin1
ciInstanceKlass java/lang/CharacterData 1 1 86 10 7 12 1 1 1 10 7 12 1 1 1 9 7 12 1 1 1 9 7 12 1 1 9 7 12 1 1 9 100 1 9 100 1 9 100 1 9 100 1 9 100 1 1 1 1 1 1 1 1 1 1 1 1 1 1 1 1 1 1 1 1 1 1 1 1 1 1 1 1 1 1 1 1 1 1 1 1 1 1 1 1 1 1 1
ciInstanceKlass java/lang/CharacterDataLatin1 1 1 141 9 7 12 1 1 1 9 12 1 1 10 12 1 1 10 12 1 10 12 1 1 10 12 1 9 12 1 1 100 1 3 3 3 3 9 12 1 10 7 12 1 1 1 10 9 12 1 1 3 3 3 3 3 3 3 3 3 3 3 3 3 3 3 3 3 3 3 3 3 3 3 3 3 3 3 3 3 3 3 3 3 3 3 1 1 1 1 1 1 1 1 1 1 1 1 1 1 1 1 1 1 1 1 1 1 1 1 1 1 1 1 1 1 1 1 1 1 1 1 1 1 1 1 1 1 1 1 1 1 1 1 1 1 1 1 1 100 1 1 1
staticfield java/lang/CharacterDataLatin1 DIGITS [B 256
staticfield java/lang/CharacterDataLatin1 instance Ljava/lang/CharacterDataLatin1; java/lang/CharacterDataLatin1
staticfield java/lang/CharacterDataLatin1 A [I 256
staticfield java/lang/CharacterDataLatin1 B [C 256
ciInstanceKlass java/lang/StringUTF16 1 1 635 7 1 7 1 10 100 12 1 1 1 10 7 12 1 1 1 100 1 10 3 100 1 100 1 10 8 1 10 12 1 1 10 12 1 8 1 10 12 1 1 10 12 1 9 12 1 1 10 12 1 1 100 1 8 1 10 12 1 9 12 1 1 9 12 1 10 10 12 1 1 10 12 1 1 10 7 12 1 1 1 10 12 1 10 12 1 1 10 12 1 1 10 12 1 1 10 12 1 1 10 12 1 10 12 1 1 10 12 1 1 10 12 1 1 10 12 1 1 10 12 1 1 10 12 1 10 7 12 1 1 1 10 12 1 1 10 7 12 1 1 1 10 12 1 1 10 12 1 10 12 1 1 10 12 1 1 10 12 1 1 10 12 1 10 12 1 100 1 10 12 1 10 10 12 1 10 12 1 1 10 12 1 10 7 12 1 1 1 10 12 1 1 10 12 10 12 1 1 10 12 1 10 12 1 1 10 12 1 10 12 1 10 12 1 10 12 1 7 1 10 12 1 1 10 12 1 3 10 12 1 1 10 12 1 10 12 1 10 12 1 10 12 1 10 12 1 10 12 1 1 9 12 1 10 12 1 10 12 10 12 1 1 10 12 1 10 12 1 10 12 1 10 10 12 10 12 10 10 12 1 1 10 12 1 10 12 1 10 12 1 100 1 8 1 8 1 10 12 1 1 100 1 10 10 7 12 1 1 1 10 7 12 1 1 8 1 8 1 8 1 10 12 1 1 10 12 1 1 10 12 10 7 12 1 1 10 12 1 1 10 12 1 1 10 12 1 10 12 10 12 10 12 1 10 12 10 12 1 10 12 1 10 12 1 10 12 1 10 100 12 1 1 1 10 100 12 1 1 1 10 12 1 1 10 12 1 1 11 7 12 1 1 10 12 1 10 12 1 10 12 1 1 9 12 1 1 9 12 1 5 0 5 0 10 12 1 10 12 10 12 10 7 12 1 1 1 10 12 1 1 1 1 1 1 1 1 1 1 1 1 1 1 1 1 1 1 1 1 1 1 1 1 1 1 1 1 1 100 1 1 1 1 1 1 1 1 1 1 1 1 1 1 1 1 1 1 1 1 1 1 1 1 1 1 1 1 1 1 1 1 1 1 1 1 1 1 1 1 1 1 1 1 1 1 1 1 1 1 1 1 1 1 1 1 1 1 1 1 1 1 1 1 1 1 1 1 1 1 1 1 1 1 1 1 1 1 1 1 1 1 1 1 1 1 1 1 1 1 100 1 1 1 1 1 1 1 1 1 1 1 1 1 1 1 1 1 100 1 1 1 1 1 1 1 1 1 1 1 1 1 1 1 1 1 1 1 1 1 1 1 1 1 1 1 1 1 1 1 1 1 1 1 1 1 1 1 1 1 1 1 1 1 1 1 1 1 1 1 1 1 1 1 1 1 1 1 100 1 100 1 1 1 1 1
staticfield java/lang/StringUTF16 HI_BYTE_SHIFT I 0
staticfield java/lang/StringUTF16 LO_BYTE_SHIFT I 8
staticfield java/lang/StringUTF16 $assertionsDisabled Z 1
ciInstanceKlass java/util/Collections 1 1 933 10 7 12 1 1 1 11 7 12 1 1 1 7 1 11 12 1 1 7 1 10 12 1 1 10 12 1 11 12 1 1 100 1 11 12 1 1 11 12 1 1 10 12 1 11 100 12 1 1 11 12 1 1 11 12 1 10 12 1 10 12 1 10 12 11 100 12 1 1 1 10 12 1 1 11 12 1 11 12 1 1 9 12 1 1 100 1 10 10 12 1 1 10 12 1 11 100 12 1 1 1 11 12 1 1 10 12 1 11 12 1 100 1 8 1 10 12 1 11 7 12 1 1 1 11 100 1 11 12 1 1 10 12 1 1 10 12 1 10 12 1 1 10 12 1 11 12 1 1 10 12 1 1 10 12 1 1 10 12 1 1 11 12 1 1 7 1 10 12 1 11 100 1 100 1 10 12 1 11 7 1 7 1 10 12 1 11 100 1 100 1 10 12 1 11 100 1 100 1 10 12 1 11 100 1 100 1 10 12 1 11 7 1 11 7 1 10 12 10 11 7 1 7 1 10 12 1 11 100 1 100 1 10 11 7 1 7 1 10 12 1 11 100 1 7 1 10 12 1 100 1 10 10 12 1 7 1 10 10 12 1 100 1 10 100 1 10 100 1 10 7 1 10 10 12 1 10 7 1 10 100 1 10 100 1 10 100 1 10 12 1 10 100 12 1 1 1 100 1 100 1 10 12 1 100 1 10 12 1 100 1 10 12 1 100 1 10 12 1 100 1 10 12 1 100 1 10 100 1 10 12 1 100 1 10 12 1 100 1 10 12 1 9 7 12 1 1 1 9 100 12 1 1 9 7 12 1 1 1 9 12 1 1 9 12 1 1 9 12 1 1 9 12 1 1 9 12 1 1 7 1 10 12 7 1 10 7 1 10 7 1 10 7 1 10 12 1 100 1 100 1 10 8 1 10 12 1 1 10 12 1 10 12 1 1 10 100 1 10 12 1 9 7 12 1 1 1 9 7 12 1 1 1 7 1 9 12 1 1 10 12 7 1 10 7 1 10 11 7 12 1 1 11 12 1 10 12 1 11 11 12 1 11 11 12 1 8 1 7 1 10 11 100 1 10 12 1 100 1 10 100 12 1 1 1 100 1 10 12 1 7 1 10 7 1 10 7 1 10 1 1 1 3 1 3 1 3 1 3 1 3 1 3 1 3 1 3 1 1 1 1 1 1 1 1 1 1 1 1 1 1 1 1 1 1 1 1 1 1 1 1 1 1 1 1 1 1 1 1 1 1 1 1 1 1 1 1 1 1 1 1 1 1 1 1 1 1 1 1 1 1 1 1 1 1 1 1 1 1 1 1 1 1 1 1 1 1 1 1 1 1 1 1 1 1 1 1 1 1 1 1 1 1 1 1 1 1 1 1 1 1 1 1 1 1 1 1 1 1 1 1 1 1 1 1 1 1 1 1 1 1 1 1 1 1 1 1 1 1 1 1 1 1 1 1 1 1 1 1 1 1 1 1 1 1 1 1 1 1 1 1 1 1 1 1 1 1 1 1 1 1 1 1 1 1 1 1 1 1 1 1 1 1 1 1 1 1 1 1 1 1 1 1 1 1 1 1 1 1 1 1 1 1 1 1 1 1 1 1 1 1 1 1 1 1 1 1 1 1 1 1 1 1 1 1 1 1 1 1 1 1 1 1 1 1 1 1 1 1 1 1 1 1 1 1 1 1 1 1 1 1 1 1 1 1 1 1 1 1 1 1 1 1 1 1 1 1 1 1 1 1 1 1 1 1 1 1 1 1 1 1 1 1 1 1 1 1 1 1 1 1 1 1 1 1 1 1 1 1 1 1 1 1 1 1 1 1 1 1 1 1 1 1 1 1 1 1 1 1 1 1 1 1 1 1 1 1 1 1 1 1 1 1 1 1 1 1 1 1 1 1 1 1 1 1 1 1 1 1 100 1 100 1 100 1 100 1 100 1 100 1 100 1 100 1 100 1 100 1 100 1 100 1 100 1 1 1 1 1 1 1 1 1 1 1 1 1 1 1 1 1 1 1 1 1 1 1 1 1 1 1 1 1 1 1 1 1 1 1 1 1 1 1 1 1 1 100 1 1 1 1 1 1 1 1 1 1 1 1 1 1 1
staticfield java/util/Collections EMPTY_SET Ljava/util/Set; java/util/Collections$EmptySet
staticfield java/util/Collections EMPTY_LIST Ljava/util/List; java/util/Collections$EmptyList
staticfield java/util/Collections EMPTY_MAP Ljava/util/Map; java/util/Collections$EmptyMap
ciInstanceKlass java/util/Collections$EmptyList 1 1 150 10 7 12 1 1 1 10 7 12 1 1 1 10 12 1 1 11 100 12 1 1 1 7 1 100 1 100 1 10 8 1 10 12 1 1 10 12 1 10 12 1 1 10 12 1 100 1 11 10 7 12 1 1 1 10 7 12 1 1 1 9 12 1 1 100 1 100 1 100 1 1 1 1 5 0 1 1 1 1 1 1 1 1 1 1 1 1 1 1 1 1 1 1 1 1 1 1 1 1 1 1 1 1 1 1 1 1 1 1 1 1 1 1 1 1 1 1 1 1 1 1 1 1 1 1 1 1 1 1 1 1 1 1 1 1 1 1 1 1 1 1 1 1 1 1 1 1 1 1
instanceKlass java/security/InvalidParameterException
instanceKlass java/util/regex/PatternSyntaxException
instanceKlass de/danielnaber/jwordsplitter/InputTooLongException
instanceKlass java/lang/NumberFormatException
instanceKlass java/util/IllegalFormatException
instanceKlass java/nio/charset/UnsupportedCharsetException
ciInstanceKlass java/lang/IllegalArgumentException 1 1 35 10 7 12 1 1 1 10 12 1 10 12 1 10 12 1 100 1 1 1 1 5 0 1 1 1 1 1 1 1 1 1 1 1 1
instanceKlass java/util/LinkedHashSet
ciInstanceKlass java/util/HashSet 1 1 303 10 7 12 1 1 1 7 1 10 9 7 12 1 1 1 11 7 12 1 1 1 10 7 12 1 1 1 10 12 1 1 10 12 1 1 10 12 1 10 12 1 7 1 10 10 12 1 1 11 7 12 1 1 1 10 10 12 1 1 10 12 1 1 9 12 1 1 10 12 1 1 10 12 1 1 10 12 1 10 7 12 1 1 1 10 100 1 100 1 10 12 1 10 100 12 1 1 10 12 1 10 12 1 10 12 1 1 10 12 1 1 11 100 12 1 1 11 12 1 10 12 1 1 10 100 12 1 1 1 10 12 1 100 1 100 1 10 8 1 10 12 1 1 10 12 1 10 12 1 1 10 12 1 10 12 1 10 100 12 1 1 1 8 1 10 12 1 4 4 10 12 1 1 8 1 10 12 1 1 4 10 100 12 1 1 1 100 1 10 12 1 1 11 100 12 1 1 1 100 1 10 12 1 7 1 10 12 1 10 12 1 1 10 12 1 100 1 8 1 10 10 12 1 10 10 100 1 100 1 1 1 1 5 0 1 1 1 1 1 1 1 1 1 1 1 1 1 1 1 1 1 1 1 1 1 1 1 1 1 1 1 1 1 1 1 1 1 1 100 1 1 1 1 100 1 1 1 1 1 1 1 1 1 1 1 1 1 1 1 1 1 1 1 100 1 1 100 1 100 1 1 1
staticfield java/util/HashSet PRESENT Ljava/lang/Object; java/lang/Object
ciInstanceKlass java/util/ArrayList$Itr 1 1 104 9 7 12 1 1 1 10 7 12 1 1 1 9 12 1 1 9 7 12 1 1 9 12 1 9 12 1 9 12 1 10 12 1 100 1 10 9 12 1 1 100 1 10 100 1 10 10 12 1 1 100 1 10 100 12 1 1 1 10 12 1 1 11 100 12 1 1 1 100 1 1 1 1 1 1 1 1 1 1 1 1 1 1 1 1 100 1 1 1 1 1 1 1 1 1 1 1 1 1 1 1 1 1
ciInstanceKlass java/util/regex/Pattern 1 1 1575 7 1 10 12 1 1 9 12 1 1 9 12 1 1 10 12 1 1 7 1 10 12 1 9 12 1 1 10 12 1 10 12 1 1 10 12 1 1 10 12 1 1 7 1 10 12 10 12 1 10 12 1 1 10 12 1 11 7 12 1 1 1 11 12 1 1 10 12 1 1 11 12 1 7 1 10 12 1 10 12 1 1 10 12 1 10 12 1 1 11 7 12 1 1 1 7 1 8 1 10 12 1 1 7 1 10 8 1 10 12 1 1 10 10 7 1 3 10 12 1 10 12 1 8 1 10 12 1 10 100 12 1 1 9 12 1 9 12 1 9 12 1 9 12 1 7 1 9 12 1 1 10 12 1 9 12 1 9 12 1 10 7 1 100 1 8 1 10 12 1 1 10 12 1 100 1 8 1 10 12 1 1 10 12 1 1 10 12 1 1 10 12 1 9 12 1 100 1 10 10 7 12 1 1 1 10 12 1 1 8 1 10 12 10 12 1 10 100 12 1 1 1 10 12 1 1 9 100 12 1 1 1 10 100 12 1 1 1 10 12 1 1 10 7 12 1 1 10 12 1 100 1 10 11 100 1 10 12 1 1 8 1 18 12 1 1 11 12 1 1 10 10 12 1 1 8 1 9 12 1 10 12 1 8 1 10 12 1 10 12 10 12 1 1 10 12 1 1 10 12 1 10 12 1 10 12 1 1 10 12 1 1 100 1 8 1 10 10 10 7 12 1 1 1 10 100 12 1 1 9 12 1 9 12 1 1 10 7 12 1 1 10 12 1 100 1 8 1 10 12 1 10 12 1 10 7 12 1 1 1 10 12 1 10 12 9 12 1 9 12 1 10 12 1 10 12 1 9 12 1 7 1 9 12 1 1 9 12 1 1 10 9 12 1 1 10 12 1 1 9 7 12 1 1 10 12 1 1 9 12 1 10 12 1 8 1 8 1 8 1 7 1 10 7 12 1 1 7 1 10 7 1 7 1 9 12 1 11 12 1 1 11 7 12 1 1 11 12 1 7 1 9 12 1 7 1 10 10 12 1 1 11 7 12 1 1 10 12 1 10 12 1 10 12 1 10 12 1 10 12 1 10 12 1 100 1 10 12 1 3 10 12 1 1 10 12 1 7 1 10 10 7 12 1 10 12 1 10 12 10 12 1 1 100 1 10 12 1 1 10 12 1 10 12 1 1 10 12 1 10 12 1 10 12 1 1 10 12 1 100 1 10 7 1 10 10 100 1 10 12 1 7 1 10 7 1 10 12 1 1 10 10 12 1 10 12 1 8 1 8 1 10 12 1 10 12 1 1 10 12 1 10 12 1 1 10 7 12 1 1 1 10 12 1 7 1 10 12 1 7 1 10 10 12 1 10 12 1 10 12 1 1 7 1 10 10 7 12 1 1 10 12 1 1 9 12 1 1 11 7 12 1 1 100 1 10 10 12 1 11 7 1 10 12 1 100 1 10 10 12 1 10 12 1 10 12 1 10 12 1 10 12 1 100 1 10 100 1 10 10 12 1 8 1 10 12 1 11 12 1 8 1 8 1 10 12 1 10 12 1 10 12 1 100 1 10 8 1 7 1 10 11 12 1 1 8 1 8 1 11 12 1 8 1 10 12 1 1 10 12 1 10 12 1 10 12 1 10 12 1 10 12 1 10 12 1 10 12 1 1 10 12 1 10 12 1 1 10 12 1 1 8 1 10 12 1 1 10 12 1 10 12 1 8 1 10 12 1 10 12 1 1 10 12 1 10 12 1 8 1 8 1 9 7 12 1 1 1 10 12 1 10 12 1 8 1 8 1 8 1 8 1 8 1 8 1 10 12 1 1 10 12 1 10 12 1 1 8 1 8 1 8 1 8 1 10 12 1 1 8 1 10 12 1 10 12 1 8 1 8 1 7 1 10 12 1 8 1 10 12 1 8 1 11 10 12 1 1 7 1 10 7 1 10 7 1 9 7 12 1 1 1 10 12 1 11 12 1 8 1 8 1 10 12 1 11 12 1 1 9 7 12 1 1 1 7 1 10 10 12 1 1 9 12 1 8 1 10 12 1 1 7 1 9 12 1 9 12 1 10 12 1 7 1 10 7 1 10 7 1 10 11 11 12 1 8 1 10 12 1 8 1 8 1 10 12 1 9 12 1 9 12 1 9 12 1 7 1 9 7 1 7 1 9 12 1 9 12 1 9 12 1 9 12 1 10 12 1 9 10 12 3 11 100 1 10 7 1 10 12 1 9 9 9 12 1 8 1 10 10 9 12 1 1 10 12 1 9 12 1 10 12 1 1 7 1 10 12 1 7 1 10 12 1 10 12 1 10 12 1 1 8 1 8 1 8 1 8 1 8 1 10 12 1 10 12 1 3 8 1 8 1 8 1 8 1 10 12 1 10 12 1 10 12 10 12 1 10 12 1 1 10 12 1 8 1 10 12 1 8 1 8 1 8 1 11 100 1 10 12 1 7 1 10 100 1 10 7 1 10 100 1 10 10 9 12 1 9 12 1 10 12 1 18 12 1 1 18 12 1 18 18 18 12 1 18 12 1 18 12 18 12 18 18 12 18 18 18 12 18 12 18 12 18 3 3 18 18 12 18 18 18 12 1 1 18 100 1 10 100 1 10 100 12 1 1 1 10 100 12 1 1 1 10 12 1 1 11 12 10 7 12 1 1 10 9 12 7 1 10 100 1 1 1 3 1 3 1 3 1 3 1 3 1 3 1 3 1 3 1 3 1 3 1 1 5 0 1 1 1 1 1 1 1 1 1 1 1 1 1 1 1 1 100 1 1 1 1 1 1 1 1 1 1 1 1 1 1 1 1 1 1 1 1 1 1 1 1 1 1 1 1 1 100 1 100 1 1 1 1 1 1 1 1 1 1 1 1 1 1 1 1 1 1 1 1 1 1 1 1 1 1 1 1 1 1 1 1 1 1 1 1 1 1 1 100 1 1 1 1 1 1 1 1 1 1 1 1 1 1 1 1 1 1 1 1 1 1 1 1 1 1 1 1 1 1 1 1 1 1 1 1 1 1 1 1 1 1 1 1 1 1 1 1 1 1 1 1 1 1 1 1 1 1 1 1 1 1 1 1 1 1 1 1 1 1 1 1 1 1 1 1 1 1 1 1 1 1 1 1 1 1 1 1 1 1 1 1 1 1 1 1 1 1 1 1 1 1 1 1 1 1 1 1 1 1 1 1 1 1 1 1 1 1 1 100 1 100 1 1 16 1 15 10 12 16 16 15 10 12 15 10 12 15 10 12 15 10 12 15 10 12 15 10 12 15 10 12 15 10 12 15 10 12 15 10 12 15 10 12 15 10 12 15 10 12 15 10 12 15 10 12 15 10 12 15 10 12 15 10 12 15 10 12 15 10 12 16 15 10 12 16 15 10 12 15 10 7 12 1 1 1 1 1 1 1 1 1 1 1 1 1 1 1 1 1 1 1 1 1 1 1 1 1 1 1 1 1 1 1 1 1 1 1 1 1 1 1 1 1 1 1 1 1 1 1 1 1 1 1 1 1 1 1 1 1 1 1 1 100 1 100 1 1
staticfield java/util/regex/Pattern accept Ljava/util/regex/Pattern$Node; java/util/regex/Pattern$Node
staticfield java/util/regex/Pattern lastAccept Ljava/util/regex/Pattern$Node; java/util/regex/Pattern$LastNode
staticfield java/util/regex/Pattern $assertionsDisabled Z 1
instanceKlass java/util/regex/Pattern$BackRef
instanceKlass java/util/regex/Pattern$Caret
instanceKlass java/util/regex/Pattern$CIBackRef
instanceKlass java/util/regex/Pattern$Bound
instanceKlass java/util/regex/Pattern$Neg
instanceKlass java/util/regex/Pattern$GroupCurly
instanceKlass java/util/regex/Pattern$Pos
instanceKlass java/util/regex/Pattern$Behind
instanceKlass java/util/regex/Pattern$BnM
instanceKlass java/util/regex/Pattern$NotBehind
instanceKlass java/util/regex/Pattern$LookBehindEndNode
instanceKlass java/util/regex/Pattern$Dollar
instanceKlass java/util/regex/Pattern$Prolog
instanceKlass java/util/regex/Pattern$Loop
instanceKlass java/util/regex/Pattern$Curly
instanceKlass java/util/regex/Pattern$Start
instanceKlass java/util/regex/Pattern$First
instanceKlass java/util/regex/Pattern$Begin
instanceKlass java/util/regex/Pattern$SliceNode
instanceKlass java/util/regex/Pattern$Branch
instanceKlass java/util/regex/Pattern$BranchConn
instanceKlass java/util/regex/Pattern$Ques
instanceKlass java/util/regex/Pattern$CharPropertyGreedy
instanceKlass java/util/regex/Pattern$GroupTail
instanceKlass java/util/regex/Pattern$CharProperty
instanceKlass java/util/regex/Pattern$GroupHead
instanceKlass java/util/regex/Pattern$LastNode
ciInstanceKlass java/util/regex/Pattern$Node 1 1 61 10 7 12 1 1 1 9 7 12 1 1 1 9 7 12 1 1 9 7 12 1 1 1 9 12 1 1 9 12 1 10 12 1 1 9 7 12 1 1 1 1 1 1 1 1 1 1 1 1 1 1 1 1 1 1 1 1 1 1 1
ciInstanceKlass java/util/regex/Pattern$GroupHead 1 1 55 10 7 12 1 1 1 9 7 12 1 1 1 9 7 12 1 1 1 9 12 1 1 10 12 1 1 1 1 1 1 1 1 1 1 1 1 1 1 1 1 1 1 1 1 1 1 100 1 1 1 1 100 1 1
ciInstanceKlass java/util/regex/Pattern$BmpCharProperty 1 1 71 10 7 12 1 1 1 9 7 12 1 1 1 9 7 12 1 1 1 11 7 12 1 1 1 11 7 12 1 1 1 9 12 1 1 10 7 12 1 1 1 9 12 1 1 1 1 1 1 1 1 1 1 1 1 1 1 1 1 1 1 100 1 1 1 1 1 1 100 1 1
instanceKlass java/util/regex/Pattern$BmpCharPropertyGreedy
ciInstanceKlass java/util/regex/Pattern$CharPropertyGreedy 1 1 118 100 1 10 7 12 1 1 1 9 7 12 1 1 1 9 7 1 9 12 1 1 9 7 12 1 1 10 7 12 1 1 1 10 12 1 1 9 12 1 1 11 100 12 1 1 1 11 7 12 1 1 1 9 12 1 1 10 12 1 1 10 12 1 10 7 12 1 1 1 9 7 12 1 1 9 12 1 9 12 1 3 9 12 1 10 12 1 1 1 1 1 1 1 1 1 1 1 1 1 1 1 1 1 1 1 1 1 1 1 1 1 1 1 1 1 1 1
ciInstanceKlass java/util/regex/Pattern$Branch 1 1 104 10 7 12 1 1 1 9 7 12 1 1 1 9 12 1 1 9 12 1 1 10 7 12 1 1 1 9 12 1 10 12 1 1 9 7 12 1 1 9 12 1 9 12 1 1 100 1 3 10 12 1 10 12 1 1 10 7 12 1 1 1 10 12 1 9 12 1 1 1 1 1 1 1 1 1 1 1 1 1 1 1 1 1 1 1 1 1 1 1 1 1 1 1 1 1 1 1 100 1 1 1 1 1
instanceKlass java/util/regex/Pattern$SliceS
ciInstanceKlass java/util/regex/Pattern$Slice 1 1 63 10 7 12 1 1 1 9 7 12 1 1 1 9 7 12 1 1 1 9 12 1 1 11 7 12 1 1 1 9 12 1 1 10 7 12 1 1 1 1 1 1 1 1 1 1 1 1 1 1 1 1 1 100 1 1 1 100 1 1 1 1 1
ciInstanceKlass java/util/regex/Pattern$Begin 1 1 57 10 7 12 1 1 1 9 7 12 1 1 1 9 12 1 1 9 7 12 1 1 1 10 12 1 1 9 12 1 9 12 1 1 9 12 1 1 1 1 1 1 1 1 1 1 1 1 1 1 1 1 100 1 1 1 1
ciInstanceKlass java/util/regex/Pattern$First 0 0 83 10 100 12 1 1 1 10 100 12 1 1 1 9 100 12 1 1 1 10 12 1 1 9 12 1 9 100 12 1 1 1 9 12 1 9 12 1 1 10 100 12 1 1 1 9 12 1 10 12 1 1 9 100 12 1 1 9 12 1 1 1 1 1 1 1 1 1 1 1 1 1 1 1 1 1 1 1 1 1 1 1 1
instanceKlass java/util/regex/Pattern$StartS
ciInstanceKlass java/util/regex/Pattern$Start 1 1 79 10 7 12 1 1 1 9 7 12 1 1 1 7 1 10 10 12 1 1 9 12 1 1 9 9 7 12 1 1 9 12 1 1 10 12 1 1 9 12 1 9 12 1 1 9 12 1 9 12 1 9 12 1 1 1 1 1 1 1 1 1 1 1 1 1 1 1 1 1 1 1 1 100 1 1 1 1 1
ciInstanceKlass java/util/regex/Pattern$StartS 1 1 83 10 7 12 1 1 1 9 7 12 1 1 1 9 7 12 1 1 9 12 1 1 9 12 1 1 10 7 12 1 1 1 9 12 1 9 12 1 1 9 12 1 11 7 12 1 1 1 10 7 12 1 1 1 11 12 1 1 10 12 1 1 1 1 1 1 1 1 1 1 1 1 1 1 1 1 1 100 1 1 1 1 1
ciInstanceKlass java/util/regex/MatchResult 1 1 92 11 100 12 1 1 1 11 12 1 1 11 12 1 11 12 1 1 100 1 8 1 10 12 1 1 8 1 10 100 12 1 1 1 11 12 1 1 11 100 12 1 1 1 100 1 10 12 1 1 100 1 100 1 10 12 1 8 1 10 12 1 1 8 1 10 12 1 1 10 8 1 100 1 1 1 1 1 1 1 1 1 1 1 1 1 1 1 1 1 1 1
ciInstanceKlass java/util/regex/Matcher 1 1 489 10 7 12 1 1 1 7 1 9 12 1 1 9 12 1 9 12 1 9 12 1 9 12 1 9 12 1 1 9 12 1 9 12 1 1 9 12 1 1 9 7 12 1 1 10 7 12 1 1 1 9 12 1 1 9 12 1 9 12 1 9 12 1 7 1 9 12 1 1 10 12 1 1 10 12 1 1 10 12 1 1 10 12 1 11 7 12 1 1 1 11 12 1 1 7 1 10 12 1 10 7 12 1 1 10 12 1 1 10 12 1 11 12 1 10 12 1 100 1 8 1 10 12 1 9 12 1 9 12 1 10 12 1 9 12 1 10 12 1 9 12 1 10 12 1 10 12 1 1 10 12 1 1 10 12 1 1 10 12 1 10 12 1 1 10 12 1 1 100 1 8 1 10 10 7 12 1 1 1 7 1 10 10 10 12 1 1 10 12 1 1 10 10 100 1 10 12 1 10 12 1 1 10 12 1 10 10 12 1 10 8 1 11 7 12 1 1 8 1 10 100 12 1 1 10 12 1 10 12 1 8 1 8 1 10 12 1 1 8 1 10 12 1 8 1 11 7 12 1 1 1 7 1 8 1 8 1 10 12 1 8 1 10 12 1 10 12 1 11 12 1 100 1 100 1 10 12 1 10 12 1 10 12 1 10 12 1 1 10 12 1 1 10 7 12 1 1 11 100 12 1 1 100 1 10 100 1 10 12 1 100 1 10 100 12 1 1 1 10 100 12 1 1 1 100 1 8 1 10 8 8 8 1 8 1 8 1 10 12 1 1 10 12 1 8 1 10 12 1 10 12 1 10 12 1 8 1 10 12 9 12 1 9 12 1 9 12 1 1 10 7 12 1 1 9 12 1 11 8 1 10 12 1 8 1 8 1 8 1 100 1 8 1 10 10 100 1 1 1 1 3 1 3 1 1 1 1 1 1 1 1 1 1 1 1 1 1 1 1 1 1 1 1 1 1 1 1 1 1 1 1 1 1 1 1 1 1 1 1 1 1 1 1 1 1 1 1 1 1 1 1 1 1 1 1 1 1 1 1 1 1 1 1 1 1 1 1 1 1 1 1 1 1 1 1 1 1 1 1 1 1 1 1 1 1 1 1 1
ciInstanceKlass java/util/regex/IntHashSet 1 1 54 10 7 12 1 1 1 9 7 12 1 1 1 9 12 1 1 9 12 1 10 7 12 1 1 1 10 12 1 1 1 1 1 1 1 1 1 1 1 1 1 1 1 1 1 1 1 1 1 1 1 100 1 1
ciInstanceKlass java/util/LinkedHashSet 1 1 163 10 7 12 1 1 1 4 11 7 12 1 1 1 10 7 12 1 1 1 10 7 12 1 1 1 10 7 12 1 1 1 100 1 10 100 12 1 1 1 100 1 100 1 10 12 1 8 1 10 12 1 1 10 12 1 10 12 1 1 10 12 1 10 12 1 9 12 1 1 100 1 10 12 1 9 12 1 1 10 12 1 1 10 12 1 10 12 1 1 11 100 12 1 1 1 11 12 1 11 12 1 11 12 1 100 1 10 12 1 10 12 1 100 1 100 1 1 1 1 5 0 1 1 1 1 1 1 1 1 1 1 1 1 1 1 1 1 1 1 1 1 1 1 1 1 1 1 1 1 1 1 1 1 1 1 1 1 1 1 1 1 1
instanceKlass java/lang/ArrayIndexOutOfBoundsException
ciInstanceKlass java/lang/IndexOutOfBoundsException 0 0 49 10 100 12 1 1 1 10 12 1 100 1 10 8 1 10 12 1 1 10 12 1 10 12 1 1 10 12 1 100 1 1 1 1 5 0 1 1 1 1 1 1 1 1 1 1 1 1 1
ciInstanceKlass java/util/Arrays$ArrayList 1 1 149 10 7 12 1 1 1 10 7 12 1 1 1 7 1 9 7 12 1 1 10 7 12 1 1 1 10 12 1 1 10 7 12 1 1 1 10 100 12 1 1 1 10 12 1 1 10 12 1 1 100 1 10 7 12 1 1 1 11 100 12 1 1 1 11 100 12 1 1 10 12 1 1 7 1 10 12 1 100 1 100 1 1 1 1 5 0 1 1 1 1 1 1 1 1 1 1 1 1 1 1 1 1 1 1 1 1 1 1 1 1 1 1 1 1 1 1 1 1 1 1 1 1 1 1 1 1 1 1 1 1 1 1 1 1 1 1 1 1 1 1 1 1 1 1 1 1 1 1
ciInstanceKlass java/lang/NumberFormatException 1 1 75 10 7 12 1 1 1 10 12 1 7 1 7 1 10 8 1 10 12 1 1 8 1 8 1 8 1 10 12 1 10 12 1 1 10 8 1 8 1 11 100 12 1 1 1 10 12 1 1 1 1 5 0 1 1 1 1 1 1 1 1 1 1 1 1 100 1 1 1 1 1 1 1 1 1
ciInstanceKlass java/util/NoSuchElementException 0 0 34 10 100 12 1 1 1 10 12 1 10 12 1 10 12 1 100 1 1 1 1 5 0 1 1 1 1 1 1 1 1 1 1 1
ciInstanceKlass java/util/regex/Pattern$Loop 1 1 96 10 7 12 1 1 1 9 7 12 1 1 1 9 12 1 9 12 1 9 7 12 1 1 1 9 12 1 9 12 1 1 10 12 1 1 9 12 1 9 12 1 1 10 7 12 1 1 1 9 12 1 10 12 1 1 10 9 7 12 1 1 1 9 12 1 1 1 1 1 1 1 1 1 1 1 1 1 1 1 1 1 1 1 1 1 1 1 1 1 100 1 1 1 1 1
instanceKlass org/languagetool/rules/pt/PortugueseAccentuationCheckRule
instanceKlass org/languagetool/rules/patterns/RuleFilter$FakeRule
instanceKlass org/languagetool/rules/AbstractUnitConversionRule
instanceKlass org/languagetool/rules/AbstractSimpleReplaceRule2
instanceKlass org/languagetool/rules/AbstractDashRule
instanceKlass org/languagetool/rules/WrongWordInContextRule
instanceKlass org/languagetool/rules/AbstractSimpleReplaceRule
instanceKlass org/languagetool/rules/patterns/AbstractPatternRule
instanceKlass org/languagetool/rules/SpecificIdRule
instanceKlass org/languagetool/rules/AbstractCompoundRule
instanceKlass org/languagetool/rules/en/AvsAnRule
instanceKlass org/languagetool/rules/WordRepeatRule
instanceKlass org/languagetool/rules/AbstractSpecificCaseRule
instanceKlass org/languagetool/rules/WhiteSpaceAtBeginOfParagraph
instanceKlass org/languagetool/rules/TextLevelRule
instanceKlass org/languagetool/rules/DoublePunctuationRule
instanceKlass org/languagetool/rules/CommaWhitespaceRule
instanceKlass org/languagetool/rules/RemoteRule
instanceKlass org/languagetool/rules/spelling/SpellingCheckRule
ciInstanceKlass org/languagetool/rules/Rule 1 1 573 10 7 12 1 1 1 10 7 12 1 1 9 12 1 1 9 7 12 1 1 1 9 12 1 9 12 1 9 12 1 9 12 1 9 12 1 1 9 12 1 9 12 1 9 12 1 1 9 7 12 1 1 1 10 12 1 1 10 12 1 1 9 12 1 10 12 1 1 10 12 1 18 12 1 1 10 7 12 1 1 1 10 12 1 11 7 12 1 1 1 10 7 12 1 1 1 11 12 1 1 11 12 1 1 7 1 10 12 1 100 1 100 1 10 12 1 7 1 10 11 12 1 1 11 7 12 1 1 11 12 1 1 8 1 8 1 9 7 12 1 1 1 10 12 1 11 12 1 1 18 12 1 10 7 12 1 1 1 100 1 10 10 100 12 1 1 1 10 100 12 1 1 1 10 12 1 10 12 1 1 11 12 1 1 10 12 1 1 11 12 1 10 12 1 9 12 1 1 10 12 1 1 9 12 1 9 12 1 9 12 1 8 1 10 7 12 1 1 1 7 1 9 7 12 1 1 1 11 12 1 1 7 9 12 1 9 12 1 9 12 1 1 10 12 1 10 12 1 10 7 12 1 1 8 1 10 7 12 1 1 1 8 1 10 12 1 10 12 1 1 10 12 1 1 7 1 10 10 12 1 11 12 1 10 12 1 1 9 12 1 11 12 1 1 18 12 1 1 11 7 12 1 1 1 10 7 12 1 1 1 9 12 1 18 10 7 12 1 1 9 12 1 9 12 1 1 11 7 1 10 12 1 10 12 1 10 10 12 1 1 9 7 12 1 1 8 1 10 12 1 8 1 8 1 8 1 8 1 8 1 8 1 8 1 8 1 8 1 8 1 8 1 8 1 8 1 8 1 8 1 11 12 1 1 1 1 1 1 1 1 1 1 1 1 1 1 1 1 1 100 1 1 1 1 1 1 1 1 1 1 1 1 1 1 1 1 1 1 1 1 1 1 1 1 1 1 1 1 1 1 1 1 1 1 1 1 1 1 1 1 1 1 1 1 1 1 1 1 1 1 1 1 1 1 1 1 1 1 1 1 1 1 1 1 1 1 1 1 1 1 1 1 1 1 1 1 1 1 1 1 1 1 1 1 1 1 1 1 1 1 1 1 1 1 1 1 1 1 1 1 1 1 1 1 1 1 1 1 1 1 1 1 1 1 1 1 1 1 1 1 1 1 1 1 1 1 1 1 1 1 1 1 1 1 1 1 15 10 100 12 1 1 8 1 15 10 7 12 1 1 1 16 15 10 12 16 16 15 10 12 16 15 10 12 16 1 1 100 1 100 1 1
staticfield org/languagetool/rules/Rule MISC Lorg/languagetool/rules/Category; org/languagetool/rules/Category
staticfield org/languagetool/rules/Rule ERRORS_THAT_CAN_BE_CORRECTED_ALL_AT_ONCE Ljava/util/Set; java/util/ImmutableCollections$SetN
ciInstanceKlass java/util/ArrayList$SubList 1 1 270 10 7 12 1 1 1 9 7 12 1 1 1 9 12 1 1 9 12 1 1 9 12 1 9 7 12 1 1 9 10 7 12 1 1 1 10 12 1 10 12 1 1 9 12 1 10 12 1 1 10 12 1 1 10 12 1 10 12 1 10 12 1 1 10 12 1 1 11 100 12 1 1 10 10 12 1 1 10 12 1 1 9 10 12 1 10 12 1 1 10 100 12 1 1 1 10 100 12 1 1 1 10 12 1 10 7 12 1 1 1 100 1 10 12 1 1 10 12 1 10 12 1 1 10 12 1 10 12 1 1 10 12 1 1 7 1 10 12 1 10 12 1 1 10 12 1 100 1 10 12 1 1 10 12 1 100 1 10 8 1 10 12 1 1 10 12 1 8 1 10 12 1 1 100 1 10 100 1 10 12 1 100 1 1 1 1 1 1 1 1 1 1 1 1 1 1 1 1 1 1 1 1 1 1 1 1 1 1 1 1 1 1 1 1 1 1 1 1 1 1 1 1 1 1 1 1 1 1 1 1 1 1 1 1 1 1 1 1 1 1 1 1 1 1 1 1 1 1 1 1 1 1 1 1 1 1 1 1 1 1 1 1 1 1 1 1 1 1 1
ciInstanceKlass java/util/regex/Pattern$BnM 1 1 116 7 1 9 12 1 1 7 1 100 1 9 7 12 1 1 1 10 12 1 1 7 1 10 10 12 1 9 9 12 1 9 12 1 9 9 7 12 1 1 1 11 7 12 1 1 1 10 7 12 1 1 1 9 12 1 10 12 1 1 9 12 1 9 12 1 9 12 1 1 9 100 12 1 1 9 12 1 10 12 1 1 1 1 1 1 1 1 1 1 1 1 1 100 1 1 1 1 1 1 1 1 1 1 1 1 1 100 1 1 1 1 1 1 1 1
ciInstanceKlass java/lang/CharacterData00 1 1 256 9 7 12 1 1 1 9 12 1 1 9 12 1 9 12 1 10 12 1 1 10 12 1 10 12 1 1 3 3 3 3 3 3 3 3 3 3 3 3 3 3 3 3 3 3 3 3 3 3 3 3 3 3 3 3 3 3 3 3 3 3 3 3 3 3 3 3 3 3 3 3 3 3 3 3 3 3 3 3 3 3 3 3 3 3 3 3 3 3 3 3 3 3 3 3 3 3 3 3 3 3 3 3 3 3 3 3 3 3 3 3 3 3 3 3 3 3 3 3 3 3 3 3 3 3 3 10 12 1 100 1 3 3 3 3 10 12 1 9 12 1 1 10 7 12 1 1 1 10 7 12 1 1 1 9 12 1 1 10 9 12 1 1 8 1 10 7 12 1 1 1 8 1 8 1 7 1 7 3 3 3 3 3 3 3 3 3 3 3 3 8 1 100 1 10 1 1 1 1 1 1 1 1 1 1 1 1 1 1 1 1 1 1 1 1 1 1 1 1 1 1 1 1 1 1 1 1 1 1 1 1 1 1 1 1 1 1 1 1 1 1 1 1 1 1 1 1 1 1 1 1 1 1 1 1
staticfield java/lang/CharacterData00 instance Ljava/lang/CharacterData00; java/lang/CharacterData00
staticfield java/lang/CharacterData00 charMap [[[C 103 [[[C
staticfield java/lang/CharacterData00 X [C 2048
staticfield java/lang/CharacterData00 Y [C 6048
staticfield java/lang/CharacterData00 A [I 1056
staticfield java/lang/CharacterData00 B [C 1056
staticfield java/lang/CharacterData00 $assertionsDisabled Z 1
ciInstanceKlass com/google/common/base/Supplier 1 0 25 100 1 100 1 100 1 1 1 1 1 1 1 1 1 1 1 1 1 1 1 1 1 1 1
ciInstanceKlass com/google/common/base/Suppliers 1 1 151 10 100 12 1 1 1 100 1 10 12 1 7 1 7 1 7 1 10 12 1 10 10 100 12 1 1 1 8 1 10 12 1 1 100 1 10 100 12 1 1 1 10 12 1 10 100 12 1 1 1 10 12 1 8 1 10 12 1 10 100 12 1 1 1 7 1 10 12 1 100 1 10 9 100 12 1 1 1 100 1 1 1 1 1 1 1 1 1 1 1 1 1 1 1 1 1 1 1 1 1 1 1 1 1 100 1 1 1 1 1 1 1 1 1 1 1 1 1 1 1 1 1 1 1 1 1 1 1 1 1 1 1 1 1 1 1 1 1 1 1 1 1 1 1 1 1 1 100 1 1
ciInstanceKlass org/languagetool/rules/pt/MorfologikPortugueseSpellerRule 1 1 633 9 7 12 1 1 1 8 1 10 12 1 1 8 1 7 1 10 7 12 1 1 1 11 7 12 1 1 1 10 12 1 1 8 1 8 1 9 12 1 1 10 7 12 1 1 1 8 1 8 1 10 7 12 1 1 1 10 12 1 18 12 1 1 10 12 1 18 9 12 1 1 10 12 1 11 7 12 1 1 1 10 7 12 1 1 1 9 12 1 1 10 7 12 1 1 1 11 7 12 1 1 1 11 7 12 1 1 1 11 12 1 1 7 1 10 12 1 1 7 1 10 12 1 10 12 1 11 12 1 1 18 12 1 1 9 12 1 1 10 7 12 1 1 1 10 12 1 1 10 12 1 9 12 1 8 1 10 7 12 1 1 1 8 1 10 12 1 1 10 100 12 1 1 100 1 10 12 1 9 12 1 1 10 100 12 1 1 10 12 1 11 12 1 11 12 1 11 12 1 10 12 1 1 10 12 1 10 12 7 1 10 8 1 10 12 1 1 8 1 10 12 1 1 10 12 1 10 8 1 10 12 1 8 1 10 12 1 1 100 1 18 10 12 1 11 12 1 1 8 1 10 12 1 10 7 12 1 1 8 1 10 12 1 1 10 12 1 18 10 12 1 11 12 1 1 18 12 1 11 7 12 1 1 1 10 7 12 1 1 1 11 12 1 1 18 12 1 1 11 12 1 1 10 12 1 1 10 7 12 1 1 10 12 1 18 10 12 1 9 12 1 1 11 7 12 1 1 8 1 8 1 8 1 8 1 100 1 8 1 8 1 8 1 10 7 12 1 1 1 100 1 10 12 1 10 12 1 10 12 1 10 12 1 1 10 12 1 1 10 12 1 10 12 1 10 10 12 1 10 12 1 10 12 1 1 11 12 1 1 10 12 1 1 8 1 10 12 1 10 12 1 10 12 1 1 10 12 1 10 12 1 1 10 12 1 10 12 1 1 10 12 1 8 1 10 12 1 8 1 10 12 1 8 1 8 1 18 10 12 1 10 12 1 9 12 1 10 12 1 10 12 1 1 10 12 1 1 10 12 1 10 9 12 1 1 1 1 1 1 1 1 1 1 1 1 1 1 1 1 1 1 1 1 1 1 1 1 1 1 1 1 1 1 1 1 1 1 1 1 1 1 1 1 1 1 1 1 100 1 1 1 1 1 100 1 1 1 1 1 1 1 1 1 1 1 1 1 1 1 1 1 1 100 1 100 1 1 1 1 1 1 1 1 1 1 1 1 1 1 1 1 1 1 1 1 1 1 1 1 1 1 1 1 1 1 1 1 1 1 1 1 100 1 100 1 1 1 1 1 1 1 1 1 1 1 15 10 7 12 1 1 8 1 8 1 15 10 7 12 1 1 1 16 15 10 12 16 8 1 8 1 15 10 12 16 16 15 16 1 8 1 8 1 1 100 1 1 100 1 100 1 1
staticfield org/languagetool/rules/pt/MorfologikPortugueseSpellerRule doNotSuggestWords Ljava/util/Set; java/util/HashSet
staticfield org/languagetool/rules/pt/MorfologikPortugueseSpellerRule abbreviations Ljava/util/Set; java/util/HashSet
staticfield org/languagetool/rules/pt/MorfologikPortugueseSpellerRule tagger Lorg/languagetool/tagging/pt/PortugueseTagger; org/languagetool/tagging/pt/PortugueseTagger
staticfield org/languagetool/rules/pt/MorfologikPortugueseSpellerRule synth Lorg/languagetool/synthesis/pt/PortugueseSynthesizer; org/languagetool/synthesis/pt/PortugueseSynthesizer
ciInstanceKlass org/languagetool/tools/StringTools 1 1 1086 7 1 10 100 12 1 1 1 10 7 12 1 1 1 10 7 12 1 1 1 10 7 12 1 1 1 100 1 18 12 1 1 10 12 1 7 1 10 100 1 10 12 1 10 12 1 100 1 10 12 1 10 12 1 10 12 1 1 10 12 1 10 12 1 7 1 10 12 1 1 10 10 12 1 10 12 1 1 10 12 1 1 10 7 12 1 1 1 10 12 1 11 7 12 1 1 11 12 1 1 10 12 1 10 12 1 10 12 1 10 12 1 10 12 1 10 12 1 8 1 10 12 1 1 10 12 1 10 12 1 1 8 1 10 7 12 1 1 10 12 1 1 10 12 1 8 1 10 12 1 10 12 1 1 18 7 1 9 12 1 1 9 12 1 9 12 1 9 12 1 9 12 1 9 12 1 10 7 12 1 1 1 11 12 1 1 18 12 1 1 11 7 12 1 1 1 10 7 12 1 1 1 11 12 1 1 9 12 1 1 100 1 10 10 12 1 7 1 10 12 1 10 12 1 1 9 12 1 11 12 1 10 12 1 10 9 7 12 1 1 1 10 12 1 1 10 12 1 10 12 1 10 12 1 10 12 18 12 1 10 100 12 1 1 1 10 12 1 10 12 1 1 10 12 1 10 100 12 1 1 1 10 100 12 1 1 10 12 1 8 1 8 1 8 1 8 1 10 9 12 1 1 10 12 1 1 8 1 10 7 12 1 1 8 1 8 1 8 1 8 1 8 1 8 1 8 1 10 12 1 8 1 10 12 1 9 12 1 9 12 1 10 12 1 9 7 12 1 1 1 10 7 12 1 1 1 9 12 1 9 12 1 9 12 1 10 12 1 10 12 11 7 1 8 1 10 12 1 8 1 8 1 8 1 8 1 10 100 12 1 1 1 11 100 12 1 1 1 100 1 10 9 100 12 1 1 1 10 12 1 11 12 100 1 100 1 18 10 12 1 10 7 12 1 1 1 10 12 1 1 8 1 8 1 10 12 1 8 1 10 12 1 8 1 8 1 8 1 8 1 8 1 8 1 9 12 1 8 1 8 1 10 12 1 9 12 1 10 12 9 12 1 9 12 1 8 1 8 1 8 1 8 1 8 1 8 1 8 1 8 1 8 1 8 1 8 1 8 1 8 1 8 1 8 1 8 1 8 1 8 1 8 1 8 1 18 8 1 10 12 1 9 12 1 10 12 1 1 10 12 1 10 12 1 10 12 1 1 9 12 1 9 12 1 10 12 1 10 12 1 9 12 1 1 10 12 1 10 12 1 1 10 12 1 10 12 1 1 10 12 1 9 12 1 9 12 1 10 7 12 1 1 8 1 10 12 1 1 8 1 8 1 8 1 7 1 8 1 8 1 8 1 8 1 8 1 8 1 8 1 8 1 8 1 8 1 8 1 8 1 8 1 8 1 8 1 8 1 8 1 8 1 8 1 8 1 8 1 8 1 8 1 8 1 10 12 1 10 12 1 1 9 12 1 8 1 8 1 8 1 8 1 8 1 8 1 8 1 8 1 8 1 8 1 8 1 8 1 8 1 8 1 8 1 8 1 8 1 8 1 8 1 8 1 8 1 8 1 8 1 8 1 9 12 1 10 7 12 1 1 1 8 1 8 1 10 12 1 8 1 8 1 8 1 8 1 8 1 8 1 8 1 8 1 8 1 8 1 8 1 8 1 8 1 8 1 8 1 8 1 8 1 8 1 8 1 8 1 8 1 8 1 8 1 8 1 8 1 8 1 8 1 8 1 8 1 8 1 8 1 8 1 8 1 8 1 8 1 8 1 8 1 8 1 8 1 8 1 8 1 8 1 8 1 8 1 8 1 8 1 8 1 8 1 8 1 8 1 8 1 8 1 8 1 8 1 8 1 8 1 8 1 8 1 8 1 8 1 8 1 8 1 8 1 8 1 8 1 8 1 8 1 8 1 8 1 8 1 8 1 8 1 8 1 8 1 8 1 8 1 8 1 8 1 10 12 1 1 1 1 1 1 1 1 1 1 1 1 1 1 1 1 1 1 1 1 1 1 1 1 1 1 100 1 1 1 1 1 1 1 1 1 1 1 1 1 1 1 1 1 1 1 1 1 1 1 1 1 100 1 1 1 1 1 1 1 1 1 1 1 1 1 1 1 1 1 1 1 1 1 1 100 1 1 1 1 1 1 1 1 1 1 1 1 1 1 1 1 1 1 1 1 1 1 1 1 1 1 1 1 1 1 1 1 1 1 1 1 1 1 1 1 1 1 1 1 1 1 1 1 1 1 1 1 1 1 1 1 1 1 1 1 1 1 1 1 1 1 1 1 1 1 1 1 1 1 1 1 1 1 1 1 1 1 1 1 1 1 1 1 1 1 1 1 100 1 1 15 10 7 12 1 1 8 1 8 1 15 10 7 12 1 1 1 16 15 11 7 1 16 1 8 1 8 1 8 1 1 1 1 100 1 100 1 1
staticfield org/languagetool/tools/StringTools NONCHAR Ljava/util/regex/Pattern; java/util/regex/Pattern
staticfield org/languagetool/tools/StringTools WORD_FOR_SPELLER Ljava/util/regex/Pattern; java/util/regex/Pattern
staticfield org/languagetool/tools/StringTools IS_NUMERIC Ljava/util/regex/Pattern; java/util/regex/Pattern
staticfield org/languagetool/tools/StringTools TRIM_PATTERN Ljava/util/regex/Pattern; java/util/regex/Pattern
staticfield org/languagetool/tools/StringTools UPPERCASE_GREEK_LETTERS Ljava/util/Set; java/util/Collections$UnmodifiableSet
staticfield org/languagetool/tools/StringTools LOWERCASE_GREEK_LETTERS Ljava/util/Set; java/util/Collections$UnmodifiableSet
staticfield org/languagetool/tools/StringTools WHITESPACE_ARRAY [Ljava/lang/String; 20 [Ljava/lang/String;
staticfield org/languagetool/tools/StringTools CHARS_NOT_FOR_SPELLING Ljava/util/regex/Pattern; java/util/regex/Pattern
staticfield org/languagetool/tools/StringTools XML_COMMENT_PATTERN Ljava/util/regex/Pattern; java/util/regex/Pattern
staticfield org/languagetool/tools/StringTools XML_PATTERN Ljava/util/regex/Pattern; java/util/regex/Pattern
staticfield org/languagetool/tools/StringTools PUNCTUATION_PATTERN Ljava/util/regex/Pattern; java/util/regex/Pattern
staticfield org/languagetool/tools/StringTools PUNCT_AND_SYMBOL_PATTERN Ljava/util/regex/Pattern; java/util/regex/Pattern
staticfield org/languagetool/tools/StringTools NOT_WORD_CHARACTER Ljava/util/regex/Pattern; java/util/regex/Pattern
staticfield org/languagetool/tools/StringTools NOT_WORD_STR Ljava/util/regex/Pattern; java/util/regex/Pattern
staticfield org/languagetool/tools/StringTools PATTERN Ljava/util/regex/Pattern; java/util/regex/Pattern
staticfield org/languagetool/tools/StringTools DIACRIT_MARKS Ljava/util/regex/Pattern; java/util/regex/Pattern
staticfield org/languagetool/tools/StringTools ENGLISH_TITLECASE_EXCEPTIONS Ljava/util/Set; java/util/Collections$UnmodifiableSet
staticfield org/languagetool/tools/StringTools PORTUGUESE_TITLECASE_EXCEPTIONS Ljava/util/Set; java/util/Collections$UnmodifiableSet
staticfield org/languagetool/tools/StringTools FRENCH_TITLECASE_EXCEPTIONS Ljava/util/Set; java/util/Collections$UnmodifiableSet
staticfield org/languagetool/tools/StringTools SPANISH_TITLECASE_EXCEPTIONS Ljava/util/Set; java/util/Collections$UnmodifiableSet
staticfield org/languagetool/tools/StringTools GERMAN_TITLECASE_EXCEPTIONS Ljava/util/Set; java/util/Collections$UnmodifiableSet
staticfield org/languagetool/tools/StringTools DUTCH_TITLECASE_EXCEPTIONS Ljava/util/Set; java/util/Collections$UnmodifiableSet
staticfield org/languagetool/tools/StringTools ALL_TITLECASE_EXCEPTIONS Ljava/util/Set; java/util/HashSet
staticfield org/languagetool/tools/StringTools $assertionsDisabled Z 1
ciInstanceKlass org/languagetool/rules/ITSIssueType 1 1 221 7 1 9 12 1 1 9 12 1 9 12 1 9 12 1 9 12 1 9 12 1 9 12 1 9 12 1 9 12 1 9 12 1 9 12 1 9 12 1 9 12 1 9 12 1 9 12 1 9 12 1 9 12 1 9 12 1 9 12 1 9 12 1 9 12 1 9 12 1 9 12 1 9 12 1 9 12 1 9 12 1 9 12 1 9 12 1 1 10 7 12 1 1 10 7 12 1 1 1 10 12 1 1 10 12 1 1 10 7 12 1 1 1 100 1 10 100 12 1 1 18 12 1 1 10 12 1 1 10 12 1 10 12 1 9 12 1 9 7 12 1 1 1 10 12 1 1 8 10 8 8 8 8 8 8 8 8 8 8 8 1 10 12 1 8 8 1 8 8 8 8 8 8 8 1 8 8 8 8 1 8 8 8 8 8 1 8 8 10 12 1 1 1 1 1 1 1 1 1 1 1 1 1 1 1 1 15 10 100 12 1 1 8 1 1 100 1 100 1 1
staticfield org/languagetool/rules/ITSIssueType Terminology Lorg/languagetool/rules/ITSIssueType; org/languagetool/rules/ITSIssueType
staticfield org/languagetool/rules/ITSIssueType Mistranslation Lorg/languagetool/rules/ITSIssueType; org/languagetool/rules/ITSIssueType
staticfield org/languagetool/rules/ITSIssueType Omission Lorg/languagetool/rules/ITSIssueType; org/languagetool/rules/ITSIssueType
staticfield org/languagetool/rules/ITSIssueType Untranslated Lorg/languagetool/rules/ITSIssueType; org/languagetool/rules/ITSIssueType
staticfield org/languagetool/rules/ITSIssueType Addition Lorg/languagetool/rules/ITSIssueType; org/languagetool/rules/ITSIssueType
staticfield org/languagetool/rules/ITSIssueType Duplication Lorg/languagetool/rules/ITSIssueType; org/languagetool/rules/ITSIssueType
staticfield org/languagetool/rules/ITSIssueType Inconsistency Lorg/languagetool/rules/ITSIssueType; org/languagetool/rules/ITSIssueType
staticfield org/languagetool/rules/ITSIssueType Grammar Lorg/languagetool/rules/ITSIssueType; org/languagetool/rules/ITSIssueType
staticfield org/languagetool/rules/ITSIssueType Legal Lorg/languagetool/rules/ITSIssueType; org/languagetool/rules/ITSIssueType
staticfield org/languagetool/rules/ITSIssueType Register Lorg/languagetool/rules/ITSIssueType; org/languagetool/rules/ITSIssueType
staticfield org/languagetool/rules/ITSIssueType LocaleSpecificContent Lorg/languagetool/rules/ITSIssueType; org/languagetool/rules/ITSIssueType
staticfield org/languagetool/rules/ITSIssueType LocaleViolation Lorg/languagetool/rules/ITSIssueType; org/languagetool/rules/ITSIssueType
staticfield org/languagetool/rules/ITSIssueType Style Lorg/languagetool/rules/ITSIssueType; org/languagetool/rules/ITSIssueType
staticfield org/languagetool/rules/ITSIssueType Characters Lorg/languagetool/rules/ITSIssueType; org/languagetool/rules/ITSIssueType
staticfield org/languagetool/rules/ITSIssueType Misspelling Lorg/languagetool/rules/ITSIssueType; org/languagetool/rules/ITSIssueType
staticfield org/languagetool/rules/ITSIssueType Typographical Lorg/languagetool/rules/ITSIssueType; org/languagetool/rules/ITSIssueType
staticfield org/languagetool/rules/ITSIssueType Formatting Lorg/languagetool/rules/ITSIssueType; org/languagetool/rules/ITSIssueType
staticfield org/languagetool/rules/ITSIssueType InconsistentEntities Lorg/languagetool/rules/ITSIssueType; org/languagetool/rules/ITSIssueType
staticfield org/languagetool/rules/ITSIssueType Numbers Lorg/languagetool/rules/ITSIssueType; org/languagetool/rules/ITSIssueType
staticfield org/languagetool/rules/ITSIssueType Markup Lorg/languagetool/rules/ITSIssueType; org/languagetool/rules/ITSIssueType
staticfield org/languagetool/rules/ITSIssueType PatternProblem Lorg/languagetool/rules/ITSIssueType; org/languagetool/rules/ITSIssueType
staticfield org/languagetool/rules/ITSIssueType Whitespace Lorg/languagetool/rules/ITSIssueType; org/languagetool/rules/ITSIssueType
staticfield org/languagetool/rules/ITSIssueType Internationalization Lorg/languagetool/rules/ITSIssueType; org/languagetool/rules/ITSIssueType
staticfield org/languagetool/rules/ITSIssueType Length Lorg/languagetool/rules/ITSIssueType; org/languagetool/rules/ITSIssueType
staticfield org/languagetool/rules/ITSIssueType NonConformance Lorg/languagetool/rules/ITSIssueType; org/languagetool/rules/ITSIssueType
staticfield org/languagetool/rules/ITSIssueType Uncategorized Lorg/languagetool/rules/ITSIssueType; org/languagetool/rules/ITSIssueType
staticfield org/languagetool/rules/ITSIssueType Other Lorg/languagetool/rules/ITSIssueType; org/languagetool/rules/ITSIssueType
staticfield org/languagetool/rules/ITSIssueType $VALUES [Lorg/languagetool/rules/ITSIssueType; 27 [Lorg/languagetool/rules/ITSIssueType;
instanceKlass org/languagetool/rules/patterns/RegexPatternRule
instanceKlass org/languagetool/rules/patterns/AbstractTokenBasedRule
ciInstanceKlass org/languagetool/rules/patterns/AbstractPatternRule 1 1 331 10 7 12 1 1 1 9 12 1 1 10 7 12 1 1 9 12 1 1 9 12 1 9 12 1 1 9 12 1 1 8 1 10 7 12 1 1 1 7 1 9 12 1 18 12 1 1 9 12 1 8 1 7 1 9 12 1 1 9 12 1 7 1 10 12 1 9 12 1 1 10 12 1 1 9 12 1 11 7 12 1 1 1 11 12 1 1 7 1 10 12 1 9 12 1 11 12 1 1 11 7 12 1 1 11 12 1 1 10 12 1 9 12 1 10 12 1 1 10 12 1 9 12 1 18 8 1 10 12 1 1 18 12 1 9 12 1 9 12 1 18 12 1 100 1 10 12 1 10 12 1 9 12 1 10 12 1 11 12 1 1 9 12 1 10 7 12 1 1 1 9 12 1 9 12 1 1 9 12 1 9 12 1 11 12 1 1 10 12 1 1 100 1 10 12 1 1 9 7 12 1 1 1 9 12 1 9 12 1 9 7 12 1 1 9 12 1 1 1 1 1 1 1 1 1 1 1 1 1 1 1 1 1 1 1 1 1 1 1 1 1 1 1 1 1 1 1 1 1 1 100 1 1 1 1 1 1 1 1 1 1 1 1 1 1 1 1 1 1 1 1 1 1 1 1 1 1 1 1 1 1 1 1 1 1 1 1 1 1 1 1 1 1 1 1 1 1 1 1 1 1 1 1 1 1 1 1 15 10 7 12 1 1 8 1 8 1 8 1 8 1 1 100 1 1 100 1 100 1 1
instanceKlass org/languagetool/rules/patterns/PatternRule
instanceKlass org/languagetool/tagging/disambiguation/rules/DisambiguationPatternRule
ciInstanceKlass org/languagetool/rules/patterns/AbstractTokenBasedRule 1 1 257 10 7 12 1 1 1 7 1 10 12 1 11 7 12 1 1 1 11 12 1 1 7 1 10 7 12 1 1 1 11 12 1 1 10 12 1 10 12 1 1 10 12 1 7 1 10 12 1 11 7 12 1 1 1 10 12 1 10 12 1 11 11 12 1 1 18 12 1 1 11 7 12 1 1 1 18 11 12 1 11 7 12 1 1 1 18 12 1 11 12 1 1 7 1 9 12 1 9 12 1 1 100 1 10 7 12 1 1 1 9 12 1 1 10 12 1 10 12 1 10 12 1 10 7 12 1 1 10 12 1 1 9 12 1 1 10 7 12 1 1 18 12 1 1 11 12 1 1 11 7 12 1 1 10 7 12 1 1 1 10 7 12 1 1 1 1 1 1 1 1 1 1 1 1 1 1 1 1 1 1 1 1 1 1 1 1 1 1 1 1 1 1 1 1 1 7 1 100 1 1 1 1 1 1 1 1 1 1 1 1 1 1 1 1 1 15 10 7 12 1 1 1 16 1 15 10 12 16 15 10 12 16 15 10 12 16 16 1 15 10 12 1 16 1 1 1 100 1 100 1 1 100 1 100 1 1
ciInstanceKlass org/languagetool/tagging/disambiguation/rules/DisambiguationPatternRule 1 1 189 10 7 12 1 1 1 10 7 12 1 1 1 9 7 12 1 1 1 9 12 1 9 7 12 1 1 1 9 12 1 9 12 1 9 12 1 9 12 1 9 12 1 9 12 1 9 12 1 100 1 10 100 12 1 1 1 18 12 1 1 10 12 1 9 12 1 1 9 12 1 1 10 7 12 1 1 1 9 12 1 8 1 10 12 1 9 12 1 10 7 12 1 1 1 9 12 1 10 12 1 1 7 1 10 12 1 10 12 1 1 7 1 10 12 1 1 1 1 1 1 1 1 1 1 1 1 1 1 1 1 1 1 1 1 1 100 1 100 1 1 1 1 1 1 1 100 1 1 100 1 1 1 1 1 1 1 1 1 1 1 1 1 1 1 1 1 1 1 1 1 1 1 1 15 10 100 12 1 1 8 1 1 1 100 1 100 1 1
ciInstanceKlass org/languagetool/rules/patterns/RuleMatcher 1 0 16 100 1 100 1 1 1 1 100 1 1 1 1 1 1 1
ciInstanceKlass org/languagetool/rules/patterns/PatternRule 1 1 361 10 7 12 1 1 1 10 7 12 1 1 1 7 1 9 7 12 1 1 1 9 12 1 7 1 10 12 1 9 12 1 1 10 12 1 1 8 1 9 12 1 11 7 12 1 1 1 11 7 12 1 1 11 12 1 1 7 1 10 12 1 10 12 1 1 10 100 12 1 1 10 12 1 1 10 7 12 1 1 1 11 12 1 9 12 1 11 12 1 1 9 12 1 1 10 12 1 10 12 1 9 12 1 9 12 1 10 12 1 100 1 8 1 10 12 1 10 12 1 10 12 1 1 11 12 1 1 18 12 1 1 11 7 12 1 1 1 10 100 12 1 1 1 11 12 1 1 18 11 100 12 1 1 1 11 12 1 1 10 100 12 1 1 10 12 1 100 1 10 12 1 10 100 12 1 1 10 12 1 10 12 1 8 1 10 12 1 1 100 1 10 100 1 10 12 1 10 12 1 10 12 1 10 12 1 1 10 12 1 1 10 12 1 1 9 7 12 1 1 1 7 1 10 12 1 11 7 12 1 1 1 10 12 1 1 11 10 12 1 1 10 100 12 1 1 1 10 7 12 1 1 18 12 1 1 11 12 1 1 9 1 1 1 1 1 1 1 1 1 1 1 1 1 1 1 1 1 1 1 1 1 1 100 1 1 1 1 1 1 1 1 1 1 1 1 1 1 1 1 1 1 1 1 1 1 1 1 1 1 1 1 1 100 1 1 1 1 1 1 1 1 1 1 1 1 1 1 1 1 15 10 7 12 1 1 1 16 15 10 12 16 15 10 12 16 16 15 10 7 12 1 1 16 1 1 100 1 100 1 1
ciInstanceKlass org/languagetool/AnalyzedTokenReadings 1 1 561 100 1 10 7 12 1 1 1 10 7 12 1 1 1 10 7 12 1 1 1 10 7 12 1 1 10 12 1 1 9 12 1 1 9 12 1 1 8 1 9 12 1 1 7 1 11 7 12 1 1 1 7 1 9 12 1 9 12 1 1 10 12 1 1 9 12 1 10 7 12 1 1 1 9 12 10 12 1 1 9 12 8 1 10 7 12 1 1 1 8 1 8 1 8 1 9 12 1 8 1 10 12 1 9 12 1 8 1 10 12 1 9 12 1 8 1 9 12 1 11 12 1 1 11 12 1 1 9 12 1 10 12 1 10 12 1 9 12 1 9 12 1 10 12 1 10 12 1 10 12 1 10 12 1 10 12 1 10 12 1 10 12 1 1 10 12 1 10 12 1 1 10 12 1 10 12 1 10 12 1 1 10 12 1 10 12 1 10 12 10 12 1 10 12 1 10 12 1 10 12 1 10 12 1 1 10 12 1 10 12 1 1 10 12 1 10 12 1 10 7 12 1 1 1 10 12 1 1 10 12 1 1 10 7 12 1 1 11 12 1 1 11 100 12 1 1 11 12 1 1 100 1 10 12 1 7 1 11 12 1 1 10 12 1 11 12 1 10 12 1 10 12 1 10 10 12 1 10 12 1 11 12 1 10 10 12 1 1 8 1 10 12 1 1 8 1 8 1 9 12 1 10 9 12 9 12 1 9 12 1 1 11 7 12 1 1 18 12 1 1 11 12 1 9 12 10 12 10 12 1 10 7 12 1 1 10 12 1 1 18 12 1 10 7 12 1 1 1 7 1 10 10 12 1 1 10 12 1 10 12 1 10 10 12 1 1 8 1 10 100 12 1 1 1 8 1 10 10 12 1 9 12 1 1 10 12 1 1 10 100 12 1 1 10 100 12 1 1 10 12 1 10 12 1 1 100 1 10 10 12 1 10 12 1 10 12 1 10 12 1 10 12 1 7 1 10 12 7 1 10 12 1 9 12 1 10 7 12 1 1 1 8 1 100 1 1 1 1 1 1 1 1 1 1 1 1 1 1 1 1 1 1 1 1 1 1 1 1 1 1 1 1 1 1 1 1 1 1 1 1 1 100 1 1 1 1 1 1 1 1 1 1 1 1 1 1 1 1 1 1 1 1 1 1 1 1 1 1 1 1 1 1 1 1 1 1 1 1 1 1 1 1 1 1 1 1 1 1 1 1 1 1 1 1 1 1 1 1 1 1 1 1 1 1 15 10 100 12 1 1 8 1 8 1 1 100 1 100 1 1
staticfield org/languagetool/AnalyzedTokenReadings logger Lorg/slf4j/Logger; org/slf4j/helpers/NOPLogger
staticfield org/languagetool/AnalyzedTokenReadings NON_WORD_REGEX Ljava/util/regex/Pattern; java/util/regex/Pattern
ciInstanceKlass org/languagetool/rules/patterns/Match 1 1 148 10 7 12 1 1 1 9 7 12 1 1 1 9 12 1 1 9 12 1 1 10 7 12 1 1 1 9 12 1 1 9 12 1 9 12 1 9 12 1 9 12 1 9 12 1 1 9 12 1 7 1 10 12 1 10 12 1 1 10 12 1 10 7 12 1 1 1 9 12 1 9 12 1 9 12 1 1 9 100 12 1 1 9 12 1 1 1 1 1 1 1 1 1 1 100 1 100 1 1 1 1 1 1 1 1 1 1 1 1 1 1 1 1 1 1 1 1 1 1 1 1 1 1 1 1 1 1 1 1 1 1 1 1 1 1 1 1 1 1 1 1 1 1 1 1 1 1
instanceKlass org/languagetool/rules/IsEnglishWordFilter
instanceKlass org/languagetool/rules/AbstractAdvancedSynthesizerFilter
instanceKlass org/languagetool/rules/pt/RomanNumeralFilter
instanceKlass org/languagetool/rules/pt/ConfusionCheckFilter
instanceKlass org/languagetool/rules/ShortenedYearRangeChecker
instanceKlass org/languagetool/rules/pt/PortugueseProclisisFilter
instanceKlass org/languagetool/rules/pt/PortugueseEnclisisFilter
instanceKlass org/languagetool/rules/pt/RegularIrregularParticipleFilter
instanceKlass org/languagetool/rules/spelling/multitoken/MultitokenSpellerFilter
instanceKlass org/languagetool/rules/patterns/ApostropheTypeFilter
instanceKlass org/languagetool/rules/en/OrdinalSuffixFilter
instanceKlass org/languagetool/rules/DateRangeChecker
instanceKlass org/languagetool/rules/AbstractDateCheckWithSuggestionsFilter
instanceKlass org/languagetool/rules/AbstractNewYearDateFilter
instanceKlass org/languagetool/rules/AbstractFutureDateFilter
instanceKlass org/languagetool/rules/UnderlineSpacesFilter
instanceKlass org/languagetool/rules/en/AdverbFilter
instanceKlass org/languagetool/rules/AbstractFindSuggestionsFilter
instanceKlass org/languagetool/rules/AbstractNumberInWordFilter
instanceKlass org/languagetool/rules/AbstractSuppressMisspelledSuggestionsFilter
ciInstanceKlass org/languagetool/rules/patterns/RuleFilter 1 1 230 10 7 12 1 1 1 9 7 12 1 1 1 7 1 7 1 10 8 1 10 12 1 10 12 1 1 11 7 12 1 1 1 7 1 100 1 18 12 1 1 10 12 1 8 1 10 12 1 1 10 100 12 1 1 1 10 12 1 10 12 1 1 10 12 1 8 1 10 12 1 1 10 7 12 1 1 1 10 12 1 1 10 100 12 1 1 1 18 12 1 10 12 1 10 100 12 1 1 11 7 12 1 1 1 11 7 12 1 1 11 12 1 1 10 12 1 100 1 100 1 10 12 1 1 100 1 18 10 10 12 1 1 10 100 12 1 1 1 10 12 1 1 1 1 1 1 1 1 100 1 1 1 1 1 1 1 1 1 1 1 1 1 1 1 1 1 1 1 1 1 1 1 1 1 1 1 1 1 1 1 1 1 1 1 1 1 1 1 1 1 1 1 1 1 1 1 1 1 1 1 1 1 1 1 1 1 1 1 1 1 15 10 100 12 1 1 8 1 8 1 8 1 1 1 100 1 100 1 1
ciInstanceKlass java/lang/CharacterData01 1 1 151 9 7 12 1 1 1 9 12 1 1 9 12 1 9 12 1 10 12 1 1 10 12 1 10 12 1 1 3 3 3 10 12 1 100 1 3 3 3 3 3 3 3 3 3 3 3 3 3 3 3 3 3 3 3 3 3 3 3 10 7 12 1 1 1 10 7 12 1 1 1 9 12 1 1 10 9 12 1 1 8 1 10 7 12 1 1 1 8 1 8 1 8 1 100 1 10 1 1 1 1 1 1 1 1 1 1 1 1 1 1 1 1 1 1 1 1 1 1 1 1 1 1 1 1 1 1 1 1 1 1 1 1 1 1 1 1 1 1 1 1 1 1 1 1 1 1 1 100 1 1
staticfield java/lang/CharacterData01 instance Ljava/lang/CharacterData; java/lang/CharacterData01
staticfield java/lang/CharacterData01 X [C 2048
staticfield java/lang/CharacterData01 Y [C 5312
staticfield java/lang/CharacterData01 A [I 658
staticfield java/lang/CharacterData01 B [C 658
staticfield java/lang/CharacterData01 $assertionsDisabled Z 1
ciInstanceKlass java/util/regex/PatternSyntaxException 0 0 76 10 100 12 1 1 1 9 100 12 1 1 1 9 12 1 9 12 1 1 100 1 10 10 12 1 1 8 1 10 12 1 10 100 12 1 1 1 10 100 12 1 1 1 10 12 1 1 10 12 1 10 12 1 1 1 1 5 0 1 1 1 1 1 1 1 1 1 1 1 1 1 1 1 1 1
instanceKlass java/util/AbstractList$ListItr
ciInstanceKlass java/util/AbstractList$Itr 1 1 84 9 7 12 1 1 1 10 7 12 1 1 1 9 12 1 1 9 12 1 9 7 12 1 1 9 12 1 10 12 1 1 10 12 1 10 12 1 1 100 1 100 1 10 12 1 100 1 10 10 12 1 100 1 10 100 1 1 1 1 1 1 1 1 1 1 1 1 1 1 1 1 1 1 1 1 1 1 1 1 1 1 1 1
ciInstanceKlass java/util/ConcurrentModificationException 0 0 34 10 100 12 1 1 1 10 12 1 10 12 1 10 12 1 100 1 1 1 1 5 0 1 1 1 1 1 1 1 1 1 1 1
ciInstanceKlass morfologik/stemming/ArrayViewList 1 1 106 10 100 10 10 9 9 9 100 10 10 10 10 11 11 10 7 7 100 100 1 1 1 1 1 1 1 1 1 1 1 1 1 1 1 1 1 1 100 100 1 1 1 1 1 1 1 1 1 1 1 1 1 1 1 1 1 1 1 1 1 1 1 1 1 1 1 1 1 1 1 1 1 1 1 1 1 1 12 1 12 12 12 12 1 100 12 12 100 12 100 12 12 1 1 1 1 1 1 1 1 1 1 1 1 1
ciInstanceKlass org/languagetool/rules/pt/RegularIrregularParticipleFilter 1 1 271 10 7 12 1 1 1 10 7 12 1 1 1 9 7 12 1 1 1 10 7 12 1 1 1 7 1 9 12 1 1 8 1 10 12 1 1 10 7 12 1 1 1 10 7 12 1 1 8 1 10 12 1 1 10 12 1 1 11 7 12 1 1 1 11 12 1 1 7 1 10 12 1 1 10 7 12 1 1 8 1 10 12 1 10 12 1 10 12 1 1 18 12 1 1 10 12 1 18 12 1 10 12 1 1 100 1 10 12 1 10 12 1 1 18 10 12 1 8 1 10 12 1 10 12 1 10 12 1 8 1 10 12 1 10 12 1 1 10 12 1 1 10 12 1 10 12 1 10 12 1 10 12 1 1 10 12 1 1 10 12 1 1 11 100 12 1 1 1 8 1 10 12 1 1 8 1 10 100 12 1 1 8 1 10 12 1 10 12 1 10 12 1 8 1 8 1 8 1 8 1 1 1 1 1 1 1 1 1 1 1 1 1 1 1 1 1 1 1 1 1 1 1 1 1 1 1 1 1 1 1 1 1 1 1 1 1 1 100 1 100 100 1 1 1 1 1 1 1 1 15 10 7 12 1 1 8 1 8 1 8 1 1 100 1 1 100 1 100 1 1
ciInstanceKlass org/languagetool/rules/pt/ConfusionCheckFilter 1 1 326 10 7 12 1 1 1 7 1 10 10 7 12 1 1 1 10 12 1 1 9 12 1 1 10 12 1 9 12 1 7 1 10 8 1 11 7 12 1 1 1 8 1 8 1 10 7 12 1 1 1 7 1 10 12 1 1 10 7 12 1 1 1 8 1 10 12 1 1 8 1 10 7 12 1 1 8 1 10 12 1 10 100 12 1 1 1 100 1 10 100 12 1 1 18 12 1 1 10 12 1 8 1 10 100 12 1 1 1 9 12 1 1 8 1 9 12 1 8 1 9 12 1 8 1 9 12 1 8 1 9 12 1 8 1 9 12 1 10 12 1 1 8 1 10 7 12 1 1 1 8 1 11 7 12 1 1 11 12 1 1 10 12 1 11 12 1 100 1 10 12 1 10 7 12 1 1 1 10 100 12 1 1 1 10 12 1 10 12 1 10 100 12 1 1 8 1 8 1 10 12 1 1 10 12 1 1 10 12 1 1 10 12 1 10 12 1 10 12 1 10 12 1 1 10 12 1 1 10 12 1 8 1 8 1 10 12 1 1 8 1 10 12 1 10 12 1 8 1 10 12 1 1 8 1 8 1 8 1 8 1 8 1 1 1 1 1 1 1 1 1 1 1 1 1 1 1 1 1 1 1 1 1 1 1 1 1 1 1 1 1 1 1 1 1 1 1 1 1 1 1 1 1 100 1 1 1 1 1 15 10 100 12 1 1 8 1 1 100 1 1 100 1 100 1 1
staticfield org/languagetool/rules/pt/ConfusionCheckFilter MS Ljava/util/regex/Pattern; java/util/regex/Pattern
staticfield org/languagetool/rules/pt/ConfusionCheckFilter FS Ljava/util/regex/Pattern; java/util/regex/Pattern
staticfield org/languagetool/rules/pt/ConfusionCheckFilter MP Ljava/util/regex/Pattern; java/util/regex/Pattern
staticfield org/languagetool/rules/pt/ConfusionCheckFilter FP Ljava/util/regex/Pattern; java/util/regex/Pattern
staticfield org/languagetool/rules/pt/ConfusionCheckFilter CP Ljava/util/regex/Pattern; java/util/regex/Pattern
staticfield org/languagetool/rules/pt/ConfusionCheckFilter CS Ljava/util/regex/Pattern; java/util/regex/Pattern
ciInstanceKlass org/languagetool/AnalyzedSentence 1 1 416 10 7 12 1 1 1 10 7 12 1 1 9 12 1 1 9 12 1 9 12 1 1 10 12 1 1 7 1 11 7 12 1 1 1 7 9 12 1 9 12 1 10 12 1 1 9 12 1 1 10 12 1 9 12 1 7 1 10 10 12 1 1 10 12 1 10 12 1 10 12 1 11 12 1 1 7 1 10 12 1 10 12 1 1 10 7 12 1 1 18 12 1 1 11 7 12 1 1 1 10 7 12 1 1 1 10 12 1 1 10 12 1 1 10 12 1 1 10 7 12 1 1 10 18 11 12 1 11 12 1 11 12 1 1 10 12 1 11 12 1 1 11 7 12 1 1 1 11 7 12 1 1 11 12 1 1 7 1 11 12 1 10 7 12 1 1 1 11 12 1 1 10 12 1 10 12 1 1 10 12 1 1 8 1 10 12 1 10 12 1 10 12 1 10 12 1 10 12 1 8 1 10 12 1 1 10 12 1 9 12 1 1 10 12 1 7 1 10 10 12 1 1 10 12 10 12 1 10 12 1 10 12 1 10 12 1 10 12 1 10 10 12 1 8 1 100 1 8 1 10 12 1 8 1 8 1 8 1 10 12 1 10 12 1 8 1 10 100 12 1 1 1 10 12 1 8 1 10 8 1 10 12 1 11 12 1 11 12 10 12 1 1 10 100 12 1 1 10 12 1 10 100 12 1 1 1 10 1 1 1 1 1 1 1 1 1 1 1 1 1 1 1 1 1 1 1 100 1 1 1 1 1 1 1 1 1 1 1 1 1 1 1 1 1 1 1 1 1 1 1 1 1 1 1 1 1 1 1 1 1 1 1 1 1 1 1 1 1 1 1 1 1 1 1 1 1 1 1 1 1 1 1 1 1 1 1 1 1 15 10 7 12 1 1 1 16 15 10 12 16 15 10 12 1 1 100 1 100 1 1 100 1 100 1 1
ciInstanceKlass org/languagetool/rules/patterns/PatternRuleMatcher 1 1 688 10 7 12 1 1 1 10 7 12 1 1 1 10 7 12 1 1 1 9 7 12 1 1 1 9 12 1 1 7 1 10 12 1 9 12 1 9 12 1 1 10 12 1 1 10 7 12 1 1 18 12 1 1 18 12 1 1 11 100 12 1 1 1 10 12 1 1 10 12 1 1 10 12 1 18 12 1 1 10 12 1 1 7 1 10 11 7 12 1 1 1 9 7 12 1 1 1 11 7 12 1 1 1 7 18 11 12 1 100 1 10 7 12 1 1 1 18 12 1 10 12 1 100 1 100 1 18 10 10 7 12 1 1 10 12 1 1 10 12 1 10 12 1 1 10 12 1 1 10 12 1 10 12 1 10 12 1 9 12 1 1 10 7 12 1 1 1 10 12 1 11 12 1 1 10 7 12 1 1 1 8 1 8 1 10 12 1 1 10 12 1 1 10 12 1 1 10 12 1 10 12 1 1 10 12 1 10 12 1 8 1 10 12 1 1 10 12 1 100 1 8 1 8 1 8 1 10 12 1 10 12 1 1 10 12 1 1 10 12 1 1 7 1 10 12 1 10 7 12 1 1 1 7 1 10 12 1 10 7 12 1 1 1 10 12 1 1 11 12 1 10 12 1 1 11 12 1 1 11 100 12 1 1 11 12 1 1 7 1 10 12 1 10 12 1 10 12 1 1 7 1 10 12 1 11 12 1 1 7 1 10 12 1 10 12 10 12 1 1 10 7 12 1 1 10 12 1 1 10 12 1 11 12 1 10 12 1 1 10 12 1 10 10 12 1 18 12 1 10 12 1 1 18 12 10 12 1 18 10 12 1 8 1 10 12 1 8 1 10 12 1 9 12 1 1 10 7 12 1 1 1 10 7 12 1 1 8 1 9 12 1 10 12 1 9 12 1 10 12 18 7 1 10 10 12 1 1 8 1 10 12 1 10 12 1 1 9 12 1 1 10 12 1 1 10 12 1 1 10 7 12 1 1 1 100 1 100 1 10 12 1 1 10 12 1 1 10 12 1 11 12 1 1 10 12 1 10 12 1 1 7 1 10 8 1 10 12 1 1 8 1 8 1 8 1 10 7 12 1 1 100 1 1 1 1 1 1 1 8 1 1 1 1 1 1 1 1 1 1 1 1 1 1 1 1 1 1 1 1 1 1 1 1 1 1 1 1 1 100 1 1 1 1 1 1 1 1 1 1 1 1 1 1 1 1 1 1 1 1 1 1 1 1 1 1 1 1 1 1 1 1 1 100 1 1 1 1 1 1 1 1 1 1 1 1 1 1 1 1 1 1 1 1 1 1 1 1 1 1 1 1 1 1 1 1 1 1 1 1 1 1 1 1 1 1 1 1 1 1 1 1 1 1 1 1 1 1 1 1 1 1 1 1 1 1 1 1 1 1 1 1 1 1 1 1 1 1 1 1 15 10 7 12 1 1 8 1 15 10 7 12 1 1 1 16 1 15 10 12 16 16 1 15 10 12 15 10 12 8 1 8 1 8 1 8 1 8 1 8 1 1 100 1 1 100 1 1 100 1 100 1 1 100 1 100 1 1
staticfield org/languagetool/rules/patterns/PatternRuleMatcher currentlyActiveRules Ljava/util/Map; java/util/concurrent/ConcurrentHashMap
staticfield org/languagetool/rules/patterns/PatternRuleMatcher SUGGESTION_PATTERN_SUPPRESS Ljava/util/regex/Pattern; java/util/regex/Pattern
staticfield org/languagetool/rules/patterns/PatternRuleMatcher WHITESPACE_OR_PUNCT Ljava/util/regex/Pattern; java/util/regex/Pattern
staticfield org/languagetool/rules/patterns/PatternRuleMatcher TAG_AND_PLEASE_SPELL_ME Ljava/util/regex/Pattern; java/util/regex/Pattern
staticfield org/languagetool/rules/patterns/PatternRuleMatcher monitorRules Z 0
ciInstanceKlass org/languagetool/rules/RuleMatch 1 1 725 10 7 12 1 1 1 10 12 1 10 12 1 1 10 7 12 1 1 7 1 10 12 1 9 12 1 1 7 1 10 9 12 1 1 7 1 10 9 12 1 1 9 12 1 1 9 7 12 1 1 1 9 12 1 10 7 12 1 1 1 9 12 1 1 9 12 1 7 1 10 9 12 1 1 8 1 9 12 1 1 9 12 1 10 7 12 1 1 1 7 1 9 12 1 1 100 1 18 12 1 1 10 12 1 7 1 10 9 12 1 1 7 1 10 9 12 1 1 7 1 9 12 1 9 12 1 9 12 1 1 10 12 1 7 1 10 18 12 1 8 1 10 12 1 1 8 1 10 12 1 10 12 1 1 10 12 1 100 1 8 1 10 12 1 1 10 7 12 1 1 1 8 1 10 12 1 1 10 12 1 10 12 1 1 10 12 1 1 7 1 10 10 12 1 7 1 10 12 1 10 7 12 1 1 1 9 12 1 1 10 12 1 1 10 12 1 1 10 12 1 10 12 1 10 12 1 10 12 1 10 12 1 10 12 1 10 12 1 10 12 1 10 12 1 1 10 12 1 1 10 12 1 10 12 1 1 10 12 1 1 10 12 1 1 10 12 1 1 10 12 1 1 10 12 1 10 12 1 1 10 12 1 10 12 1 10 12 1 10 12 1 10 12 1 10 12 1 10 12 1 10 12 1 10 12 10 12 1 10 12 1 10 12 1 10 12 1 10 12 1 10 12 1 10 12 1 10 12 1 10 10 10 10 100 1 10 10 10 10 10 10 12 1 1 18 12 1 8 1 10 12 1 10 11 7 1 10 12 1 1 10 12 1 8 1 18 12 1 1 10 12 1 1 11 7 12 1 1 11 12 1 1 18 12 1 1 11 7 12 1 1 1 10 7 12 1 1 1 11 12 1 1 10 12 1 1 18 8 1 18 12 1 10 12 1 1 10 12 1 1 9 12 1 1 100 1 10 12 1 18 12 1 10 12 1 10 7 12 1 1 1 10 12 1 1 10 12 1 10 12 1 1 10 12 1 10 7 12 1 1 10 12 1 11 10 12 1 1 10 12 1 18 12 18 12 1 1 11 12 1 1 11 12 1 1 11 100 12 1 1 11 12 1 10 12 1 10 12 1 10 12 1 10 12 18 18 10 12 1 10 12 1 1 10 12 1 10 12 1 100 1 18 12 1 10 100 12 1 1 1 10 12 1 1 10 100 12 1 1 1 9 12 1 1 100 1 1 1 1 1 1 1 1 1 1 1 1 1 1 1 1 1 1 1 1 1 1 1 1 1 1 1 1 1 1 1 1 1 1 1 1 1 1 1 1 1 1 1 1 1 1 1 1 1 1 1 1 1 1 1 1 1 1 1 1 1 1 1 1 1 1 1 1 1 1 1 1 1 1 1 1 1 1 1 1 1 1 1 1 1 1 1 1 1 1 1 1 1 1 1 1 1 1 1 1 1 1 1 1 1 1 1 1 1 1 1 1 1 1 1 1 1 1 1 1 15 10 7 12 1 1 8 1 8 1 8 1 15 10 7 12 1 1 1 16 15 10 12 16 16 15 16 1 15 16 1 15 8 1 8 1 16 15 10 12 16 1 8 1 15 10 12 1 1 1 1 1 1 1 100 1 100 1 1
staticfield org/languagetool/rules/RuleMatch EMPTY_ARRAY [Lorg/languagetool/rules/RuleMatch; 0 [Lorg/languagetool/rules/RuleMatch;
instanceKlass org/languagetool/rules/patterns/PatternRuleMatcher
instanceKlass org/languagetool/tagging/disambiguation/rules/DisambiguationPatternRuleReplacer
ciInstanceKlass org/languagetool/rules/patterns/AbstractPatternRulePerformer 1 1 493 10 7 12 1 1 1 10 7 12 1 1 1 7 1 9 7 12 1 1 1 7 1 9 12 1 1 10 12 1 1 9 12 1 1 11 7 12 1 1 1 9 12 1 1 10 12 1 9 12 1 10 12 1 1 7 1 10 9 12 1 1 9 12 1 7 1 9 12 1 10 12 1 11 12 1 1 11 7 12 1 1 11 12 1 1 7 1 7 1 10 12 1 11 12 1 1 9 12 1 1 10 12 1 10 7 12 1 1 1 10 12 1 10 7 12 1 1 1 7 1 10 12 1 9 12 1 10 12 1 1 9 12 1 1 11 7 12 1 1 11 12 1 1 10 12 1 1 10 12 1 1 9 12 1 1 10 12 1 10 12 1 1 10 12 1 1 10 12 1 10 12 1 1 10 12 1 10 12 1 1 10 12 1 10 12 1 11 7 12 1 1 1 7 1 10 10 7 12 1 1 10 12 1 10 10 12 1 1 10 12 1 1 10 12 1 10 12 1 10 12 1 1 10 12 1 10 12 1 10 12 1 10 12 1 10 12 1 10 12 1 10 12 1 10 12 1 1 10 12 1 10 12 1 10 12 1 1 18 12 1 1 11 12 1 1 10 12 1 1 10 100 12 1 1 10 12 1 11 12 1 1 18 12 1 1 11 100 12 1 1 1 10 12 1 11 12 1 10 12 1 10 12 1 11 12 1 18 10 12 1 11 12 10 12 1 1 7 1 10 12 1 1 10 12 1 10 12 1 10 12 1 10 12 1 10 12 1 1 10 12 1 1 10 12 1 1 10 12 1 10 12 1 3 10 12 10 100 12 1 1 1 1 1 1 1 1 1 1 1 1 1 1 1 1 1 1 1 1 1 1 1 1 1 1 1 1 1 1 1 1 1 1 1 1 1 1 100 1 100 1 1 1 1 1 1 1 1 1 1 1 1 1 1 1 1 1 1 1 1 1 1 1 100 1 1 1 1 1 1 1 1 1 1 1 1 1 1 1 1 1 1 1 1 1 1 1 1 1 1 1 1 1 1 1 1 1 1 1 1 1 1 1 1 15 10 7 12 1 1 1 16 15 10 12 16 16 15 10 12 16 1 15 10 12 1 1 1 100 1 100 1 1
ciInstanceKlass org/languagetool/rules/UnsyncStack 1 1 68 10 7 12 1 1 1 10 7 12 1 1 1 10 12 1 1 10 12 1 1 10 12 1 1 100 1 10 10 12 1 10 12 1 1 1 1 1 5 0 1 1 1 1 1 1 1 1 1 1 1 1 1 1 1 1 1 1 1 1 1 1 1 1 1 1 1 1
ciInstanceKlass org/languagetool/rules/RuleMatch$SentencePosition 1 1 24 10 7 12 1 1 1 100 1 1 1 1 1 1 1 1 1 1 1 1 100 1 1 1
ciInstanceKlass org/languagetool/rules/RuleMatch$LinePosition 1 1 24 10 7 12 1 1 1 100 1 1 1 1 1 1 1 1 1 1 1 1 100 1 1 1
ciInstanceKlass org/languagetool/rules/RuleMatch$ColumnPosition 1 1 24 10 7 12 1 1 1 100 1 1 1 1 1 1 1 1 1 1 1 1 100 1 1 1
ciInstanceKlass org/languagetool/rules/RuleMatch$Type 1 1 59 7 1 9 12 1 1 9 12 1 9 12 1 9 12 1 1 10 100 12 1 1 10 7 12 1 1 1 10 12 1 1 8 10 8 8 10 12 1 1 1 1 1 1 1 1 1 1 1 1 1 1 1 1 1 100 1 1 1
staticfield org/languagetool/rules/RuleMatch$Type UnknownWord Lorg/languagetool/rules/RuleMatch$Type; org/languagetool/rules/RuleMatch$Type
staticfield org/languagetool/rules/RuleMatch$Type Hint Lorg/languagetool/rules/RuleMatch$Type; org/languagetool/rules/RuleMatch$Type
staticfield org/languagetool/rules/RuleMatch$Type Other Lorg/languagetool/rules/RuleMatch$Type; org/languagetool/rules/RuleMatch$Type
staticfield org/languagetool/rules/RuleMatch$Type $VALUES [Lorg/languagetool/rules/RuleMatch$Type; 3 [Lorg/languagetool/rules/RuleMatch$Type;
ciInstanceKlass org/languagetool/rules/RuleMatch$PatternPosition 1 1 24 10 7 12 1 1 1 100 1 1 1 1 1 1 1 1 1 1 1 1 100 1 1 1
ciInstanceKlass org/languagetool/rules/RuleMatch$OffsetPosition 1 1 24 10 7 12 1 1 1 100 1 1 1 1 1 1 1 1 1 1 1 1 100 1 1 1
ciInstanceKlass org/languagetool/rules/SuggestedReplacement 1 1 226 10 7 12 1 1 1 10 7 12 1 1 10 7 12 1 1 1 9 12 1 1 9 12 1 1 9 7 12 1 1 1 9 12 1 10 7 12 1 1 1 7 1 9 12 1 1 9 12 1 9 12 1 10 12 1 1 10 12 1 1 10 12 1 1 10 12 1 1 10 12 1 10 12 1 1 10 12 1 1 10 12 1 1 18 12 1 1 10 12 1 1 10 12 1 1 10 12 1 10 12 1 1 10 12 1 1 11 7 12 1 1 1 18 12 1 1 11 7 12 1 1 1 10 7 12 1 1 1 11 12 1 1 10 12 1 1 10 12 1 100 1 4 10 100 12 1 1 1 10 12 1 1 1 1 1 1 1 1 1 1 1 1 1 1 1 1 1 1 1 1 1 1 1 1 1 1 1 1 1 1 1 1 1 1 1 1 1 1 1 1 1 1 1 1 1 1 1 15 10 100 12 1 1 8 1 15 10 7 12 1 1 1 16 15 10 12 16 1 1 1 100 1 100 1 1
ciInstanceKlass org/languagetool/rules/patterns/RuleFilterEvaluator 1 1 199 10 7 12 1 1 1 9 7 12 1 1 1 10 12 1 1 10 7 12 1 1 1 7 1 10 9 12 1 1 10 7 12 1 1 1 10 7 12 1 1 1 100 1 18 12 1 1 10 12 1 10 12 1 1 10 12 1 8 1 10 12 1 1 8 1 10 12 1 1 10 7 12 1 1 1 11 7 12 1 1 1 18 12 10 12 1 1 18 11 7 12 1 1 1 18 10 7 12 1 1 1 11 12 1 1 11 12 1 1 11 7 12 1 1 1 11 12 1 1 10 12 1 8 1 10 12 1 1 1 1 1 1 1 1 1 1 1 1 1 1 1 1 1 1 1 1 1 1 1 1 1 1 100 1 1 1 1 1 1 1 1 1 1 1 1 1 1 1 100 100 1 1 1 1 1 1 1 1 15 10 100 12 1 1 8 1 8 1 8 1 8 1 1 100 1 100 1 1
staticfield org/languagetool/rules/patterns/RuleFilterEvaluator WHITESPACE Ljava/util/regex/Pattern; java/util/regex/Pattern
ciInstanceKlass com/google/common/primitives/Ints 1 1 307 100 1 10 100 12 1 1 1 10 12 1 10 100 12 1 1 1 8 1 10 100 12 1 1 1 5 0 3 5 0 3 10 12 1 1 8 1 10 12 1 1 8 1 10 12 1 8 1 10 12 1 10 100 12 1 1 10 12 1 10 12 1 1 10 100 12 1 1 1 8 1 8 1 10 12 1 1 9 100 12 1 1 1 8 1 10 12 1 8 1 10 100 12 1 1 1 10 12 1 8 1 100 1 10 12 1 10 12 1 1 10 12 1 10 12 1 1 9 100 12 1 1 10 12 1 1 10 12 1 1 10 12 1 10 12 1 10 12 1 1 7 1 10 12 1 1 11 100 12 1 1 1 100 1 10 12 1 1 10 100 12 1 1 1 10 12 1 10 12 1 1 10 100 12 1 1 10 100 12 1 1 1 10 10 12 1 1 1 1 1 3 1 3 1 1 1 1 1 1 1 1 1 1 1 1 1 1 1 1 1 1 1 1 1 1 1 1 1 1 100 1 1 1 1 1 1 1 1 1 1 1 1 1 1 1 1 1 100 1 1 1 1 1 1 1 1 1 1 1 1 1 1 1 1 1 1 1 1 1 1 1 1 1 1 1 1 1 1 1 1 1 1 1 1 1 1 1 1 1 1 1 100 1 1 1 1 1 1 1 1 1 1 1 1 1 1 1 1 1 1 1 1 1 1 1 1
ciInstanceKlass com/google/common/primitives/Ints$IntArrayAsList 1 1 177 10 7 12 1 1 1 10 7 12 1 1 9 12 1 1 9 12 1 1 9 12 1 10 12 1 1 10 7 12 1 1 1 10 7 12 1 1 1 10 100 12 1 1 1 10 12 1 10 100 12 1 1 1 10 12 1 10 12 1 1 10 12 1 1 10 100 12 1 1 1 10 12 1 1 10 12 1 1 100 1 10 12 1 10 12 1 1 10 12 1 8 1 10 12 1 10 12 1 1 10 100 12 1 1 1 10 12 1 1 10 12 1 10 12 1 100 1 100 1 1 1 1 5 0 1 1 1 1 1 1 1 1 1 1 1 1 1 1 1 1 1 1 1 1 1 1 1 1 1 1 1 1 1 1 1 1 1 1 1 1 1 1 1 1 1 1 1 1 1 1 1 100 1 100 1 1
ciMethod java/lang/Object <init> ()V 1024 0 5742930 0 80
ciMethod java/lang/Object getClass ()Ljava/lang/Class; 256 0 128 0 -1
ciMethod java/lang/Object hashCode ()I 256 0 128 0 -1
ciMethod java/lang/Object equals (Ljava/lang/Object;)Z 514 0 6959 0 -1
ciMethod java/lang/Object clone ()Ljava/lang/Object; 256 0 128 0 -1
ciMethod java/lang/CharSequence length ()I 0 0 1 0 -1
ciMethod java/lang/CharSequence subSequence (II)Ljava/lang/CharSequence; 0 0 1 0 -1
ciMethod java/lang/CharSequence toString ()Ljava/lang/String; 0 0 1 0 -1
ciMethod java/lang/String length ()I 1024 0 7444112 0 112
ciMethod java/lang/String isEmpty ()Z 512 0 944401 0 -1
ciMethod java/lang/String charAt (I)C 1024 0 6660057 0 192
ciMethod java/lang/String codePointAt (I)I 514 0 6417 0 -1
ciMethod java/lang/String equals (Ljava/lang/Object;)Z 1024 0 15981 0 432
ciMethod java/lang/String startsWith (Ljava/lang/String;I)Z 512 0 106025 0 920
ciMethod java/lang/String startsWith (Ljava/lang/String;)Z 512 0 557507 0 792
ciMethod java/lang/String hashCode ()I 1024 0 26487 0 736
ciMethod java/lang/String indexOf (I)I 512 0 661735 0 472
ciMethod java/lang/String indexOf (II)I 516 0 36929 0 568
ciMethod java/lang/String indexOf (Ljava/lang/String;)I 512 0 12594 0 1192
ciMethod java/lang/String indexOf (Ljava/lang/String;I)I 768 0 9879 0 -1
ciMethod java/lang/String substring (I)Ljava/lang/String; 2 0 76659 0 1208
ciMethod java/lang/String substring (II)Ljava/lang/String; 272 0 19702 0 1664
ciMethod java/lang/String replace (CC)Ljava/lang/String; 496 0 47740 0 -1
ciMethod java/lang/String contains (Ljava/lang/CharSequence;)Z 518 0 734369 0 1208
ciMethod java/lang/String replace (Ljava/lang/CharSequence;Ljava/lang/CharSequence;)Ljava/lang/String; 994 0 9630 0 5464
ciMethod java/lang/String toUpperCase ()Ljava/lang/String; 524 0 37479 0 -1
ciMethod java/lang/String toString ()Ljava/lang/String; 514 0 1570073 0 80
ciMethod java/lang/String <init> ([BB)V 562 0 194031 0 304
ciMethod java/lang/String coder ()B 1024 0 8128570 0 88
ciMethod java/lang/String isLatin1 ()Z 1024 0 8023593 0 88
ciMethod java/lang/String checkIndex (II)V 1024 0 6737433 0 0
ciMethod java/lang/String checkBoundsBeginEnd (III)V 512 0 377919 0 0
ciMethod java/lang/System arraycopy (Ljava/lang/Object;ILjava/lang/Object;II)V 256 0 128 0 -1
ciMethod java/util/Map containsKey (Ljava/lang/Object;)Z 0 0 1 0 -1
ciMethod java/util/Map put (Ljava/lang/Object;Ljava/lang/Object;)Ljava/lang/Object; 0 0 1 0 -1
ciMethod java/lang/StringBuilder <init> ()V 20 0 484591 0 -1
ciMethod java/lang/StringBuilder append (Ljava/lang/String;)Ljava/lang/StringBuilder; 36 0 588992 0 -1
ciMethod java/lang/StringBuilder append (I)Ljava/lang/StringBuilder; 6 0 14205 0 -1
ciMethod java/lang/StringBuilder toString ()Ljava/lang/String; 22 0 527331 0 -1
ciMethod java/util/AbstractMap <init> ()V 512 0 190746 0 80
ciMethod java/util/List size ()I 0 0 1 0 -1
ciMethod java/util/List isEmpty ()Z 0 0 1 0 -1
ciMethod java/util/List iterator ()Ljava/util/Iterator; 0 0 1 0 -1
ciMethod java/util/List toArray ([Ljava/lang/Object;)[Ljava/lang/Object; 0 0 1 0 -1
ciMethod java/util/List add (Ljava/lang/Object;)Z 0 0 1 0 -1
ciMethod java/util/List get (I)Ljava/lang/Object; 0 0 1 0 -1
ciMethod java/util/ArrayList <init> (I)V 6 0 38583 0 -1
ciMethod java/util/ArrayList <init> ()V 176 0 880821 0 304
ciMethod java/util/ArrayList <init> (Ljava/util/Collection;)V 578 0 30383 0 -1
ciMethod java/util/ArrayList grow (I)[Ljava/lang/Object; 32 0 9503 0 1560
ciMethod java/util/ArrayList grow ()[Ljava/lang/Object; 32 0 457549 0 0
ciMethod java/util/ArrayList size ()I 258 0 129 0 0
ciMethod java/util/ArrayList elementData (I)Ljava/lang/Object; 512 0 181586 0 136
ciMethod java/util/ArrayList get (I)Ljava/lang/Object; 512 0 178355 0 200
ciMethod java/util/ArrayList add (Ljava/lang/Object;[Ljava/lang/Object;I)V 564 0 1322306 0 0
ciMethod java/util/ArrayList add (Ljava/lang/Object;)Z 564 0 1322306 0 480
ciMethod java/util/ArrayList subList (II)Ljava/util/List; 1024 0 5701 0 -1
ciMethod java/util/AbstractList <init> ()V 316 0 1364667 0 88
ciMethod java/util/AbstractList get (I)Ljava/lang/Object; 0 0 1 0 -1
ciMethod java/util/AbstractList iterator ()Ljava/util/Iterator; 1024 0 14332 0 200
ciMethod java/util/AbstractCollection <init> ()V 648 0 1619481 0 80
ciMethod java/util/AbstractCollection size ()I 0 0 1 0 -1
ciMethod java/lang/Character charCount (I)I 516 0 1793543 0 -1
ciMethod java/lang/Character isLowerCase (C)Z 512 0 645058 0 0
ciMethod java/lang/Character isLowerCase (I)Z 512 0 645058 0 0
ciMethod java/lang/Character isUpperCase (C)Z 512 0 19448 0 0
ciMethod java/lang/Character isUpperCase (I)Z 512 0 19447 0 0
ciMethod java/lang/Character isDigit (C)Z 362 0 32892 0 -1
ciMethod java/lang/Character isLetter (C)Z 4106 0 413165 0 424
ciMethod java/lang/Character isLetter (I)Z 512 0 411368 0 0
ciMethod java/lang/Character digit (CI)I 512 0 23031 0 496
ciMethod java/lang/Character digit (II)I 510 0 23031 0 0
ciMethod java/lang/Character getType (I)I 512 0 586410 0 416
ciMethod java/lang/Integer parseInt (Ljava/lang/String;I)I 538 884 3728 18 1144
ciMethod java/lang/Integer parseInt (Ljava/lang/String;)I 518 0 19056 18 2088
ciMethod java/lang/Integer intValue ()I 258 0 129 0 -1
ciMethod java/util/Iterator hasNext ()Z 0 0 1 0 -1
ciMethod java/util/Iterator next ()Ljava/lang/Object; 0 0 1 0 -1
ciMethod java/util/Objects requireNonNull (Ljava/lang/Object;)Ljava/lang/Object; 1024 0 1762995 0 -1
ciMethod java/util/Objects checkIndex (II)I 512 0 181523 0 -1
ciMethod java/lang/StringLatin1 charAt ([BI)C 1024 0 4877885 0 0
ciMethod java/lang/StringLatin1 canEncode (I)Z 514 0 225035 0 0
ciMethod java/lang/StringLatin1 equals ([B[B)Z 1024 606 3846 0 -1
ciMethod java/lang/StringLatin1 hashCode ([B)I 1024 0 10204 0 0
ciMethod java/lang/StringLatin1 indexOf ([BIII)I 518 0 36861 0 0
ciMethod java/lang/StringLatin1 indexOfChar ([BIII)I 212 16606 813 0 -1
ciMethod java/lang/StringLatin1 indexOf ([B[B)I 512 0 7519 0 -1
ciMethod java/lang/StringLatin1 replace ([BI[BI[BI)Ljava/lang/String; 504 4096 6849 0 -1
ciMethod java/lang/StringLatin1 newString ([BII)Ljava/lang/String; 512 0 13849 0 1440
ciMethod java/lang/Math addExact (II)I 166 0 6990 0 -1
ciMethod java/lang/Math multiplyExact (II)I 166 0 6990 0 -1
ciMethod java/lang/Math max (II)I 514 0 1127232 0 -1
ciMethod java/lang/Math min (II)I 516 0 2947165 0 -1
ciMethod java/util/HashMap hash (Ljava/lang/Object;)I 1024 0 175599 0 0
ciMethod java/util/HashMap <init> ()V 516 0 172563 0 88
ciMethod java/util/HashMap getNode (Ljava/lang/Object;)Ljava/util/HashMap$Node; 1024 46 52818 0 688
ciMethod java/util/HashMap containsKey (Ljava/lang/Object;)Z 252 0 46579 0 768
ciMethod java/util/HashMap put (Ljava/lang/Object;Ljava/lang/Object;)Ljava/lang/Object; 1024 0 14906 0 2576
ciMethod java/util/HashMap putVal (ILjava/lang/Object;Ljava/lang/Object;ZZ)Ljava/lang/Object; 846 42 21683 0 -1
ciMethod jdk/internal/util/ArraysSupport vectorizedMismatch (Ljava/lang/Object;JLjava/lang/Object;JII)I 628 3102 314 0 -1
ciMethod jdk/internal/util/ArraysSupport vectorizedHashCode (Ljava/lang/Object;IIII)I 1024 0 51582 0 -1
ciMethod jdk/internal/util/ArraysSupport mismatch ([BI[BII)I 384 6 10571 0 560
ciMethod jdk/internal/util/ArraysSupport newLength (III)I 516 0 7442 0 0
ciMethod jdk/internal/util/ArraysSupport hugeLength (II)I 0 0 1 0 -1
ciMethod java/util/HashMap$TreeNode getTreeNode (ILjava/lang/Object;)Ljava/util/HashMap$TreeNode; 0 0 1 0 -1
ciMethod jdk/internal/util/Preconditions outOfBoundsCheckFromToIndex (Ljava/util/function/BiFunction;III)Ljava/lang/RuntimeException; 0 0 1 0 -1
ciMethod jdk/internal/util/Preconditions checkIndex (IILjava/util/function/BiFunction;)I 1024 0 5921 0 -1
ciMethod jdk/internal/util/Preconditions checkFromToIndex (IIILjava/util/function/BiFunction;)I 518 0 531463 0 192
ciMethod java/util/Arrays copyOf ([Ljava/lang/Object;I)[Ljava/lang/Object; 108 0 51302 0 680
ciMethod java/util/Arrays copyOf ([Ljava/lang/Object;ILjava/lang/Class;)[Ljava/lang/Object; 332 0 51306 0 -1
ciMethod java/util/Arrays copyOfRange ([Ljava/lang/Object;II)[Ljava/lang/Object; 322 0 4822 0 0
ciMethod java/util/Arrays copyOfRange ([Ljava/lang/Object;IILjava/lang/Class;)[Ljava/lang/Object; 296 0 4989 0 -1
ciMethod java/util/Arrays checkLength (II)V 446 0 72236 0 -1
ciMethod java/util/Arrays copyOfRange ([BII)[B 792 0 77430 0 1040
ciMethod java/util/Arrays copyOfRangeByte ([BII)[B 444 0 71982 0 -1
ciMethod java/lang/CharacterData getType (I)I 0 0 1 0 -1
ciMethod java/lang/CharacterData isLowerCase (I)Z 0 0 1 0 -1
ciMethod java/lang/CharacterData isUpperCase (I)Z 0 0 1 0 -1
ciMethod java/lang/CharacterData digit (II)I 0 0 1 0 -1
ciMethod java/lang/CharacterData of (I)Ljava/lang/CharacterData; 1024 0 125216 0 256
ciMethod java/lang/CharacterDataLatin1 getProperties (I)I 1024 0 77542 0 0
ciMethod java/lang/CharacterDataLatin1 getPropertiesEx (I)I 512 0 22401 0 0
ciMethod java/lang/CharacterDataLatin1 isLowerCase (I)Z 512 0 10496 0 128
ciMethod java/lang/CharacterDataLatin1 isUpperCase (I)Z 770 0 8585 0 136
ciMethod java/lang/CharacterDataLatin1 getType (I)I 512 0 20536 0 128
ciMethod java/lang/CharacterDataLatin1 digit (II)I 512 0 7972 0 208
ciMethod java/lang/StringUTF16 getChar ([BI)C 934 0 11732 0 -1
ciMethod java/lang/StringUTF16 length ([B)I 2 0 2374475 0 0
ciMethod java/lang/StringUTF16 coderFromArrayLen ([BI)B 350 0 98530 0 -1
ciMethod java/lang/StringUTF16 compress ([BII)[B 4714 0 83876 0 -1
ciMethod java/lang/StringUTF16 hashCode ([B)I 4096 0 51942 0 632
ciMethod java/lang/StringUTF16 indexOf ([BIII)I 1238 0 337052 0 528
ciMethod java/lang/StringUTF16 indexOf ([B[B)I 0 0 26 0 -1
ciMethod java/lang/StringUTF16 indexOfLatin1 ([B[B)I 0 0 731 0 -1
ciMethod java/lang/StringUTF16 indexOfChar ([BIII)I 1114 0 336430 0 -1
ciMethod java/lang/StringUTF16 indexOfSupplementary ([BIII)I 0 0 1 0 -1
ciMethod java/lang/StringUTF16 replace ([BIZ[BIZ[BIZ)Ljava/lang/String; 6 590 15233 0 -1
ciMethod java/lang/StringUTF16 newString ([BII)Ljava/lang/String; 6172 0 89136 0 1928
ciMethod java/lang/StringUTF16 charAt ([BI)C 0 0 1828974 0 136
ciMethod java/lang/StringUTF16 checkIndex (I[B)V 0 0 1848519 0 0
ciMethodData java/lang/Object <init> ()V 2 5742418 orig 80 0 0 0 0 0 0 0 0 0 0 0 0 0 0 0 0 0 0 0 0 0 0 0 0 0 0 0 0 0 0 0 0 0 0 0 0 0 0 0 0 0 0 0 0 0 0 0 0 0 0 0 0 0 0 0 0 0 0 0 0 0 0 0 0 0 0 0 0 0 0 0 0 0 0 0 0 0 0 0 0 data 4 0x0 0x9 0x1 0x0 oops 0 methods 0
ciMethod java/util/Collections emptyList ()Ljava/util/List; 546 0 137112 0 88
ciMethod java/util/Collections emptySortedMap ()Ljava/util/SortedMap; 512 0 18827 0 -1
ciMethod java/util/Collections$EmptyList isEmpty ()Z 256 0 128 0 0
ciMethod java/util/HashSet add (Ljava/lang/Object;)Z 524 0 152580 0 -1
ciMethodData java/lang/String hashCode ()I 2 25975 orig 80 2 0 0 0 0 0 0 0 0 0 0 0 0 0 0 0 0 0 0 0 0 0 0 0 0 0 0 0 0 0 0 0 0 0 0 0 0 0 0 1 0 0 0 0 0 0 0 0 0 0 0 0 0 0 0 0 0 0 0 0 0 0 0 0 0 0 0 0 0 0 0 0 0 0 0 0 0 0 0 0 data 42 0x60007 0x3e09 0x108 0x276f 0xd0007 0x39 0xe8 0x2736 0x110005 0x2736 0x0 0x0 0x0 0x0 0x0 0x8000000600140007 0x4a 0x48 0x26ed 0x1b0002 0x26ee 0x1e0003 0x26ee 0x28 0x250002 0x4a 0x2a0007 0x2737 0x38 0x1 0x320003 0x1 0x18 0x0 0x0 0x0 0x0 0x0 0x0 0x9 0x1 0xe oops 0 methods 0
ciMethodData java/lang/String isLatin1 ()Z 2 8023081 orig 80 0 0 0 0 0 0 0 0 0 0 0 0 0 0 0 0 0 0 0 0 0 0 0 0 0 0 0 0 0 0 0 0 0 0 0 0 0 0 0 1 0 0 0 0 0 0 0 0 0 0 0 0 0 0 0 0 0 0 0 0 0 0 0 0 0 0 0 0 0 0 0 0 0 0 0 0 0 0 0 0 data 18 0x30007 0x0 0x58 0x7a6c2a 0x80000006000a0007 0x1c2cdd 0x38 0x5e3f4e 0xe0003 0x5e3f4e 0x18 0x0 0x0 0x0 0x0 0x9 0x1 0x0 oops 0 methods 0
ciMethodData java/lang/StringLatin1 hashCode ([B)I 2 9692 orig 80 0 0 0 0 0 0 0 0 0 0 0 0 0 0 0 0 0 0 0 0 0 0 0 0 0 0 0 0 0 0 0 0 0 0 0 0 0 0 0 1 0 0 0 0 0 0 0 0 0 0 0 0 0 0 0 0 0 0 0 0 0 0 0 0 0 0 0 0 0 0 0 0 0 0 0 0 0 0 0 0 data 25 0x8000000600020008 0x6 0x25cb 0x70 0x1 0x40 0x12 0x58 0x1d0003 0x1 0x40 0x270003 0x12 0x28 0x300002 0x25cc 0x0 0x0 0x0 0x0 0x0 0x0 0x9 0x1 0x0 oops 0 methods 0
ciMethodData java/lang/String equals (Ljava/lang/Object;)Z 2 15469 orig 80 1 0 0 0 0 0 0 0 0 0 0 0 0 0 0 0 0 0 0 0 0 0 0 0 0 0 0 0 0 0 0 0 0 0 0 0 0 0 0 1 0 0 0 0 0 0 0 0 0 0 0 0 0 0 0 0 0 0 0 0 0 0 0 0 0 0 0 0 0 0 0 0 0 0 0 0 0 0 0 0 data 49 0x20007 0x3701 0x20 0x56d 0x80104 0x0 0x0 0x21dd73849c8 0x36e9 0x0 0x0 0xb0007 0x18 0xe0 0x36e9 0xf0004 0x0 0x0 0x21dd73849c8 0x36e9 0x0 0x0 0x160007 0x0 0x40 0x36e9 0x8000000600210007 0xe0 0x68 0x360a 0x2c0002 0x360a 0x2f0007 0x3253 0x38 0x3b8 0x330003 0x3b8 0x18 0x0 0x0 0x0 0x0 0x0 0x0 0x9 0x2 0x0 0x0 oops 2 7 java/lang/String 18 java/lang/String methods 0
ciMethodData java/util/Objects requireNonNull (Ljava/lang/Object;)Ljava/lang/Object; 2 1762483 orig 80 0 0 0 0 0 0 0 0 0 0 0 0 0 0 0 0 0 0 0 0 0 0 0 0 0 0 0 0 0 0 0 0 0 0 0 0 0 0 0 0 0 0 0 0 0 0 0 0 0 0 0 0 0 0 0 0 0 0 0 0 0 0 0 0 0 0 0 0 0 0 0 0 0 0 0 0 0 0 0 0 data 15 0x10007 0x1ae4b4 0x30 0x0 0x80002 0x0 0x0 0x0 0x0 0x0 0x0 0x0 0x9 0x1 0x0 oops 0 methods 0
ciMethodData java/lang/String coder ()B 2 8128058 orig 80 0 0 0 0 0 0 0 0 0 0 0 0 0 0 0 0 0 0 0 0 0 0 0 0 0 0 0 0 0 0 0 0 0 0 0 0 0 0 0 0 0 0 0 0 0 0 0 0 0 0 0 0 0 0 0 0 0 0 0 0 0 0 0 0 0 0 0 0 0 0 0 0 0 0 0 0 0 0 0 0 data 14 0x30007 0x0 0x38 0x7c063c 0xa0003 0x7c063c 0x18 0x0 0x0 0x0 0x0 0x9 0x1 0x0 oops 0 methods 0
ciMethodData java/lang/String charAt (I)C 2 6659545 orig 80 1 0 0 0 0 0 0 0 0 0 0 0 0 0 0 0 0 0 0 0 0 0 0 0 0 0 0 0 0 0 0 0 0 0 0 0 0 0 0 0 0 0 0 0 0 0 0 0 0 0 0 0 0 0 0 0 0 0 0 0 0 0 0 0 0 0 0 0 0 0 0 0 0 0 0 0 0 0 0 0 data 25 0x10005 0x659dda 0x0 0x0 0x0 0x0 0x0 0x40007 0x1b319d 0x30 0x4a6c3e 0xc0002 0x4a6c3e 0x150002 0x1b319d 0x0 0x0 0x0 0x0 0x0 0x0 0x9 0x2 0x0 0x0 oops 0 methods 0
ciMethodData java/lang/StringLatin1 charAt ([BI)C 2 4877373 orig 80 0 0 0 0 0 0 0 0 0 0 0 0 0 0 0 0 0 0 0 0 0 0 0 0 0 0 0 0 0 0 0 0 0 0 0 0 0 0 0 0 0 0 0 0 0 0 0 0 0 0 0 0 0 0 0 0 0 0 0 0 0 0 0 0 0 0 0 0 0 0 0 0 0 0 0 0 0 0 0 0 data 12 0x30002 0x4a6c3e 0x0 0x0 0x0 0x0 0x0 0x0 0x9 0x2 0x0 0x0 oops 0 methods 0
ciMethodData java/lang/String checkIndex (II)V 2 6736921 orig 80 0 0 0 0 0 0 0 0 0 0 0 0 0 0 0 0 0 0 0 0 0 0 0 0 0 0 0 0 0 0 0 0 0 0 0 0 0 0 0 0 0 0 0 0 0 0 0 0 0 0 0 0 0 0 0 0 0 0 0 0 0 0 0 0 0 0 0 0 0 0 0 0 0 0 0 0 0 0 0 0 data 12 0x50002 0x66cc1a 0x0 0x0 0x0 0x0 0x0 0x0 0x9 0x2 0x0 0x0 oops 0 methods 0
ciMethodData java/lang/StringUTF16 charAt ([BI)C 2 1828974 orig 80 0 0 0 0 0 0 0 0 0 0 0 0 29 2 0 0 0 0 0 0 0 0 0 0 0 0 0 0 0 0 0 0 0 0 0 0 0 0 0 0 0 0 0 0 0 0 0 0 0 0 0 0 0 0 0 0 0 0 0 0 0 0 0 0 0 0 0 0 0 0 0 0 0 0 0 0 0 0 0 0 data 14 0x20002 0x1be86e 0x70002 0x1bc 0x0 0x0 0x0 0x0 0x0 0x0 0x9 0x2 0x0 0x0 oops 0 methods 0
ciMethodData java/lang/StringUTF16 checkIndex (I[B)V 2 1848519 orig 80 0 0 0 0 0 0 0 0 0 0 0 0 29 2 0 0 0 0 0 0 0 0 0 0 0 0 0 0 0 0 0 0 0 0 0 0 0 0 0 0 0 0 0 0 0 0 0 0 0 0 0 0 0 0 0 0 0 0 0 0 0 0 0 0 0 0 0 0 0 0 0 0 0 0 0 0 0 0 0 0 data 14 0x20002 0x1c34c7 0x50002 0x1c34c7 0x0 0x0 0x0 0x0 0x0 0x0 0x9 0x2 0x0 0x0 oops 0 methods 0
ciMethodData java/lang/StringUTF16 length ([B)I 2 2374474 orig 80 0 0 0 0 0 0 0 0 0 0 0 0 29 2 0 0 0 0 0 0 0 0 0 0 0 0 0 0 0 0 0 0 0 0 0 0 0 0 0 0 0 0 0 0 0 0 0 0 0 0 0 0 0 0 0 0 0 0 0 0 0 0 0 0 0 0 0 0 0 0 0 0 0 0 0 0 0 0 0 0 data 6 0x0 0x0 0x0 0x9 0x1 0x0 oops 0 methods 0
ciMethodData java/lang/String length ()I 2 7443606 orig 80 0 0 0 0 0 0 0 0 0 0 0 0 0 0 0 0 0 0 0 0 0 0 0 0 0 0 0 0 0 0 0 0 0 0 0 0 0 0 0 0 0 0 0 0 0 0 0 0 0 0 0 0 0 0 0 0 0 0 0 0 0 0 0 0 0 0 0 0 0 0 0 0 0 0 0 0 0 0 0 0 data 16 0x60005 0x719496 0x0 0x0 0x0 0x0 0x0 0x0 0x0 0x0 0x0 0x0 0x0 0x9 0x1 0x0 oops 0 methods 0
ciMethodData java/lang/StringUTF16 hashCode ([B)I 2 49894 orig 80 0 0 0 0 0 0 0 0 0 0 0 0 29 2 0 0 0 0 0 0 0 0 0 0 0 0 0 0 0 0 0 0 0 0 0 0 0 0 0 0 0 0 0 0 0 0 0 0 0 0 0 0 0 0 0 0 0 0 0 0 0 0 0 0 0 0 0 0 0 0 0 0 0 0 0 0 0 0 0 0 data 27 0x20008 0x6 0xc249 0x80 0x0 0x40 0x9d 0x58 0x1d0003 0x0 0x50 0x220002 0x46 0x250003 0x9d 0x28 0x300002 0xc249 0x0 0x0 0x0 0x0 0x0 0x0 0x9 0x1 0xffffffffffffffff oops 0 methods 0
ciMethodData java/lang/StringLatin1 canEncode (I)Z 2 224778 orig 80 1 0 0 0 1 0 0 0 0 0 0 0 29 2 0 0 0 0 0 0 0 0 0 0 0 0 0 0 0 0 0 0 0 0 0 0 0 0 0 0 4 0 0 0 0 0 0 0 0 0 0 0 0 0 0 0 0 0 0 0 0 0 0 0 0 0 0 0 0 0 0 0 0 0 0 0 0 0 0 0 data 15 0x8000000300010007 0x3 0x58 0x36e0b 0x80007 0x18 0x38 0x36df3 0xc0003 0x36df3 0x18 0x0 0x9 0x1 0x0 oops 0 methods 0
ciMethodData java/lang/String indexOf (I)I 2 661479 orig 80 1 0 0 0 0 0 0 0 0 0 0 0 29 2 0 0 0 0 0 0 0 0 0 0 0 0 0 0 0 0 0 0 0 0 0 0 0 0 0 0 0 0 0 0 0 0 0 0 0 0 0 0 0 0 0 0 0 0 0 0 0 0 0 0 0 0 0 0 0 0 0 0 0 0 0 0 0 0 0 0 data 17 0x30005 0xa17e7 0x0 0x0 0x0 0x0 0x0 0x0 0x0 0x0 0x0 0x0 0x0 0x9 0x2 0x0 0x0 oops 0 methods 0
ciMethodData java/lang/String indexOf (II)I 2 36671 orig 80 2 0 0 0 0 0 0 0 0 0 0 0 29 2 0 0 0 0 0 0 0 0 0 0 0 0 0 0 0 0 0 0 0 0 0 0 0 0 0 1 0 0 0 0 0 0 0 0 0 0 0 0 0 0 0 0 0 0 0 0 0 0 0 0 0 0 0 0 0 0 0 0 0 0 0 0 0 0 0 0 data 43 0x10005 0x8f3f 0x0 0x0 0x0 0x0 0x0 0x8000000600040007 0x41 0x80 0x8eff 0xe0005 0x8eff 0x0 0x0 0x0 0x0 0x0 0x110002 0x8eff 0x140003 0x8f01 0x60 0x1e0005 0x41 0x0 0x0 0x0 0x0 0x0 0x210002 0x41 0x0 0x0 0x0 0x0 0x0 0x0 0x9 0x3 0x0 0x0 0x0 oops 0 methods 0
ciMethodData java/lang/StringLatin1 indexOf ([BIII)I 2 36602 orig 80 1 0 0 0 0 0 0 0 0 0 0 0 29 2 0 0 0 0 0 0 0 0 0 0 0 0 0 0 0 0 0 0 0 0 0 0 0 0 0 0 0 0 0 0 0 0 0 0 0 0 0 0 0 0 0 0 0 0 0 0 0 0 0 0 0 0 0 0 0 0 0 0 0 0 0 0 0 0 0 0 data 28 0x10002 0x8efa 0x40007 0x8ee7 0x20 0x16 0xb0002 0x8ee7 0x120002 0x8ee7 0x180007 0x8d52 0x20 0x195 0x210002 0x8d52 0x0 0x0 0x0 0x0 0x0 0x0 0x9 0x4 0x0 0x0 0x0 0x0 oops 0 methods 0
ciMethodData java/lang/StringUTF16 indexOf ([BIII)I 2 336433 orig 80 1 0 0 0 0 0 0 0 0 0 0 0 29 2 0 0 0 0 0 0 0 0 0 0 0 0 0 0 0 0 0 0 0 0 0 0 0 0 0 1 0 0 0 0 0 0 0 0 0 0 0 0 0 0 0 0 0 0 0 0 0 0 0 0 0 0 0 0 0 0 0 0 0 0 0 0 0 0 0 0 data 28 0x20002 0x52231 0xb0002 0x52231 0x8000000600110007 0x52230 0x20 0x2 0x190007 0x0 0x30 0x52230 0x200002 0x52230 0x280002 0x0 0x0 0x0 0x0 0x0 0x0 0x0 0x9 0x4 0x0 0x0 0x0 0x0 oops 0 methods 0
ciMethodData java/lang/String startsWith (Ljava/lang/String;I)Z 2 105769 orig 80 5 0 0 0 2 0 0 0 0 0 0 0 29 2 0 0 0 0 0 0 0 0 0 0 0 0 0 0 0 0 0 0 0 0 0 0 0 0 0 7 0 0 0 0 0 0 0 0 0 0 0 0 0 0 0 0 0 0 0 0 0 0 0 0 0 0 0 0 0 0 0 0 0 0 0 0 0 0 0 0 data 78 0x8000000600010007 0xee 0xb0 0x19c3c 0x60005 0x19c3c 0x0 0x0 0x0 0x0 0x0 0xa0005 0x19c3c 0x0 0x0 0x0 0x0 0x0 0xe0007 0x19841 0x20 0x3fb 0x270005 0x19841 0x0 0x0 0x0 0x0 0x0 0x2f0005 0x19841 0x0 0x0 0x0 0x0 0x0 0x8000000600320007 0x43f9 0x88 0x1544a 0x8000000600380007 0x1541e 0x20 0x2d 0x460002 0x1544b 0x490007 0x14bbd 0x38 0x88e 0x4d0003 0x88e 0x18 0x8000000600540007 0x2f68 0x20 0x1493 0x5d0007 0x9 0x50 0x2f7f 0x650002 0xd 0x8000000600740007 0x20 0xffffffffffffffd0 0x2f60 0x0 0x0 0x0 0x0 0x0 0x0 0x9 0x3 0x0 0x0 0x0 oops 0 methods 0
ciMethodData jdk/internal/util/ArraysSupport mismatch ([BI[BII)I 2 10379 orig 80 1 0 0 0 0 0 0 0 0 0 0 0 29 2 0 0 0 0 0 0 0 0 0 0 0 0 0 0 0 0 0 0 0 0 0 0 0 0 0 1 0 0 0 0 0 0 0 0 0 0 0 0 0 0 0 0 0 0 0 0 0 0 0 0 0 0 0 0 0 0 0 0 0 0 0 0 0 0 0 0 data 38 0x70007 0x92a 0x70 0x1f61 0x100007 0x545 0x20 0x1a1c 0x300002 0x545 0x8000000600370007 0x542 0x20 0x4 0x4a0007 0x574 0x58 0x987 0x590007 0x8f 0x20 0x8f8 0x620003 0x8f 0xffffffffffffffc0 0x0 0x0 0x0 0x0 0x0 0x0 0x9 0x5 0x0 0x0 0x0 0x0 0x0 oops 0 methods 0
ciMethodData java/lang/String startsWith (Ljava/lang/String;)Z 2 557251 orig 80 2 0 0 0 0 0 0 0 0 0 0 0 29 2 0 0 0 0 0 0 0 0 0 0 0 0 0 0 0 0 0 0 0 0 0 0 0 0 0 0 0 0 0 0 0 0 0 0 0 0 0 0 0 0 0 0 0 0 0 0 0 0 0 0 0 0 0 0 0 0 0 0 0 0 0 0 0 0 0 0 data 17 0x30005 0x880c3 0x0 0x0 0x0 0x0 0x0 0x0 0x0 0x0 0x0 0x0 0x0 0x9 0x2 0x0 0x0 oops 0 methods 0
ciMethodData java/lang/String substring (II)Ljava/lang/String; 2 19566 orig 80 1 0 0 0 0 0 0 0 0 0 0 0 29 2 0 0 0 0 0 0 0 0 0 0 0 0 0 0 0 0 0 0 0 0 0 0 0 0 0 1 0 0 0 0 0 0 0 0 0 0 0 0 0 0 0 0 0 0 0 0 0 0 0 0 0 0 0 0 0 0 0 0 0 0 0 0 0 0 0 0 data 46 0x10005 0x4c6e 0x0 0x0 0x0 0x0 0x0 0x80002 0x4c6e 0xc0007 0x2e89 0x40 0x1de5 0x110007 0x1d04 0x20 0xe1 0x1c0005 0x4b8d 0x0 0x0 0x0 0x0 0x0 0x80000006001f0007 0x4e 0x48 0x4b40 0x290002 0x4b40 0x2c0003 0x4b40 0x28 0x360002 0x4e 0x0 0x0 0x0 0x0 0x0 0x0 0x9 0x3 0x0 0x0 0x0 oops 0 methods 0
ciMethodData java/lang/String substring (I)Ljava/lang/String; 2 76662 orig 80 0 0 0 0 0 0 0 0 0 0 0 0 29 2 0 0 0 0 0 0 0 0 0 0 0 0 0 0 0 0 0 0 0 0 0 0 0 0 0 0 0 0 0 0 0 0 0 0 0 0 0 0 0 0 0 0 0 0 0 0 0 0 0 0 0 0 0 0 0 0 0 0 0 0 0 0 0 0 0 0 data 24 0x30005 0x12b76 0x0 0x0 0x0 0x0 0x0 0x60005 0x12b76 0x0 0x0 0x0 0x0 0x0 0x0 0x0 0x0 0x0 0x0 0x0 0x9 0x2 0x0 0x0 oops 0 methods 0
ciMethodData java/util/AbstractCollection <init> ()V 2 1619157 orig 80 0 0 0 0 0 0 0 0 0 0 0 0 29 2 0 0 0 0 0 0 0 0 0 0 0 0 0 0 0 0 0 0 0 0 0 0 0 0 0 0 0 0 0 0 0 0 0 0 0 0 0 0 0 0 0 0 0 0 0 0 0 0 0 0 0 0 0 0 0 0 0 0 0 0 0 0 0 0 0 0 data 7 0x10002 0x18b4d5 0x0 0x0 0x9 0x1 0x0 oops 0 methods 0
ciMethodData java/util/Arrays copyOfRange ([BII)[B 2 77034 orig 80 0 0 0 0 0 0 0 0 0 0 0 0 29 2 0 0 0 0 0 0 0 0 0 0 0 0 0 0 0 0 0 0 0 0 0 0 0 0 0 0 0 0 0 0 0 0 0 0 0 0 0 0 0 0 0 0 0 0 0 0 0 0 0 0 0 0 0 0 0 0 0 0 0 0 0 0 0 0 0 0 data 35 0x10007 0x3184 0x40 0xfb66 0x70007 0x149a 0x30 0xe6cc 0xd0002 0x11850 0x120005 0x0 0x0 0x21dd73a1eb8 0x149a 0x0 0x0 0x150004 0x0 0x0 0x21dd73a1eb8 0x149a 0x0 0x0 0x0 0x0 0x0 0x0 0x0 0x0 0x9 0x3 0xffffffffffffffff 0x0 0x0 oops 2 13 [B 20 [B methods 0
ciMethodData java/util/Arrays copyOfRangeByte ([BII)[B 2 71760 orig 80 0 0 0 0 0 0 0 0 0 0 0 0 29 2 0 0 0 0 0 0 0 0 0 0 0 0 0 0 0 0 0 0 0 0 0 0 0 0 0 0 0 0 0 0 0 0 0 0 0 0 0 0 0 0 0 0 0 0 0 0 0 0 0 0 0 0 0 0 0 0 0 0 0 0 0 0 0 0 0 0 data 17 0x20002 0x11850 0x180002 0x11850 0x1b0002 0x11850 0x0 0x0 0x0 0x0 0x0 0x0 0x9 0x3 0xffffffffffffffff 0x0 0x0 oops 0 methods 0
ciMethodData java/util/Arrays checkLength (II)V 2 72013 orig 80 0 0 0 0 0 0 0 0 0 0 0 0 29 2 0 0 0 0 0 0 0 0 0 0 0 0 0 0 0 0 0 0 0 0 0 0 0 0 0 0 0 0 0 0 0 0 0 0 0 0 0 0 0 0 0 0 0 0 0 0 0 0 0 0 0 0 0 0 0 0 0 0 0 0 0 0 0 0 0 0 data 46 0x20007 0x1194d 0x120 0x0 0xd0002 0x0 0x110005 0x0 0x0 0x0 0x0 0x0 0x0 0x170005 0x0 0x0 0x0 0x0 0x0 0x0 0x1b0005 0x0 0x0 0x0 0x0 0x0 0x0 0x1e0005 0x0 0x0 0x0 0x0 0x0 0x0 0x210002 0x0 0x0 0x0 0x0 0x0 0x0 0x0 0x9 0x2 0x0 0x0 oops 0 methods 0
ciMethodData java/util/HashMap hash (Ljava/lang/Object;)I 2 175087 orig 80 0 0 0 0 0 0 0 0 0 0 0 0 0 0 0 0 0 0 0 0 0 0 0 0 0 0 0 0 0 0 0 0 0 0 0 0 0 0 0 0 0 0 0 0 0 0 0 0 0 0 0 0 0 0 0 0 0 0 0 0 0 0 0 0 0 0 0 0 0 0 0 0 0 0 0 0 0 0 0 0 data 23 0x10007 0x2abee 0x38 0x2 0x50003 0x2 0x50 0x90005 0xd182 0x0 0x21dd73849c8 0x1d989 0x21dd7386238 0xe3 0x0 0x0 0x0 0x0 0x0 0x0 0x9 0x1 0xffffffffffffffff oops 2 10 java/lang/String 12 java/lang/Module methods 0
ciMethodData java/util/HashMap put (Ljava/lang/Object;Ljava/lang/Object;)Ljava/lang/Object; 2 14394 orig 80 1 0 0 0 0 0 0 0 0 0 0 0 0 0 0 0 0 0 0 0 0 0 0 0 0 0 0 0 0 0 0 0 0 0 0 0 0 0 0 0 0 0 0 0 0 0 0 0 0 0 0 0 0 0 0 0 0 0 0 0 0 0 0 0 0 0 0 0 0 0 0 0 0 0 0 0 0 0 0 0 data 20 0x20002 0x383b 0x90005 0x383b 0x0 0x0 0x0 0x0 0x0 0x0 0x0 0x0 0x0 0x0 0x0 0x9 0x3 0xffffffffffffffff 0xffffffffffffffff 0xffffffffffffffff oops 0 methods 0
ciMethodData java/util/HashMap getNode (Ljava/lang/Object;)Ljava/util/HashMap$Node; 2 52306 orig 80 1 0 0 0 0 0 0 0 0 0 0 0 0 0 0 0 0 0 0 0 0 0 0 0 0 0 0 0 0 0 0 0 0 0 0 0 0 0 0 2 0 0 0 0 0 0 0 0 0 0 0 0 0 0 0 0 0 0 0 0 0 0 0 0 0 0 0 0 0 0 0 0 0 0 0 0 0 0 0 0 data 103 0x60007 0x35c 0x2e8 0xc8f7 0xe0007 0x0 0x2c8 0xc8f7 0x170002 0xc8f7 0x210007 0x6ce3 0x298 0x5c14 0x2a0007 0x50e8 0xb8 0xb2c 0x350007 0x699 0x98 0x493 0x390007 0x0 0x78 0x493 0x3f0005 0x95 0x0 0x21dd73849c8 0x3e7 0x21ddf1e3480 0x17 0x8000000600420007 0x35 0x20 0x460 0x4e0007 0x3af3 0x1c0 0x162a 0x520004 0xffffffffffffe9d6 0x0 0x21ddc9f1e40 0x20 0x0 0x0 0x550007 0x162a 0x90 0x0 0x590004 0x0 0x0 0x0 0x0 0x0 0x0 0x5f0005 0x0 0x0 0x0 0x0 0x0 0x0 0x6a0007 0x18de 0xb8 0x290 0x760007 0xe0 0x98 0x1b0 0x7a0007 0x0 0x78 0x1b0 0x800005 0xe 0x0 0x21dd73849c8 0x195 0x21dd7388cd8 0xd 0x830007 0x13 0x20 0x19d 0x910007 0x544 0xffffffffffffff48 0x13ad 0x0 0x0 0x0 0x0 0x0 0x0 0x9 0x2 0x0 0xffffffffffffffff oops 5 29 java/lang/String 31 java/util/zip/ZipFile$Source$Key 44 java/util/HashMap$Node 81 java/lang/String 83 java/lang/Integer methods 0
ciMethodData java/lang/String <init> ([BB)V 2 193750 orig 80 0 0 0 0 0 0 0 0 0 0 0 0 29 2 0 0 0 0 0 0 0 0 0 0 0 0 0 0 0 0 0 0 0 0 0 0 0 0 0 0 0 0 0 0 0 0 0 0 0 0 0 0 0 0 0 0 0 0 0 0 0 0 0 0 0 0 0 0 0 0 0 0 0 0 0 0 0 0 0 0 data 11 0x10002 0x2f4d6 0x0 0x0 0x0 0x0 0x9 0x3 0xc 0x0 0x0 oops 0 methods 0
ciMethodData java/util/AbstractMap <init> ()V 2 190490 orig 80 0 0 0 0 0 0 0 0 0 0 0 0 29 2 0 0 0 0 0 0 0 0 0 0 0 0 0 0 0 0 0 0 0 0 0 0 0 0 0 0 0 0 0 0 0 0 0 0 0 0 0 0 0 0 0 0 0 0 0 0 0 0 0 0 0 0 0 0 0 0 0 0 0 0 0 0 0 0 0 0 data 7 0x10002 0x2e81a 0x0 0x0 0x9 0x1 0x0 oops 0 methods 0
ciMethodData jdk/internal/util/Preconditions checkFromToIndex (IIILjava/util/function/BiFunction;)I 2 531204 orig 80 0 0 0 0 0 0 0 0 0 0 0 0 29 2 0 0 0 0 0 0 0 0 0 0 0 0 0 0 0 0 0 0 0 0 0 0 0 0 0 0 0 0 0 0 0 0 0 0 0 0 0 0 0 0 0 0 0 0 0 0 0 0 0 0 0 0 0 0 0 0 0 0 0 0 0 0 0 0 0 0 data 26 0x10007 0x0 0x60 0x81b04 0x60007 0x0 0x40 0x81b04 0xb0007 0x81b04 0x30 0x0 0x120002 0x0 0x0 0x0 0x0 0x0 0x0 0x0 0x9 0x4 0x0 0x0 0x0 0x0 oops 0 methods 0
ciMethodData jdk/internal/util/ArraysSupport newLength (III)I 2 7184 orig 80 0 0 0 0 0 0 0 0 0 0 0 0 29 2 0 0 0 0 0 0 0 0 0 0 0 0 0 0 0 0 0 0 0 0 0 0 0 0 0 0 0 0 0 0 0 0 0 0 0 0 0 0 0 0 0 0 0 0 0 0 0 0 0 0 0 0 0 0 0 0 0 0 0 0 0 0 0 0 0 0 data 23 0x30002 0x1c10 0xa0007 0x0 0x40 0x1c10 0x100007 0x0 0x20 0x1c10 0x170002 0x0 0x0 0x0 0x0 0x0 0x0 0x0 0x9 0x3 0x0 0x0 0x0 oops 0 methods 0
ciMethod java/util/LinkedHashMap <init> ()V 768 0 8233 0 -1
ciMethodData java/lang/String checkBoundsBeginEnd (III)V 2 377663 orig 80 0 0 0 0 0 0 0 0 0 0 0 0 29 2 0 0 0 0 0 0 0 0 0 0 0 0 0 0 0 0 0 0 0 0 0 0 0 0 0 0 0 0 0 0 0 0 0 0 0 0 0 0 0 0 0 0 0 0 0 0 0 0 0 0 0 0 0 0 0 0 0 0 0 0 0 0 0 0 0 0 data 13 0x60002 0x5c33f 0x0 0x0 0x0 0x0 0x0 0x0 0x9 0x3 0x0 0x0 0x0 oops 0 methods 0
ciMethodData java/lang/StringLatin1 newString ([BII)Ljava/lang/String; 2 13593 orig 80 0 0 0 0 0 0 0 0 0 0 0 0 29 2 0 0 0 0 0 0 0 0 0 0 0 0 0 0 0 0 0 0 0 0 0 0 0 0 0 0 0 0 0 0 0 0 0 0 0 0 0 0 0 0 0 0 0 0 0 0 0 0 0 0 0 0 0 0 0 0 0 0 0 0 0 0 0 0 0 0 data 19 0x10007 0x34ee 0x20 0x2b 0x100002 0x34ee 0x140002 0x34ee 0x0 0x0 0x0 0x0 0x0 0x0 0x9 0x3 0xffffffffffffffff 0x0 0x0 oops 0 methods 0
ciMethodData java/lang/StringUTF16 newString ([BII)Ljava/lang/String; 2 86050 orig 80 1 0 0 0 0 0 0 0 0 0 0 0 29 2 0 0 0 0 0 0 0 0 0 0 0 0 0 0 0 0 0 0 0 0 0 0 0 0 0 1 0 0 0 0 0 0 0 0 0 0 0 0 0 0 0 0 0 0 0 0 0 0 0 0 0 0 0 0 0 0 0 0 0 0 0 0 0 0 0 0 data 29 0x8000000600010007 0x14ff9 0x20 0x2a 0xb0007 0x0 0x50 0x14ff9 0x110002 0x14ff9 0x170002 0x14ff9 0x230002 0x14ff9 0x360002 0x0 0x3a0002 0x0 0x0 0x0 0x0 0x0 0x0 0x0 0x9 0x3 0xffffffffffffffff 0x0 0x0 oops 0 methods 0
ciMethodData java/util/ArrayList get (I)Ljava/lang/Object; 2 178099 orig 80 0 0 0 0 0 0 0 0 0 0 0 0 29 2 0 0 0 0 0 0 0 0 0 0 0 0 0 0 0 0 0 0 0 0 0 0 0 0 0 0 0 0 0 0 0 0 0 0 0 0 0 0 0 0 0 0 0 0 0 0 0 0 0 0 0 0 0 0 0 0 0 0 0 0 0 0 0 0 0 0 data 19 0x50002 0x2b7b3 0xb0005 0x0 0x0 0x21dd7388308 0x2b6da 0x21ddccbc830 0xd9 0x0 0x0 0x0 0x0 0x0 0x0 0x9 0x2 0x0 0x0 oops 2 5 java/util/ArrayList 7 org/languagetool/rules/UnsyncStack methods 0
ciMethodData java/util/Objects checkIndex (II)I 2 181267 orig 80 0 0 0 0 0 0 0 0 0 0 0 0 29 2 0 0 0 0 0 0 0 0 0 0 0 0 0 0 0 0 0 0 0 0 0 0 0 0 0 0 0 0 0 0 0 0 0 0 0 0 0 0 0 0 0 0 0 0 0 0 0 0 0 0 0 0 0 0 0 0 0 0 0 0 0 0 0 0 0 0 data 12 0x30002 0x2c413 0x0 0x0 0x0 0x0 0x0 0x0 0x9 0x2 0x0 0x0 oops 0 methods 0
ciMethodData java/util/ArrayList elementData (I)Ljava/lang/Object; 2 181330 orig 80 0 0 0 0 0 0 0 0 0 0 0 0 29 2 0 0 0 0 0 0 0 0 0 0 0 0 0 0 0 0 0 0 0 0 0 0 0 0 0 0 0 0 0 0 0 0 0 0 0 0 0 0 0 0 0 0 0 0 0 0 0 0 0 0 0 0 0 0 0 0 0 0 0 0 0 0 0 0 0 0 data 8 0x0 0x0 0x0 0x0 0x9 0x2 0x0 0x0 oops 0 methods 0
ciMethodData java/util/ArrayList add (Ljava/lang/Object;)Z 2 1322024 orig 80 0 0 0 0 0 0 0 0 0 0 0 0 29 2 0 0 0 0 0 0 0 0 0 0 0 0 0 0 0 0 0 0 0 0 0 0 0 0 0 0 0 0 0 0 0 0 0 0 0 0 0 0 0 0 0 0 0 0 0 0 0 0 0 0 0 0 0 0 0 0 0 0 0 0 0 0 0 0 0 0 data 17 0x140005 0x142c28 0x0 0x0 0x0 0x0 0x0 0x0 0x0 0x0 0x0 0x0 0x0 0x9 0x2 0xe 0x0 oops 0 methods 0
ciMethodData java/util/ArrayList add (Ljava/lang/Object;[Ljava/lang/Object;I)V 2 1322024 orig 80 0 0 0 0 0 0 0 0 0 0 0 0 29 2 0 0 0 0 0 0 0 0 0 0 0 0 0 0 0 0 0 0 0 0 0 0 0 0 0 0 0 0 0 0 0 0 0 0 0 0 0 0 0 0 0 0 0 0 0 0 0 0 0 0 0 0 0 0 0 0 0 0 0 0 0 0 0 0 0 0 data 30 0x30007 0xd30eb 0x58 0x6fb3d 0x70005 0x6fb3d 0x0 0x0 0x0 0x0 0x0 0xe0004 0x0 0x0 0x21ddd105b20 0x40 0x21dd7384a58 0x8a6 0x0 0x0 0x0 0x0 0x0 0x0 0x9 0x4 0xc 0x0 0xffffffffffffffff 0x0 oops 2 14 jdk/internal/loader/URLClassPath$JarLoader 16 java/lang/Class methods 0
ciMethodData java/util/ArrayList grow ()[Ljava/lang/Object; 2 457533 orig 80 0 0 0 0 0 0 0 0 0 0 0 0 29 2 0 0 0 0 0 0 0 0 0 0 0 0 0 0 0 0 0 0 0 0 0 0 0 0 0 0 0 0 0 0 0 0 0 0 0 0 0 0 0 0 0 0 0 0 0 0 0 0 0 0 0 0 0 0 0 0 0 0 0 0 0 0 0 0 0 0 data 16 0x70005 0x6fb3d 0x0 0x0 0x0 0x0 0x0 0x0 0x0 0x0 0x0 0x0 0x0 0x9 0x1 0xc oops 0 methods 0
ciMethodData java/util/ArrayList grow (I)[Ljava/lang/Object; 2 9487 orig 80 0 0 0 0 0 0 0 0 0 0 0 0 29 2 0 0 0 0 0 0 0 0 0 0 0 0 0 0 0 0 0 0 0 0 0 0 0 0 0 0 0 0 0 0 0 0 0 0 0 0 0 0 0 0 0 0 0 0 0 0 0 0 0 0 0 0 0 0 0 0 0 0 0 0 0 0 0 0 0 0 data 24 0x70007 0x6a 0x40 0x24a5 0x110007 0x247e 0x40 0x27 0x1b0002 0x91 0x250002 0x91 0x310002 0x247e 0x0 0x0 0x0 0x0 0x0 0x0 0x9 0x2 0xc 0x0 oops 0 methods 0
ciMethodData java/util/HashMap containsKey (Ljava/lang/Object;)Z 2 46453 orig 80 0 0 0 0 0 0 0 0 0 0 0 0 29 2 0 0 0 0 0 0 0 0 0 0 0 0 0 0 0 0 0 0 0 0 0 0 0 0 0 0 0 0 0 0 0 0 0 0 0 0 0 0 0 0 0 0 0 0 0 0 0 0 0 0 0 0 0 0 0 0 0 0 0 0 0 0 0 0 0 0 data 24 0x20005 0xb575 0x0 0x0 0x0 0x0 0x0 0x50007 0x8d60 0x38 0x2815 0x90003 0x2815 0x18 0x0 0x0 0x0 0x0 0x0 0x0 0x9 0x2 0x0 0x0 oops 0 methods 0
ciMethodData java/lang/CharacterData of (I)Ljava/lang/CharacterData; 2 124704 orig 80 2 0 0 0 0 0 0 0 0 0 0 0 0 0 0 0 0 0 0 0 0 0 0 0 0 0 0 0 0 0 0 0 0 0 0 0 0 0 0 2 0 0 0 0 0 0 0 0 0 0 0 0 0 0 0 0 0 0 0 0 0 0 0 0 0 0 0 0 0 0 0 0 0 0 0 0 0 0 0 0 data 67 0x8000000600040007 0x1a706 0x20 0x401c 0x80000006000f0008 0x24 0x0 0x1c0 0x1a705 0x130 0x2 0x148 0x0 0x160 0x0 0x178 0x0 0x1c0 0x0 0x1c0 0x0 0x1c0 0x0 0x1c0 0x0 0x1c0 0x0 0x1c0 0x0 0x1c0 0x0 0x1c0 0x0 0x1c0 0x0 0x1c0 0x0 0x190 0x0 0x1a8 0x0 0x1a8 0x630003 0x1a705 0x90 0x690003 0x2 0x78 0x6f0003 0x0 0x60 0x750003 0x0 0x48 0x7b0003 0x0 0x30 0x810003 0x0 0x18 0x0 0x0 0x0 0x0 0x9 0x1 0x0 oops 0 methods 0
ciMethod java/lang/invoke/Invokers$Holder linkToTargetMethod (Ljava/lang/Object;Ljava/lang/Object;Ljava/lang/Object;)Ljava/lang/Object; 514 0 110101 0 -1
ciMethod java/lang/invoke/Invokers$Holder linkToTargetMethod (Ljava/lang/Object;Ljava/lang/Object;Ljava/lang/Object;Ljava/lang/Object;)Ljava/lang/Object; 224 0 47636 0 -1
ciMethod java/util/regex/Pattern$Start <init> (Ljava/util/regex/Pattern$Node;)V 270 0 7154 0 -1
ciMethod java/util/regex/Pattern matcher (Ljava/lang/CharSequence;)Ljava/util/regex/Matcher; 512 0 31463 0 792
ciMethod java/util/regex/Pattern split (Ljava/lang/CharSequence;IZ)[Ljava/lang/String; 136 2230 31998 0 8720
ciMethod java/util/regex/Pattern split (Ljava/lang/CharSequence;)[Ljava/lang/String; 94 0 6675 0 104
ciMethod java/util/regex/Pattern normalize (Ljava/lang/String;)Ljava/lang/String; 0 0 1 0 -1
ciMethod java/util/regex/Pattern RemoveQEQuoting ()V 2230 103486 13512 0 -1
ciMethod java/util/regex/Pattern compile ()V 256 4952 7424 0 7992
ciMethod java/util/regex/Pattern has (I)Z 520 0 568501 0 -1
ciMethod java/util/regex/Pattern peek ()I 628 0 419353 0 -1
ciMethod java/util/regex/Pattern error (Ljava/lang/String;)Ljava/util/regex/PatternSyntaxException; 0 0 1 0 -1
ciMethod java/util/regex/Pattern isSupplementary (I)Z 556 0 552929 0 -1
ciMethod java/util/regex/Pattern expr (Ljava/util/regex/Pattern$Node;)Ljava/util/regex/Pattern$Node; 512 80 8670 0 -1
ciMethod java/util/regex/Pattern newSlice ([IIZ)Ljava/util/regex/Pattern$Node; 118 612 8150 0 -1
ciMethod java/util/regex/Pattern$Node match (Ljava/util/regex/Matcher;ILjava/lang/CharSequence;)Z 514 0 1390 0 -1
ciMethod java/util/regex/Pattern$StartS <init> (Ljava/util/regex/Pattern$Node;)V 34 0 952 0 -1
ciMethod java/util/regex/Matcher <init> (Ljava/util/regex/Pattern;Ljava/lang/CharSequence;)V 512 0 10210 0 2880
ciMethod java/util/regex/Matcher reset ()Ljava/util/regex/Matcher; 256 5260 37055 0 -1
ciMethod java/util/regex/Matcher start ()I 1024 0 69258 0 -1
ciMethod java/util/regex/Matcher end ()I 1024 0 224228 0 -1
ciMethod java/util/regex/Matcher matches ()Z 490 0 167786 0 112
ciMethod java/util/regex/Matcher find ()Z 1024 0 96291 0 -1
ciMethod java/util/regex/Matcher match (II)Z 3816 76296 7042 0 744
ciMethod java/util/regex/IntHashSet clear ()V 6 0 3 0 -1
ciMethod java/util/LinkedHashSet <init> ()V 484 0 5267 0 -1
ciMethodData java/lang/String toString ()Ljava/lang/String; 2 1569816 orig 80 0 0 0 0 0 0 0 0 0 0 0 0 29 2 0 0 0 0 0 0 0 0 0 0 0 0 0 0 0 0 0 0 0 0 0 0 0 0 0 0 0 0 0 0 0 0 0 0 0 0 0 0 0 0 0 0 0 0 0 0 0 0 0 0 0 0 0 0 0 0 0 0 0 0 0 0 0 0 0 0 data 5 0x0 0x0 0x9 0x1 0x0 oops 0 methods 0
ciMethodData java/util/Arrays copyOf ([Ljava/lang/Object;I)[Ljava/lang/Object; 2 51248 orig 80 0 0 0 0 0 0 0 0 0 0 0 0 29 2 0 0 0 0 0 0 0 0 0 0 0 0 0 0 0 0 0 0 0 0 0 0 0 0 0 0 0 0 0 0 0 0 0 0 0 0 0 0 0 0 0 0 0 0 0 0 0 0 0 0 0 0 0 0 0 0 0 0 0 0 0 0 0 0 0 0 data 19 0x30005 0xc830 0x0 0x0 0x0 0x0 0x0 0x60002 0xc830 0x0 0x0 0x0 0x0 0x0 0x0 0x9 0x2 0xffffffffffffffff 0x0 oops 0 methods 0
ciMethod java/lang/NumberFormatException <init> (Ljava/lang/String;)V 36 0 18 0 -1
ciMethod java/lang/NumberFormatException forInputString (Ljava/lang/String;I)Ljava/lang/NumberFormatException; 36 0 18 0 0
ciMethodData java/util/ArrayList <init> ()V 2 880733 orig 80 0 0 0 0 0 0 0 0 0 0 0 0 29 2 0 0 0 0 0 0 0 0 0 0 0 0 0 0 0 0 0 0 0 0 0 0 0 0 0 0 0 0 0 0 0 0 0 0 0 0 0 0 0 0 0 0 0 0 0 0 0 0 0 0 0 0 0 0 0 0 0 0 0 0 0 0 0 0 0 0 data 9 0x10002 0xd705d 0x0 0x0 0x0 0x0 0x9 0x1 0xe oops 0 methods 0
ciMethodData java/util/AbstractList <init> ()V 2 1364509 orig 80 0 0 0 0 0 0 0 0 0 0 0 0 29 2 0 0 0 0 0 0 0 0 0 0 0 0 0 0 0 0 0 0 0 0 0 0 0 0 0 0 0 0 0 0 0 0 0 0 0 0 0 0 0 0 0 0 0 0 0 0 0 0 0 0 0 0 0 0 0 0 0 0 0 0 0 0 0 0 0 0 data 9 0x10002 0x14d21d 0x0 0x0 0x0 0x0 0x9 0x1 0x6 oops 0 methods 0
ciMethodData java/util/HashMap <init> ()V 2 172305 orig 80 0 0 0 0 0 0 0 0 0 0 0 0 29 2 0 0 0 0 0 0 0 0 0 0 0 0 0 0 0 0 0 0 0 0 0 0 0 0 0 0 0 0 0 0 0 0 0 0 0 0 0 0 0 0 0 0 0 0 0 0 0 0 0 0 0 0 0 0 0 0 0 0 0 0 0 0 0 0 0 0 data 9 0x10002 0x2a111 0x0 0x0 0x0 0x0 0x9 0x1 0x10 oops 0 methods 0
ciMethodData java/lang/CharacterDataLatin1 getProperties (I)I 2 77030 orig 80 0 0 0 0 0 0 0 0 0 0 0 0 0 0 0 0 0 0 0 0 0 0 0 0 0 0 0 0 0 0 0 0 0 0 0 0 0 0 0 0 0 0 0 0 0 0 0 0 0 0 0 0 0 0 0 0 0 0 0 0 0 0 0 0 0 0 0 0 0 0 0 0 0 0 0 0 0 0 0 0 data 7 0x0 0x0 0x0 0x9 0x2 0x0 0x0 oops 0 methods 0
ciMethodData java/lang/Character digit (CI)I 2 22775 orig 80 1 0 0 0 0 0 0 0 0 0 0 0 29 2 0 0 0 0 0 0 0 0 0 0 0 0 0 0 0 0 0 0 0 0 0 0 0 0 0 0 0 0 0 0 0 0 0 0 0 0 0 0 0 0 0 0 0 0 0 0 0 0 0 0 0 0 0 0 0 0 0 0 0 0 0 0 0 0 0 0 data 12 0x20002 0x58f7 0x0 0x0 0x0 0x0 0x0 0x0 0x9 0x2 0x0 0x0 oops 0 methods 0
ciMethodData java/lang/Character digit (II)I 2 22776 orig 80 0 0 0 0 0 0 0 0 0 0 0 0 29 2 0 0 0 0 0 0 0 0 0 0 0 0 0 0 0 0 0 0 0 0 0 0 0 0 0 0 0 0 0 0 0 0 0 0 0 0 0 0 0 0 0 0 0 0 0 0 0 0 0 0 0 0 0 0 0 0 0 0 0 0 0 0 0 0 0 0 data 19 0x10002 0x58f8 0x60005 0x0 0x0 0x21dddb337c8 0x58f8 0x0 0x0 0x0 0x0 0x0 0x0 0x0 0x0 0x9 0x2 0x0 0x0 oops 1 5 java/lang/CharacterDataLatin1 methods 0
ciMethodData java/lang/CharacterDataLatin1 digit (II)I 2 7716 orig 80 0 0 0 0 0 0 0 0 0 0 0 0 29 2 0 0 0 0 0 0 0 0 0 0 0 0 0 0 0 0 0 0 0 0 0 0 0 0 0 0 0 0 0 0 0 0 0 0 0 0 0 0 0 0 0 0 0 0 0 0 0 0 0 0 0 0 0 0 0 0 0 0 0 0 0 0 0 0 0 0 data 27 0x70007 0x0 0x98 0x1e24 0xc0007 0x0 0x78 0x1e24 0x110007 0x0 0x58 0x1e24 0x170007 0x0 0x38 0x1e24 0x1b0003 0x1e24 0x18 0x0 0x0 0x0 0x9 0x3 0x0 0x0 0x0 oops 0 methods 0
ciMethodData java/lang/Integer parseInt (Ljava/lang/String;)I 2 18798 orig 80 0 0 0 0 0 0 0 0 0 0 0 0 29 2 0 0 0 0 0 0 0 0 0 0 0 0 0 0 0 0 0 0 0 0 0 0 0 0 0 0 0 0 0 0 0 0 0 0 0 0 0 0 0 0 0 0 0 0 0 0 0 0 0 0 0 0 0 0 0 0 0 0 0 0 0 0 0 0 0 0 data 11 0x30002 0x496e 0x0 0x0 0x0 0x0 0x0 0x0 0x9 0x1 0xffffffffffffffff oops 0 methods 0
ciMethodData java/lang/Integer parseInt (Ljava/lang/String;I)I 2 3459 orig 80 1 0 0 0 0 0 0 0 0 0 0 0 29 2 0 0 0 0 0 0 0 0 0 0 4 0 0 0 0 0 0 0 0 0 0 0 0 0 0 0 0 0 0 0 0 0 0 0 0 0 0 0 0 0 0 0 0 0 0 0 0 0 0 0 0 0 0 0 0 0 0 0 0 0 0 0 0 0 0 0 data 173 0x10007 0xd83 0x30 0x0 0xa0002 0x0 0x100007 0xd83 0x120 0x0 0x1b0002 0x0 0x200005 0x0 0x0 0x0 0x0 0x0 0x0 0x240005 0x0 0x0 0x0 0x0 0x0 0x0 0x290005 0x0 0x0 0x0 0x0 0x0 0x0 0x2c0005 0x0 0x0 0x0 0x0 0x0 0x0 0x2f0002 0x0 0x360007 0xd83 0x120 0x0 0x410002 0x0 0x460005 0x0 0x0 0x0 0x0 0x0 0x0 0x4a0005 0x0 0x0 0x0 0x0 0x0 0x0 0x4f0005 0x0 0x0 0x0 0x0 0x0 0x0 0x520005 0x0 0x0 0x0 0x0 0x0 0x0 0x550002 0x0 0x5e0005 0xd83 0x0 0x0 0x0 0x0 0x0 0x690007 0x0 0x248 0xd83 0x6e0005 0xd83 0x0 0x0 0x0 0x0 0x0 0x770007 0xd81 0xb8 0x2 0x7e0007 0x0 0x38 0x2 0x870003 0x2 0x48 0x8e0007 0x0 0x30 0x0 0x930002 0x0 0x9a0007 0x2 0x30 0x0 0x9f0002 0x0 0x8000000800b20007 0xd87 0x100 0x4aaf 0xba0005 0x4aaf 0x0 0x0 0x0 0x0 0x0 0xbe0002 0x4aaf 0xc50007 0x0 0x40 0x4aaf 0xcc0007 0x4aaf 0x30 0x0 0xd10002 0x0 0xe20007 0x4aaf 0x30 0x0 0xe70002 0x0 0xf20003 0x4aaf 0xffffffffffffff18 0xf60007 0xd85 0x38 0x2 0xfb0003 0x2 0x18 0x1040002 0x0 0x0 0x0 0x0 0x0 0x0 0x0 0x0 0x0 0x0 0x9 0x2 0x0 0x0 oops 0 methods 0
ciMethodData java/lang/NumberFormatException forInputString (Ljava/lang/String;I)Ljava/lang/NumberFormatException; 1 0 orig 80 0 0 0 0 0 0 0 0 0 0 0 0 29 2 0 0 0 0 0 0 0 0 0 0 0 0 0 0 0 0 0 0 0 0 0 0 0 0 0 0 0 0 0 0 0 0 0 0 0 0 0 0 0 0 0 0 0 0 0 0 0 0 0 0 0 0 0 0 0 0 0 0 0 0 0 0 0 0 0 0 data 79 0x80002 0x0 0xd0005 0x0 0x0 0x0 0x0 0x0 0x0 0x110005 0x0 0x0 0x0 0x0 0x0 0x0 0x160005 0x0 0x0 0x0 0x0 0x0 0x0 0x1c0007 0x0 0x38 0x0 0x210003 0x0 0xd0 0x280002 0x0 0x2d0005 0x0 0x0 0x0 0x0 0x0 0x0 0x310005 0x0 0x0 0x0 0x0 0x0 0x0 0x340005 0x0 0x0 0x0 0x0 0x0 0x0 0x370005 0x0 0x0 0x0 0x0 0x0 0x0 0x3a0005 0x0 0x0 0x0 0x0 0x0 0x0 0x3d0002 0x0 0x0 0x0 0x0 0x0 0x0 0x0 0x9 0x2 0x0 0x0 oops 0 methods 0
ciMethod java/util/regex/Pattern$BnM optimize (Ljava/util/regex/Pattern$Node;)Ljava/util/regex/Pattern$Node; 4110 54116 3723 0 -1
ciMethod org/languagetool/rules/Rule getLocQualityIssueType ()Lorg/languagetool/rules/ITSIssueType; 256 0 128 0 0
ciMethodData java/lang/String indexOf (Ljava/lang/String;)I 2 12338 orig 80 1 0 0 0 0 0 0 0 0 0 0 0 29 2 0 0 0 0 0 0 0 0 0 0 0 0 0 0 0 0 0 0 0 0 0 0 0 0 0 2 0 0 0 0 0 0 0 0 0 0 0 0 0 0 0 0 0 0 0 0 0 0 0 0 0 0 0 0 0 0 0 0 0 0 0 0 0 0 0 0 data 52 0x10005 0x3032 0x0 0x0 0x0 0x0 0x0 0x70005 0x3032 0x0 0x0 0x0 0x0 0x0 0xa0007 0x1d8 0xb0 0x2e5a 0xe0005 0x2e5a 0x0 0x0 0x0 0x0 0x0 0x110007 0x3 0x48 0x2e57 0x1c0002 0x2e57 0x1f0003 0x2e57 0x28 0x2a0002 0x3 0x80000006002f0007 0x9e 0x20 0x13c 0x3c0002 0x9e 0x0 0x0 0x0 0x0 0x0 0x0 0x9 0x2 0x0 0x0 oops 0 methods 0
ciMethod java/lang/CharacterData00 getPropertiesEx (I)I 4122 0 2076 0 208
ciMethod java/lang/CharacterData00 isLowerCase (I)Z 900 0 450 0 0
ciMethod java/lang/CharacterData00 isUpperCase (I)Z 8 0 4 0 0
ciMethod com/google/common/base/Suppliers ofInstance (Ljava/lang/Object;)Lcom/google/common/base/Supplier; 470 0 5276 0 -1
ciMethodData java/util/regex/Pattern compile ()V 2 7296 orig 80 2 0 0 0 0 0 0 0 0 0 0 0 29 2 0 0 0 0 0 0 0 0 0 0 0 0 0 0 0 0 0 0 0 0 0 0 0 0 0 1 0 0 0 0 0 0 0 0 0 0 0 0 0 0 0 0 0 0 0 0 0 0 0 0 0 0 0 0 0 0 0 0 0 0 0 0 0 0 0 0 data 318 0x40005 0x1c80 0x0 0x0 0x0 0x0 0x0 0x70007 0x1c80 0xa0 0x0 0xd0005 0x0 0x0 0x0 0x0 0x0 0x0 0x100007 0x0 0x48 0x0 0x180002 0x0 0x1e0003 0x0 0x18 0x2e0005 0x1c80 0x0 0x0 0x0 0x0 0x0 0x4e0007 0x1c81 0xb0 0x3d46d 0x560005 0x3d46d 0x0 0x0 0x0 0x0 0x0 0x5b0002 0x3d46d 0x5e0007 0x3d46d 0x20 0x1 0x720002 0x3d46e 0x770003 0x3d46e 0xffffffffffffff68 0x820005 0x1c81 0x0 0x0 0x0 0x0 0x0 0x850007 0x1 0x58 0x1c80 0x890005 0x1c80 0x0 0x0 0x0 0x0 0x0 0xa90002 0x1c81 0xb20005 0x1c81 0x0 0x0 0x0 0x0 0x0 0xb50007 0x1c80 0x70 0x1 0xc60005 0x1 0x0 0x0 0x0 0x0 0x0 0xd60003 0x1 0x1b0 0xde0005 0x1c80 0x0 0x0 0x0 0x0 0x0 0xec0007 0x1c80 0x160 0x0 0xf00005 0x0 0x0 0x0 0x0 0x0 0x0 0xf50007 0x0 0x58 0x0 0xfc0005 0x0 0x0 0x0 0x0 0x0 0x0 0x10a0007 0x0 0x78 0x0 0x11a0007 0x0 0x58 0x0 0x1210005 0x0 0x0 0x0 0x0 0x0 0x0 0x1290005 0x0 0x0 0x0 0x0 0x0 0x0 0x1310004 0xffffffffffffe52f 0x0 0x21ddc15ddf0 0x5 0x21dde93e6a8 0x1b0 0x1340007 0x1ad1 0xc0 0x1b0 0x13c0002 0x1b0 0x14a0007 0xf2 0x1b0 0xbe 0x1520007 0xbb 0x48 0x3 0x15d0002 0x3 0x1600003 0x3 0x28 0x16b0002 0xbb 0x1710003 0xbe 0x138 0x1780004 0xffffffffffffe561 0x0 0x21ddc15ddf0 0x5 0x21dde93ea70 0x32 0x17b0007 0x32 0x78 0x1a9f 0x1820004 0xffffffffffffe561 0x0 0x21ddc15ddf0 0x5 0x21ddc15dea0 0x1c 0x1850007 0x1a9f 0x38 0x0 0x1900003 0x32 0x70 0x1980007 0x16fb 0x48 0x3a4 0x1a30002 0x3a4 0x1a60003 0x3a4 0x28 0x1b10002 0x16fb 0x1bb0007 0x1 0x1c8 0x1c80 0x1c20005 0x0 0x0 0x21dd7388308 0x1c80 0x0 0x0 0x1c90005 0x0 0x0 0x21ddc15df50 0x1c81 0x0 0x0 0x8000000601ce0007 0x1c81 0x138 0x1 0x1d20005 0x0 0x0 0x21ddc15df50 0x1 0x0 0x0 0x1d70004 0x0 0x0 0x21dde93fc40 0x1 0x0 0x0 0x1de0004 0x0 0x0 0x21dde93fc40 0x1 0x0 0x0 0x1e10007 0x0 0x58 0x1 0x1e60004 0x0 0x0 0x21dde93fc40 0x1 0x0 0x0 0x1f70003 0x1 0xfffffffffffffea8 0x0 0x0 0x0 0x0 0x0 0x0 0x0 0x0 0x0 0x0 0x0 0x0 0x0 0x0 0x0 0x0 0x0 0x0 0x0 0x0 0x0 0x0 0x0 0x0 0x0 0x0 0x0 0x0 0x0 0x0 0x0 0x0 0x0 0x0 0x0 0x0 0x0 0x0 0x0 0x0 0x0 0x0 0x0 0x9 0x1 0x0 oops 12 151 java/util/regex/Pattern$BmpCharProperty 153 java/util/regex/Pattern$Slice 182 java/util/regex/Pattern$BmpCharProperty 184 java/util/regex/Pattern$Begin 193 java/util/regex/Pattern$BmpCharProperty 195 java/util/regex/Pattern$Branch 222 java/util/ArrayList 229 java/util/ArrayList$Itr 240 java/util/ArrayList$Itr 247 java/util/regex/Pattern$Loop 254 java/util/regex/Pattern$Loop 265 java/util/regex/Pattern$Loop methods 0
ciMethodData java/lang/Character getType (I)I 2 586154 orig 80 0 0 0 0 0 0 0 0 0 0 0 0 29 2 0 0 0 0 0 0 0 0 0 0 0 0 0 0 0 0 0 0 0 0 0 0 0 0 0 0 0 0 0 0 0 0 0 0 0 0 0 0 0 0 0 0 0 0 0 0 0 0 0 0 0 0 0 0 0 0 0 0 0 0 0 0 0 0 0 0 data 18 0x10002 0x8f1aa 0x50005 0x2 0x0 0x21dddb337c8 0x8f05a 0x21dddb33858 0x14e 0x0 0x0 0x0 0x0 0x0 0x0 0x9 0x1 0x0 oops 2 5 java/lang/CharacterDataLatin1 7 java/lang/CharacterData00 methods 0
ciMethodData java/lang/CharacterDataLatin1 getType (I)I 2 20280 orig 80 0 0 0 0 0 0 0 0 0 0 0 0 29 2 0 0 0 0 0 0 0 0 0 0 0 0 0 0 0 0 0 0 0 0 0 0 0 0 0 0 0 0 0 0 0 0 0 0 0 0 0 0 0 0 0 0 0 0 0 0 0 0 0 0 0 0 0 0 0 0 0 0 0 0 0 0 0 0 0 0 data 17 0x20005 0x0 0x0 0x21dddb337c8 0x4f38 0x0 0x0 0x0 0x0 0x0 0x0 0x0 0x0 0x9 0x2 0x0 0x0 oops 1 3 java/lang/CharacterDataLatin1 methods 0
ciMethodData java/util/regex/Pattern split (Ljava/lang/CharSequence;IZ)[Ljava/lang/String; 2 31930 orig 80 0 0 0 0 0 0 0 0 0 0 0 0 29 2 0 0 0 0 0 0 0 0 0 0 0 0 0 0 0 0 0 0 0 0 0 0 0 0 0 0 0 0 0 0 0 0 0 0 0 0 0 0 0 0 0 0 0 0 0 0 0 0 0 0 0 0 0 0 0 0 0 0 0 0 0 0 0 0 0 0 data 313 0x70007 0x7cba 0x38 0x0 0xb0003 0x0 0x18 0x150002 0x7cba 0x1c0005 0x7cba 0x0 0x0 0x0 0x0 0x0 0x230005 0x81f2 0x0 0x0 0x0 0x0 0x0 0x260007 0x7cba 0x500 0x538 0x2b0007 0x538 0x40 0x0 0x330007 0x0 0x370 0x0 0x380007 0x170 0x120 0x3c8 0x3f0005 0x3c8 0x0 0x0 0x0 0x0 0x0 0x420007 0x3c5 0xc8 0x3 0x470005 0x3 0x0 0x0 0x0 0x0 0x0 0x4c0005 0x3 0x0 0x0 0x0 0x0 0x0 0x4f0007 0x3 0x38 0x0 0x520003 0x0 0xfffffffffffffe60 0x5a0005 0x538 0x0 0x0 0x0 0x0 0x0 0x5d0005 0x0 0x0 0x21dd73849c8 0x538 0x0 0x0 0x620005 0x0 0x0 0x21dd73849c8 0x538 0x0 0x0 0x6d0005 0x0 0x0 0x21dd7388308 0x538 0x0 0x0 0x730005 0x538 0x0 0x0 0x0 0x0 0x0 0x790007 0x538 0x100 0x0 0x810005 0x0 0x0 0x0 0x0 0x0 0x0 0x860005 0x0 0x0 0x0 0x0 0x0 0x0 0x8b0005 0x0 0x0 0x0 0x0 0x0 0x0 0x900005 0x0 0x0 0x0 0x0 0x0 0x0 0x970003 0x538 0xfffffffffffffc30 0x9f0007 0x0 0xfffffffffffffc18 0x0 0xa60005 0x0 0x0 0x0 0x0 0x0 0x0 0xab0005 0x0 0x0 0x0 0x0 0x0 0x0 0xb00005 0x0 0x0 0x0 0x0 0x0 0x0 0xbb0005 0x0 0x0 0x0 0x0 0x0 0x0 0xc10005 0x0 0x0 0x0 0x0 0x0 0x0 0xc90003 0x0 0xfffffffffffffae0 0xce0007 0x3c8 0x90 0x78f2 0xd80005 0x0 0x0 0x21dd73849c8 0x78f2 0x0 0x0 0xdd0004 0x0 0x0 0x21dd73849c8 0x78f2 0x0 0x0 0xe10007 0x3c8 0x40 0x0 0xe70007 0x0 0x100 0x0 0xf00005 0x0 0x0 0x21dd73849c8 0x3c8 0x0 0x0 0xf50005 0x0 0x0 0x21dd73849c8 0x3c8 0x0 0x0 0xfa0005 0x0 0x0 0x21dd73849c8 0x3c8 0x0 0x0 0xff0005 0x0 0x0 0x21dd7388308 0x3c8 0x0 0x0 0x1050005 0x0 0x0 0x21dd7388308 0x3c8 0x0 0x0 0x10b0007 0x0 0x120 0x3c8 0x1100007 0x1 0x100 0x3cc 0x1190005 0x0 0x0 0x21dd7388308 0x3cc 0x0 0x0 0x11c0004 0x0 0x0 0x21dd73849c8 0x3cc 0x0 0x0 0x11f0005 0x3cc 0x0 0x0 0x0 0x0 0x0 0x1220007 0x3c7 0x38 0x5 0x1280003 0x5 0xffffffffffffff18 0x1370005 0x0 0x0 0x21dd7388308 0x3c8 0x0 0x0 0x13c0005 0x0 0x0 0x21ddc8f2898 0x3c8 0x0 0x0 0x1410004 0x0 0x0 0x21ddc1f99c8 0x3c8 0x0 0x0 0x0 0x0 0x0 0x0 0x0 0x0 0x9 0x4 0x0 0x0 0x0 0x0 oops 15 81 java/lang/String 88 java/lang/String 95 java/util/ArrayList 190 java/lang/String 197 java/lang/String 212 java/lang/String 219 java/lang/String 226 java/lang/String 233 java/util/ArrayList 240 java/util/ArrayList 255 java/util/ArrayList 262 java/lang/String 283 java/util/ArrayList 290 java/util/ArrayList$SubList 297 [Ljava/lang/String; methods 0
ciMethodData java/util/Collections emptyList ()Ljava/util/List; 2 136839 orig 80 0 0 0 0 0 0 0 0 0 0 0 0 29 2 0 0 0 0 0 0 0 0 0 0 0 0 0 0 0 0 0 0 0 0 0 0 0 0 0 0 0 0 0 0 0 0 0 0 0 0 0 0 0 0 0 0 0 0 0 0 0 0 0 0 0 0 0 0 0 0 0 0 0 0 0 0 0 0 0 0 data 4 0x0 0x0 0x9 0x0 oops 0 methods 0
ciMethodData java/lang/String contains (Ljava/lang/CharSequence;)Z 2 734110 orig 80 1 0 0 0 0 0 0 0 0 0 0 0 29 2 0 0 0 0 0 0 0 0 0 0 0 0 0 0 0 0 0 0 0 0 0 0 0 0 0 0 0 0 0 0 0 0 0 0 0 0 0 0 0 0 0 0 0 0 0 0 0 0 0 0 0 0 0 0 0 0 0 0 0 0 0 0 0 0 0 0 data 31 0x20005 0x0 0x0 0x21dd73849c8 0xb339e 0x0 0x0 0x70005 0xb339e 0x0 0x0 0x0 0x0 0x0 0xa0007 0xa7be9 0x38 0xb7b6 0xe0003 0xb7b6 0x18 0x0 0x0 0x0 0x0 0x0 0x0 0x9 0x2 0x0 0xffffffffffffffff oops 1 3 java/lang/String methods 0
ciMethod org/languagetool/tools/StringTools isAllUppercase (Ljava/lang/String;)Z 516 508 19728 0 776
ciMethod org/languagetool/tools/StringTools isAllUppercase (Ljava/util/List;)Z 770 1206 4483 0 0
ciMethod org/languagetool/tools/StringTools isMixedCase (Ljava/lang/String;)Z 514 0 18719 0 -1
ciMethod org/languagetool/tools/StringTools startsWithUppercase (Ljava/lang/String;)Z 80 0 4585 0 0
ciMethod org/languagetool/tools/StringTools uppercaseFirstChar (Ljava/lang/String;)Ljava/lang/String; 74 0 20829 0 -1
ciMethod org/languagetool/tools/StringTools isPositiveNumber (C)Z 104 0 2704 0 -1
ciMethod org/languagetool/tools/StringTools isEmpty (Ljava/lang/String;)Z 1024 0 261488 0 136
ciMethod org/languagetool/tools/StringTools isPunctuationMark (Ljava/lang/String;)Z 290 0 8683 0 0
ciMethod org/languagetool/tools/StringTools isNotWordString (Ljava/lang/String;)Z 768 0 4491 0 0
ciMethod org/languagetool/rules/patterns/AbstractPatternRule getSuggestionMatches ()Ljava/util/List; 326 0 10532 0 104
ciMethod org/languagetool/rules/patterns/AbstractPatternRule getSuggestionMatchesOutMsg ()Ljava/util/List; 180 0 6106 0 104
ciMethod org/languagetool/rules/patterns/AbstractPatternRule getSuggestionsOutMsg ()Ljava/lang/String; 520 0 225 0 0
ciMethod org/languagetool/rules/patterns/AbstractPatternRule getMessage ()Ljava/lang/String; 520 0 225 0 0
ciMethod org/languagetool/rules/patterns/AbstractPatternRule getFilter ()Lorg/languagetool/rules/patterns/RuleFilter; 512 0 252 0 0
ciMethod org/languagetool/rules/patterns/AbstractPatternRule getFilterArguments ()Ljava/lang/String; 514 0 177 0 0
ciMethod org/languagetool/rules/patterns/AbstractPatternRule getShortMessage ()Ljava/lang/String; 264 0 132 0 0
ciMethod org/languagetool/rules/patterns/AbstractPatternRule getType ()Lorg/languagetool/rules/RuleMatch$Type; 770 0 4483 0 0
ciMethod org/languagetool/rules/patterns/AbstractPatternRule isAdjustSuggestionCase ()Z 390 0 152 0 0
ciMethod org/languagetool/rules/patterns/PatternRule getShortMessage ()Ljava/lang/String; 256 0 128 0 0
ciMethod org/languagetool/AnalyzedTokenReadings isSentenceStart ()Z 312 0 156 0 0
ciMethod org/languagetool/AnalyzedTokenReadings getStartPos ()I 256 0 128 0 0
ciMethod org/languagetool/AnalyzedTokenReadings getEndPos ()I 4418 0 43730 0 128
ciMethod org/languagetool/AnalyzedTokenReadings getToken ()Ljava/lang/String; 264 0 132 0 0
ciMethod org/languagetool/rules/patterns/Match convertsCase ()Z 0 0 1 0 -1
ciMethod org/languagetool/rules/patterns/Match isInMessageOnly ()Z 0 0 1 0 -1
ciMethodData org/languagetool/tools/StringTools isEmpty (Ljava/lang/String;)Z 2 260976 orig 80 0 0 0 0 0 0 0 0 0 0 0 0 0 0 0 0 0 0 0 0 0 0 0 0 0 0 0 0 0 0 0 0 0 0 0 0 0 0 0 0 0 0 0 0 0 0 0 0 0 0 0 0 0 0 0 0 0 0 0 0 0 0 0 0 0 0 0 0 0 0 0 0 0 0 0 0 0 0 0 0 data 27 0x10007 0x0 0x78 0x3fb71 0x50005 0x3fb71 0x0 0x0 0x0 0x0 0x0 0x80007 0x377ab 0x38 0x83c6 0xc0003 0x83c6 0x18 0x0 0x0 0x0 0x0 0x0 0x0 0x9 0x1 0x0 oops 0 methods 0
ciMethod org/languagetool/rules/patterns/RuleFilter acceptRuleMatch (Lorg/languagetool/rules/RuleMatch;Ljava/util/Map;I[Lorg/languagetool/AnalyzedTokenReadings;Ljava/util/List;)Lorg/languagetool/rules/RuleMatch; 0 0 1 0 -1
ciMethodData java/util/regex/Matcher match (II)Z 2 5134 orig 80 2 0 0 0 0 0 0 0 0 0 0 0 29 2 0 0 0 0 0 0 5 0 0 0 0 0 0 0 0 0 0 0 0 0 0 0 0 0 0 1 0 0 0 0 0 0 0 0 0 0 0 0 0 0 0 0 0 0 0 0 0 0 0 0 0 0 0 0 0 0 0 0 0 0 0 0 0 0 0 0 data 68 0xb0007 0x140e 0x38 0x0 0xf0003 0x0 0x18 0x1e0007 0x0 0x38 0x140e 0x220003 0x140e 0x18 0x340007 0x140f 0x38 0x19124 0x410003 0x19125 0xffffffffffffffe0 0x4c0007 0x140f 0x90 0x300 0x550007 0x300 0x58 0x0 0x5e0005 0x0 0x0 0x0 0x0 0x0 0x0 0x640003 0x300 0xffffffffffffff88 0x8000000400790005 0x1ce 0x0 0x21ddc164938 0x107e 0x21dde93d520 0x1c8 0x80000006007e0007 0xea 0x20 0x132b 0x0 0x0 0x0 0x0 0x0 0x0 0x0 0x0 0x0 0x0 0x0 0x0 0x0 0x9 0x3 0x0 0x0 0x0 oops 2 42 java/util/regex/Pattern$CharPropertyGreedy 44 java/util/regex/Pattern$GroupHead methods 0
ciMethodData java/util/regex/Pattern matcher (Ljava/lang/CharSequence;)Ljava/util/regex/Matcher; 2 31207 orig 80 1 0 0 0 0 0 0 0 0 0 0 0 29 2 0 0 0 0 0 0 0 0 0 0 0 0 0 0 0 0 0 0 0 0 0 0 0 0 0 1 0 0 0 0 0 0 0 0 0 0 0 0 0 0 0 0 0 0 0 0 0 0 0 0 0 0 0 0 0 0 0 0 0 0 0 0 0 0 0 0 data 30 0x8000000600040007 0x79e7 0x90 0x1 0xf0007 0x0 0x58 0x1 0x130005 0x1 0x0 0x0 0x0 0x0 0x0 0x180003 0x1 0x18 0x260002 0x79e8 0x0 0x0 0x0 0x0 0x0 0x0 0x9 0x2 0x0 0x0 oops 0 methods 0
ciMethodData java/util/regex/Matcher <init> (Ljava/util/regex/Pattern;Ljava/lang/CharSequence;)V 2 9954 orig 80 0 0 0 0 0 0 0 0 0 0 0 0 29 2 0 0 0 0 0 0 0 0 0 0 0 0 0 0 0 0 0 0 0 0 0 0 0 0 0 0 0 0 0 0 0 0 0 0 0 0 0 0 0 0 0 0 0 0 0 0 0 0 0 0 0 0 0 0 0 0 0 0 0 0 0 0 0 0 0 0 data 25 0x10002 0x26e2 0x370002 0x26e2 0x5a0005 0x26e2 0x0 0x0 0x0 0x0 0x0 0x0 0x0 0x0 0x0 0x0 0x0 0x0 0x0 0x0 0x9 0x3 0x3fe 0x0 0x0 oops 0 methods 0
ciMethodData java/lang/Character isLetter (C)Z 2 411112 orig 80 0 0 0 0 0 0 0 0 0 0 0 0 29 2 0 0 0 0 0 0 0 0 0 0 0 0 0 0 0 0 0 0 0 0 0 0 0 0 0 0 0 0 0 0 0 0 0 0 0 0 0 0 0 0 0 0 0 0 0 0 0 0 0 0 0 0 0 0 0 0 0 0 0 0 0 0 0 0 0 0 data 11 0x10002 0x645e8 0x0 0x0 0x0 0x0 0x0 0x0 0x9 0x1 0x0 oops 0 methods 0
ciMethodData java/lang/Character isLetter (I)Z 2 411112 orig 80 0 0 0 0 0 0 0 0 0 0 0 0 29 2 0 0 0 0 0 0 0 0 0 0 0 0 0 0 0 0 0 0 0 0 0 0 0 0 0 0 0 0 0 0 0 0 0 0 0 0 0 0 0 0 0 0 0 0 0 0 0 0 0 0 0 0 0 0 0 0 0 0 0 0 0 0 0 0 0 0 data 18 0x30002 0x645e8 0x90007 0x4720 0x38 0x5fec8 0xd0003 0x5fec8 0x18 0x0 0x0 0x0 0x0 0x0 0x0 0x9 0x1 0x0 oops 0 methods 0
ciMethodData java/util/regex/Matcher matches ()Z 2 167541 orig 80 1 0 0 0 0 0 0 0 0 0 0 0 29 2 0 0 0 0 0 0 0 0 0 0 0 0 0 0 0 0 0 0 0 0 0 0 0 0 0 0 0 0 0 0 0 0 0 0 0 0 0 0 0 0 0 0 0 0 0 0 0 0 0 0 0 0 0 0 0 0 0 0 0 0 0 0 0 0 0 0 data 16 0x60005 0x28e75 0x0 0x0 0x0 0x0 0x0 0x0 0x0 0x0 0x0 0x0 0x0 0x9 0x1 0xffffffffffffffff oops 0 methods 0
ciMethodData java/util/Arrays copyOfRange ([Ljava/lang/Object;II)[Ljava/lang/Object; 2 4666 orig 80 0 0 0 0 0 0 0 0 0 0 0 0 29 2 0 0 0 0 0 0 0 0 0 0 0 0 0 0 0 0 0 0 0 0 0 0 0 0 0 0 0 0 0 0 0 0 0 0 0 0 0 0 0 0 0 0 0 0 0 0 0 0 0 0 0 0 0 0 0 0 0 0 0 0 0 0 0 0 0 0 data 20 0x40005 0x123a 0x0 0x0 0x0 0x0 0x0 0x70002 0x123a 0x0 0x0 0x0 0x0 0x0 0x0 0x9 0x3 0x0 0x0 0x0 oops 0 methods 0
ciMethodData java/lang/String replace (Ljava/lang/CharSequence;Ljava/lang/CharSequence;)Ljava/lang/String; 2 9133 orig 80 0 0 0 0 0 0 0 0 0 0 0 0 29 2 0 0 0 0 0 0 0 0 0 0 0 0 0 0 0 0 0 0 0 0 0 0 0 0 0 0 0 0 0 0 0 0 0 0 0 0 0 0 0 0 0 0 0 0 0 0 0 0 0 0 0 0 0 0 0 0 0 0 0 0 0 0 0 0 0 0 data 178 0x10005 0x0 0x0 0x21dd73849c8 0x23ad 0x0 0x0 0x80005 0x0 0x0 0x21dd73849c8 0x23ad 0x0 0x0 0x100005 0x23ad 0x0 0x0 0x0 0x0 0x0 0x160005 0x23ad 0x0 0x0 0x0 0x0 0x0 0x1d0005 0x23ad 0x0 0x0 0x0 0x0 0x0 0x240007 0x0 0x268 0x23ad 0x2a0007 0xffe 0xe8 0x13af 0x300007 0xc17 0xc8 0x798 0x360005 0x798 0x0 0x0 0x0 0x0 0x0 0x3c0005 0x798 0x0 0x0 0x0 0x0 0x0 0x3f0005 0x798 0x0 0x0 0x0 0x0 0x0 0x440005 0x1c15 0x0 0x0 0x0 0x0 0x0 0x4a0005 0x1c15 0x0 0x0 0x0 0x0 0x0 0x510005 0x1c15 0x0 0x0 0x0 0x0 0x0 0x580007 0x7c 0x88 0x1b99 0x5d0007 0x57 0x68 0x1b42 0x620007 0x26d 0x48 0x18d5 0x780002 0x18d5 0x7b0003 0x18d5 0x28 0x970002 0x340 0x9e0007 0x116c 0x20 0xaa9 0xab0002 0x0 0xb00002 0x0 0xb30002 0x0 0xb80003 0x0 0x28 0xc40002 0x0 0xce0002 0x0 0xd70005 0x0 0x0 0x0 0x0 0x0 0x0 0xe20007 0x0 0xe0 0x0 0xea0005 0x0 0x0 0x0 0x0 0x0 0x0 0xed0005 0x0 0x0 0x0 0x0 0x0 0x0 0xf20005 0x0 0x0 0x0 0x0 0x0 0x0 0xf90003 0x0 0xffffffffffffff38 0xfe0005 0x0 0x0 0x0 0x0 0x0 0x0 0x0 0x0 0x0 0x0 0x0 0x0 0x9 0x3 0x0 0x0 0x0 oops 2 3 java/lang/String 10 java/lang/String methods 0
ciMethod java/util/AbstractList$Itr <init> (Ljava/util/AbstractList;)V 2062 0 19794 0 0
ciMethod java/util/AbstractList$Itr hasNext ()Z 4112 0 13653 0 160
ciMethod java/util/AbstractList$Itr next ()Ljava/lang/Object; 4096 0 20523 0 248
ciMethod java/util/AbstractList$Itr checkForComodification ()V 512 0 18731 0 0
ciMethodData java/lang/CharacterDataLatin1 getPropertiesEx (I)I 2 22145 orig 80 0 0 0 0 0 0 0 0 0 0 0 0 29 2 0 0 0 0 0 0 0 0 0 0 0 0 0 0 0 0 0 0 0 0 0 0 0 0 0 0 0 0 0 0 0 0 0 0 0 0 0 0 0 0 0 0 0 0 0 0 0 0 0 0 0 0 0 0 0 0 0 0 0 0 0 0 0 0 0 0 data 7 0x0 0x0 0x0 0x9 0x2 0x0 0x0 oops 0 methods 0
ciMethodData java/lang/Character isLowerCase (C)Z 2 644802 orig 80 0 0 0 0 0 0 0 0 0 0 0 0 29 2 0 0 0 0 0 0 0 0 0 0 0 0 0 0 0 0 0 0 0 0 0 0 0 0 0 0 0 0 0 0 0 0 0 0 0 0 0 0 0 0 0 0 0 0 0 0 0 0 0 0 0 0 0 0 0 0 0 0 0 0 0 0 0 0 0 0 data 11 0x10002 0x9d6c2 0x0 0x0 0x0 0x0 0x0 0x0 0x9 0x1 0x0 oops 0 methods 0
ciMethodData java/lang/Character isLowerCase (I)Z 2 644802 orig 80 0 0 0 0 0 0 0 0 0 0 0 0 29 2 0 0 0 0 0 0 0 0 0 0 0 0 0 0 0 0 0 0 0 0 0 0 0 0 0 0 0 0 0 0 0 0 0 0 0 0 0 0 0 0 0 0 0 0 0 0 0 0 0 0 0 0 0 0 0 0 0 0 0 0 0 0 0 0 0 0 data 18 0x10002 0x9d6c2 0x50005 0x0 0x0 0x21dddb337c8 0x9d502 0x21dddb33858 0x1c0 0x0 0x0 0x0 0x0 0x0 0x0 0x9 0x1 0x0 oops 2 5 java/lang/CharacterDataLatin1 7 java/lang/CharacterData00 methods 0
ciMethodData java/lang/CharacterDataLatin1 isLowerCase (I)Z 2 10240 orig 80 0 0 0 0 0 0 0 0 0 0 0 0 29 2 0 0 0 0 0 0 0 0 0 0 0 0 0 0 0 0 0 0 0 0 0 0 0 0 0 0 0 0 0 0 0 0 0 0 0 0 0 0 0 0 0 0 0 0 0 0 0 0 0 0 0 0 0 0 0 0 0 0 0 0 0 0 0 0 0 0 data 24 0x20005 0x0 0x0 0x21dddb337c8 0x2800 0x0 0x0 0x70007 0xa4b 0x38 0x1db5 0xb0003 0x1db5 0x18 0x0 0x0 0x0 0x0 0x0 0x0 0x9 0x2 0x0 0x0 oops 1 3 java/lang/CharacterDataLatin1 methods 0
ciMethodData java/util/AbstractList$Itr hasNext ()Z 2 11597 orig 80 1 0 0 0 0 0 0 0 0 0 0 0 29 2 0 0 0 0 0 0 4 0 0 0 0 0 0 0 0 0 0 0 0 0 0 0 0 0 0 0 0 0 0 0 0 0 0 0 0 0 0 0 0 0 0 0 0 0 0 0 0 0 0 0 0 0 0 0 0 0 0 0 0 0 0 0 0 0 0 0 data 23 0x8000000400080005 0x0 0x0 0x21ddc9ed198 0x2d37 0x21ddca90608 0x1a 0xb0007 0x1360 0x38 0x19f1 0xf0003 0x19f1 0x18 0x0 0x0 0x0 0x0 0x0 0x0 0x9 0x1 0x0 oops 2 3 morfologik/stemming/ArrayViewList 5 com/google/common/primitives/Ints$IntArrayAsList methods 0
ciMethod morfologik/stemming/ArrayViewList size ()I 262 0 131 0 0
ciMethodData org/languagetool/tools/StringTools isAllUppercase (Ljava/lang/String;)Z 2 19470 orig 80 1 0 0 0 1 0 0 0 0 0 0 0 29 2 0 0 0 0 0 0 0 0 0 0 0 0 0 0 0 0 0 0 0 0 0 0 0 0 0 3 0 0 0 0 0 0 0 0 0 0 0 0 0 0 0 0 0 0 0 0 0 0 0 0 0 0 0 0 0 0 0 0 0 0 0 0 0 0 0 0 data 42 0x40005 0x950c 0x0 0x0 0x0 0x0 0x0 0x8000000600070007 0x253 0xd0 0x92bc 0xc0005 0x92bc 0x0 0x0 0x0 0x0 0x0 0x110002 0x92bc 0x140007 0x18d 0x50 0x912f 0x180002 0x912f 0x1b0007 0x4771 0x20 0x49be 0x230003 0x48fe 0xffffffffffffff10 0x0 0x0 0x0 0x0 0x0 0x0 0x9 0x1 0x0 oops 0 methods 0
ciMethodData java/util/AbstractList$Itr next ()Ljava/lang/Object; 2 18475 orig 80 2 0 0 0 1 0 0 0 0 0 0 0 29 2 0 0 0 0 0 0 4 0 0 4 0 0 0 0 0 0 0 0 0 0 0 0 0 0 0 0 0 0 0 0 0 0 0 0 0 0 0 0 0 0 0 0 0 0 0 0 0 0 0 0 0 0 0 0 0 0 0 0 0 0 0 0 0 0 0 0 data 32 0x10005 0x482b 0x0 0x0 0x0 0x0 0x0 0xffffffff000e0005 0xead 0x0 0x21ddc9ed198 0x34f6 0x21ddc9ef540 0x490 0x220005 0x0 0x0 0x0 0x0 0x0 0x0 0x2a0002 0x0 0x0 0x0 0x0 0x0 0x0 0x0 0x9 0x1 0x0 oops 2 10 morfologik/stemming/ArrayViewList 12 java/util/Arrays$ArrayList methods 0
ciMethodData java/util/AbstractList$Itr checkForComodification ()V 2 18475 orig 80 0 0 0 0 0 0 0 0 0 0 0 0 29 2 0 0 0 0 0 0 0 0 0 0 0 0 0 0 0 0 0 0 0 0 0 0 0 0 0 0 0 0 0 0 0 0 0 0 0 0 0 0 0 0 0 0 0 0 0 0 0 0 0 0 0 0 0 0 0 0 0 0 0 0 0 0 0 0 0 0 data 13 0xb0007 0x482b 0x30 0x0 0x120002 0x0 0x0 0x0 0x0 0x0 0x9 0x1 0x0 oops 0 methods 0
ciMethodData java/lang/Character isUpperCase (C)Z 2 19192 orig 80 0 0 0 0 0 0 0 0 0 0 0 0 29 2 0 0 0 0 0 0 0 0 0 0 0 0 0 0 0 0 0 0 0 0 0 0 0 0 0 0 0 0 0 0 0 0 0 0 0 0 0 0 0 0 0 0 0 0 0 0 0 0 0 0 0 0 0 0 0 0 0 0 0 0 0 0 0 0 0 0 data 11 0x10002 0x4af7 0x0 0x0 0x0 0x0 0x0 0x0 0x9 0x1 0x0 oops 0 methods 0
ciMethodData java/lang/Character isUpperCase (I)Z 2 19191 orig 80 0 0 0 0 0 0 0 0 0 0 0 0 29 2 0 0 0 0 0 0 4 0 0 0 0 0 0 0 0 0 0 0 0 0 0 0 0 0 0 0 0 0 0 0 0 0 0 0 0 0 0 0 0 0 0 0 0 0 0 0 0 0 0 0 0 0 0 0 0 0 0 0 0 0 0 0 0 0 0 0 data 18 0x10002 0x4af9 0x8000000400050005 0x0 0x0 0x21dddb337c8 0x4af9 0x21dddb33858 0x4 0x0 0x0 0x0 0x0 0x0 0x0 0x9 0x1 0x0 oops 2 5 java/lang/CharacterDataLatin1 7 java/lang/CharacterData00 methods 0
ciMethodData java/util/AbstractList iterator ()Ljava/util/Iterator; 2 13820 orig 80 0 0 0 0 0 0 0 0 0 0 0 0 0 0 0 0 0 0 0 0 0 0 0 0 0 0 0 0 0 0 0 0 0 0 0 0 0 0 0 0 0 0 0 0 0 0 0 0 0 0 0 0 0 0 0 0 0 0 0 0 0 0 0 0 0 0 0 0 0 0 0 0 0 0 0 0 0 0 0 0 data 8 0x50002 0x35fd 0x0 0x0 0x0 0x9 0x1 0x0 oops 0 methods 0
ciMethodData java/util/AbstractList$Itr <init> (Ljava/util/AbstractList;)V 2 18763 orig 80 0 0 0 0 0 0 0 0 0 0 0 0 0 0 0 0 0 0 0 0 0 0 0 0 0 0 0 0 0 0 0 0 0 0 0 0 0 0 0 0 0 0 0 0 0 0 0 0 0 0 0 0 0 0 0 0 0 0 0 0 0 0 0 0 0 0 0 0 0 0 0 0 0 0 0 0 0 0 0 0 data 10 0x60002 0x494c 0x0 0x0 0x0 0x0 0x9 0x2 0xe 0x0 oops 0 methods 0
ciMethodData java/lang/CharacterDataLatin1 isUpperCase (I)Z 2 8200 orig 80 0 0 0 0 0 0 0 0 0 0 0 0 29 2 0 0 0 0 0 0 0 0 0 0 0 0 0 0 0 0 0 0 0 0 0 0 0 0 0 0 0 0 0 0 0 0 0 0 0 0 0 0 0 0 0 0 0 0 0 0 0 0 0 0 0 0 0 0 0 0 0 0 0 0 0 0 0 0 0 0 data 24 0x20005 0x0 0x0 0x21dddb337c8 0x2008 0x0 0x0 0x70007 0xa 0x38 0x1ffe 0xb0003 0x1ffe 0x18 0x0 0x0 0x0 0x0 0x0 0x0 0x9 0x2 0x0 0x0 oops 1 3 java/lang/CharacterDataLatin1 methods 0
ciMethod org/languagetool/rules/patterns/PatternRuleMatcher createRuleMatch ([I[Lorg/languagetool/AnalyzedTokenReadings;IIIILorg/languagetool/AnalyzedSentence;)Lorg/languagetool/rules/RuleMatch; 516 1768 4482 0 -1
ciMethod org/languagetool/rules/patterns/PatternRuleMatcher matchPreservesCase (Ljava/util/List;Ljava/lang/String;)Z 512 0 3286 0 0
ciMethod org/languagetool/rules/patterns/PatternRuleMatcher formatMatches ([Lorg/languagetool/AnalyzedTokenReadings;[IILjava/lang/String;Ljava/util/List;)Ljava/lang/String; 516 256 5403 0 -1
ciMethod org/languagetool/rules/patterns/PatternRuleMatcher concatWithoutExtraSpace (Ljava/lang/String;Ljava/lang/String;)Ljava/lang/String; 20 0 1218 0 -1
ciMethod org/languagetool/rules/patterns/PatternRuleMatcher removeSuppressMisspelled (Ljava/lang/String;)Ljava/lang/String; 516 0 5403 0 -1
ciMethod org/languagetool/rules/patterns/PatternRuleMatcher formatMultipleSynthesis ([Ljava/lang/String;Ljava/lang/String;Ljava/lang/String;)Ljava/lang/String; 0 0 21 0 -1
ciMethod org/languagetool/rules/patterns/PatternRuleMatcher concatMatches (III[Lorg/languagetool/AnalyzedTokenReadings;ILjava/util/List;)[Ljava/lang/String; 32 0 2084 0 -1
ciMethod org/languagetool/rules/RuleMatch setType (Lorg/languagetool/rules/RuleMatch$Type;)V 156 0 6340 0 320
ciMethod org/languagetool/rules/RuleMatch setOriginalErrorStr ()V 354 0 3991 0 -1
ciMethod org/languagetool/rules/RuleMatch getOriginalErrorStr ()Ljava/lang/String; 256 0 128 0 -1
ciMethod org/languagetool/rules/RuleMatch <init> (Lorg/languagetool/rules/Rule;Lorg/languagetool/AnalyzedSentence;IIIILjava/lang/String;Ljava/lang/String;ZZLjava/lang/String;Z)V 212 54 5259 0 -1
ciMethod org/languagetool/rules/RuleMatch$SentencePosition <init> (II)V 512 0 8209 0 -1
ciMethod org/languagetool/rules/RuleMatch$LinePosition <init> (II)V 520 0 10184 0 -1
ciMethod org/languagetool/rules/RuleMatch$ColumnPosition <init> (II)V 530 0 10184 0 -1
ciMethod org/languagetool/rules/RuleMatch$PatternPosition <init> (II)V 512 0 7224 0 -1
ciMethod org/languagetool/rules/RuleMatch$OffsetPosition <init> (II)V 512 0 7229 0 -1
ciMethod org/languagetool/rules/SuggestedReplacement <init> (Ljava/lang/String;)V 318 0 8819 0 -1
ciMethod org/languagetool/rules/patterns/RuleFilterEvaluator <init> (Lorg/languagetool/rules/patterns/RuleFilter;)V 68 0 3434 0 0
ciMethod org/languagetool/rules/patterns/RuleFilterEvaluator runFilter (Ljava/lang/String;Lorg/languagetool/rules/RuleMatch;[Lorg/languagetool/AnalyzedTokenReadings;ILjava/util/List;)Lorg/languagetool/rules/RuleMatch; 616 0 3418 0 0
ciMethod org/languagetool/rules/patterns/RuleFilterEvaluator getResolvedArguments (Ljava/lang/String;[Lorg/languagetool/AnalyzedTokenReadings;ILjava/util/List;)Ljava/util/Map; 68 104 3842 0 0
ciMethod org/languagetool/rules/patterns/RuleFilterEvaluator getSkipCorrectedReference (Ljava/util/List;I)I 410 1008 2568 0 0
ciMethod com/google/common/primitives/Ints asList ([I)Ljava/util/List; 512 0 3418 0 0
ciMethod com/google/common/primitives/Ints$IntArrayAsList <init> ([I)V 512 0 3423 0 0
ciMethod com/google/common/primitives/Ints$IntArrayAsList <init> ([III)V 512 0 3423 0 0
ciMethod com/google/common/primitives/Ints$IntArrayAsList size ()I 516 0 6653 0 88
ciMethodData org/languagetool/AnalyzedTokenReadings getEndPos ()I 2 41521 orig 80 0 0 0 0 0 0 0 0 0 0 0 0 29 2 0 0 0 0 0 0 0 0 0 0 0 0 0 0 0 0 0 0 0 0 0 0 0 0 0 0 0 0 0 0 0 0 0 0 0 0 0 0 0 0 0 0 0 0 0 0 0 0 0 0 0 0 0 0 0 0 0 0 0 0 0 0 0 0 0 0 data 16 0x80005 0xa231 0x0 0x0 0x0 0x0 0x0 0x0 0x0 0x0 0x0 0x0 0x0 0x9 0x1 0x0 oops 0 methods 0
ciMethodData java/lang/CharacterData00 getPropertiesEx (I)I 1 15 orig 80 0 0 0 0 0 0 0 0 0 0 0 0 29 2 0 0 0 0 0 0 0 0 0 0 0 0 0 0 0 0 0 0 0 0 0 0 0 0 0 0 0 0 0 0 0 0 0 0 0 0 0 0 0 0 0 0 0 0 0 0 0 0 0 0 0 0 0 0 0 0 0 0 0 0 0 0 0 0 0 0 data 8 0x0 0x0 0x0 0x0 0x9 0x2 0x0 0x0 oops 0 methods 0
ciMethodData java/lang/CharacterData00 isLowerCase (I)Z 1 0 orig 80 0 0 0 0 0 0 0 0 0 0 0 0 29 2 0 0 0 0 0 0 0 0 0 0 0 0 0 0 0 0 0 0 0 0 0 0 0 0 0 0 0 0 0 0 0 0 0 0 0 0 0 0 0 0 0 0 0 0 0 0 0 0 0 0 0 0 0 0 0 0 0 0 0 0 0 0 0 0 0 0 data 24 0x20005 0x0 0x0 0x0 0x0 0x0 0x0 0x70007 0x0 0x38 0x0 0xb0003 0x0 0x18 0x0 0x0 0x0 0x0 0x0 0x0 0x9 0x2 0x0 0x0 oops 0 methods 0
ciMethodData java/util/regex/Pattern split (Ljava/lang/CharSequence;)[Ljava/lang/String; 2 6628 orig 80 0 0 0 0 0 0 0 0 0 0 0 0 29 2 0 0 0 0 0 0 0 0 0 0 0 0 0 0 0 0 0 0 0 0 0 0 0 0 0 0 0 0 0 0 0 0 0 0 0 0 0 0 0 0 0 0 0 0 0 0 0 0 0 0 0 0 0 0 0 0 0 0 0 0 0 0 0 0 0 0 data 17 0x40005 0x19e4 0x0 0x0 0x0 0x0 0x0 0x0 0x0 0x0 0x0 0x0 0x0 0x9 0x2 0x0 0x0 oops 0 methods 0
ciMethodData org/languagetool/tools/StringTools isPunctuationMark (Ljava/lang/String;)Z 2 8538 orig 80 0 0 0 0 0 0 0 0 0 0 0 0 29 2 0 0 0 0 0 0 0 0 0 0 0 0 0 0 0 0 0 0 0 0 0 0 0 0 0 0 0 0 0 0 0 0 0 0 0 0 0 0 0 0 0 0 0 0 0 0 0 0 0 0 0 0 0 0 0 0 0 0 0 0 0 0 0 0 0 0 data 23 0x40005 0x215a 0x0 0x0 0x0 0x0 0x0 0x70005 0x215a 0x0 0x0 0x0 0x0 0x0 0x0 0x0 0x0 0x0 0x0 0x0 0x9 0x1 0x0 oops 0 methods 0
ciMethodData org/languagetool/tools/StringTools startsWithUppercase (Ljava/lang/String;)Z 2 4547 orig 80 0 0 0 0 0 0 0 0 0 0 0 0 29 2 0 0 0 0 0 0 0 0 0 0 0 0 0 0 0 0 0 0 0 0 0 0 0 0 0 0 0 0 0 0 0 0 0 0 0 0 0 0 0 0 0 0 0 0 0 0 0 0 0 0 0 0 0 0 0 0 0 0 0 0 0 0 0 0 0 0 data 24 0x10002 0x11c3 0x40007 0x11c3 0x20 0x0 0xb0005 0x11c3 0x0 0x0 0x0 0x0 0x0 0xe0002 0x11c3 0x0 0x0 0x0 0x0 0x0 0x0 0x9 0x1 0x0 oops 0 methods 0
ciMethodData org/languagetool/rules/patterns/RuleFilterEvaluator <init> (Lorg/languagetool/rules/patterns/RuleFilter;)V 2 3405 orig 80 0 0 0 0 0 0 0 0 0 0 0 0 29 2 0 0 0 0 0 0 0 0 0 0 0 0 0 0 0 0 0 0 0 0 0 0 0 0 0 0 0 0 0 0 0 0 0 0 0 0 0 0 0 0 0 0 0 0 0 0 0 0 0 0 0 0 0 0 0 0 0 0 0 0 0 0 0 0 0 0 data 10 0x10002 0xd4d 0x0 0x0 0x0 0x0 0x9 0x2 0x6 0x0 oops 0 methods 0
ciMethodData org/languagetool/rules/patterns/RuleFilterEvaluator getResolvedArguments (Ljava/lang/String;[Lorg/languagetool/AnalyzedTokenReadings;ILjava/util/List;)Ljava/util/Map; 2 3808 orig 80 0 0 0 0 0 0 0 0 0 0 0 0 29 2 0 0 0 0 0 0 0 0 0 0 0 0 0 0 0 0 0 0 0 0 0 0 0 0 0 0 0 0 0 0 0 0 0 0 0 0 0 0 0 0 0 0 0 0 0 0 0 0 0 0 0 0 0 0 0 0 0 0 0 0 0 0 0 0 0 0 data 166 0x40002 0xee0 0xd0005 0xee0 0x0 0x0 0x0 0x0 0x0 0x220007 0xee0 0x480 0x1931 0x300005 0x1931 0x0 0x0 0x0 0x0 0x0 0x380007 0x1931 0x60 0x0 0x41000a 0x0 0x3 0x0 0x0 0x21dd73849c8 0x460002 0x0 0x4f0005 0x1931 0x0 0x0 0x0 0x0 0x0 0x5a0005 0x1931 0x0 0x0 0x0 0x0 0x0 0x630005 0x1931 0x0 0x0 0x0 0x0 0x0 0x660007 0xf38 0x2d0 0x9f9 0x6f0005 0x9f9 0x0 0x0 0x0 0x0 0x0 0x720002 0x9f9 0x7b0005 0x0 0x0 0x21ddca90608 0x9f9 0x0 0x0 0x800007 0x9f9 0x88 0x0 0x8b0005 0x0 0x0 0x0 0x0 0x0 0x0 0x90000a 0x0 0x1 0x21dd73849c8 0x950002 0x0 0x9e0005 0x9f9 0x0 0x0 0x0 0x0 0x0 0xa70007 0x9f9 0x50 0x0 0xb2000a 0x0 0x1 0x21dd73849c8 0xb70002 0x0 0xbf0005 0x0 0x0 0x21dd7765030 0x9f9 0x0 0x0 0xc40007 0x9f9 0x60 0x0 0xcd000a 0x0 0x3 0x0 0x0 0x21dd73849c8 0xd20002 0x0 0xde0005 0x9f9 0x0 0x0 0x0 0x0 0x0 0xe10005 0x0 0x0 0x21dd7765030 0x9f9 0x0 0x0 0xe70003 0x9f9 0x50 0xf00005 0x0 0x0 0x21dd7765030 0xf38 0x0 0x0 0xf90003 0x1931 0xfffffffffffffb98 0x0 0x0 0x0 0x0 0x0 0x0 0x9 0x5 0x0 0x0 0x0 0x0 0x0 oops 8 29 java/lang/String 69 com/google/common/primitives/Ints$IntArrayAsList 87 java/lang/String 104 java/lang/String 110 java/util/HashMap 123 java/lang/String 136 java/util/HashMap 146 java/util/HashMap methods 0
ciMethodData org/languagetool/rules/RuleMatch setType (Lorg/languagetool/rules/RuleMatch$Type;)V 2 6264 orig 80 0 0 0 0 0 0 0 0 0 0 0 0 29 2 0 0 0 0 0 0 0 0 0 0 0 0 0 0 0 0 0 0 0 0 0 0 0 0 0 0 0 0 0 0 0 0 0 0 0 0 0 0 0 0 0 0 0 0 0 0 0 0 0 0 0 0 0 0 0 0 0 0 0 0 0 0 0 0 0 0 data 19 0x20002 0x1878 0x50004 0x0 0x0 0x21dd76d5150 0x6a 0x0 0x0 0x0 0x0 0x0 0x0 0x0 0x0 0x9 0x2 0x180 0x0 oops 1 5 org/languagetool/rules/RuleMatch$Type methods 0
ciMethodData org/languagetool/rules/patterns/AbstractPatternRule getSuggestionMatches ()Ljava/util/List; 2 10369 orig 80 0 0 0 0 0 0 0 0 0 0 0 0 29 2 0 0 0 0 0 0 0 0 0 0 0 0 0 0 0 0 0 0 0 0 0 0 0 0 0 0 0 0 0 0 0 0 0 0 0 0 0 0 0 0 0 0 0 0 0 0 0 0 0 0 0 0 0 0 0 0 0 0 0 0 0 0 0 0 0 0 data 18 0x40007 0x2de 0x48 0x25a3 0x70002 0x25a3 0xa0003 0x25a3 0x18 0x0 0x0 0x0 0x0 0x0 0x0 0x9 0x1 0x0 oops 0 methods 0
ciMethodData org/languagetool/rules/patterns/AbstractPatternRule getSuggestionMatchesOutMsg ()Ljava/util/List; 2 6016 orig 80 0 0 0 0 0 0 0 0 0 0 0 0 29 2 0 0 0 0 0 0 0 0 0 0 0 0 0 0 0 0 0 0 0 0 0 0 0 0 0 0 0 0 0 0 0 0 0 0 0 0 0 0 0 0 0 0 0 0 0 0 0 0 0 0 0 0 0 0 0 0 0 0 0 0 0 0 0 0 0 0 data 18 0x40007 0xaf 0x48 0x16d1 0x70002 0x16d1 0xa0003 0x16d1 0x18 0x0 0x0 0x0 0x0 0x0 0x0 0x9 0x1 0x0 oops 0 methods 0
ciMethodData org/languagetool/rules/RuleMatch <init> (Lorg/languagetool/rules/Rule;Lorg/languagetool/AnalyzedSentence;IIIILjava/lang/String;Ljava/lang/String;ZZLjava/lang/String;Z)V 2 5153 orig 80 0 0 0 0 0 0 0 0 0 0 0 0 29 2 0 0 0 0 0 0 0 0 0 0 0 0 0 0 0 0 0 0 0 0 0 0 0 0 0 0 0 0 0 0 0 0 0 0 0 0 0 0 0 0 0 0 0 0 0 0 0 0 0 0 0 0 0 0 0 0 0 0 0 0 0 0 0 0 0 0 data 250 0x10002 0x1421 0xb0002 0x1421 0x180002 0x1421 0x250002 0x1421 0x380002 0x1421 0x480002 0x1421 0x5c0002 0x1421 0x5f0004 0x0 0x0 0x21ddeed8a48 0x18 0x21ddcd547b0 0x69 0x680007 0x1421 0x50 0x0 0x72000a 0x0 0x1 0x21dd73849c8 0x770002 0x0 0x840002 0x1421 0x920002 0x1421 0x9b0002 0x1421 0x9e0004 0x0 0x0 0x21dd73849c8 0x81 0x0 0x0 0xb10007 0x4d3 0x58 0xf4e 0xb50005 0x0 0x0 0x21ddcd53520 0xf4e 0x0 0x0 0xbc0002 0x1421 0xc50007 0x4d3 0x38 0xf4e 0xca0003 0xf4e 0x18 0xcf000a 0x1421 0x5 0x0 0x21dd73849c8 0x1 0x21dd73849c8 0x21dd73849c8 0xda0005 0x1421 0x0 0x0 0x0 0x0 0x0 0xe20007 0x1421 0x430 0xc63 0xeb0005 0xc63 0x0 0x0 0x0 0x0 0x0 0xf30007 0xc63 0x38 0x0 0xf60003 0x0 0x3b8 0xff0005 0xc63 0x0 0x0 0x0 0x0 0x0 0x1050005 0xc63 0x0 0x0 0x0 0x0 0x0 0x10e0005 0xc63 0x0 0x0 0x0 0x0 0x0 0x1180005 0xc63 0x0 0x0 0x0 0x0 0x0 0x11b0007 0xc63 0x38 0x0 0x11e0003 0x0 0xfffffffffffffe70 0x1230007 0xaf1 0x1c0 0x172 0x1280002 0x172 0x12b0007 0x172 0x78 0x0 0x1320005 0x0 0x0 0x0 0x0 0x0 0x0 0x1350007 0x0 0x138 0x0 0x1390005 0x0 0x0 0x21ddcd53520 0x172 0x0 0x0 0x13e0005 0x172 0x0 0x0 0x0 0x0 0x0 0x1410005 0x172 0x0 0x0 0x0 0x0 0x0 0x1440007 0x0 0xa0 0x172 0x1490005 0x172 0x0 0x0 0x0 0x0 0x0 0x14e0003 0x172 0x48 0x1530007 0x9bb 0x30 0x136 0x1580002 0x136 0x1650002 0xc63 0x1680005 0x0 0x0 0x21ddeed4880 0xc63 0x0 0x0 0x1720005 0xc63 0x0 0x0 0x0 0x0 0x0 0x1770003 0xc63 0xfffffffffffffbe8 0x1810002 0x1421 0x1840002 0x1421 0x0 0x0 0x0 0x0 0x0 0x0 0x0 0x0 0x0 0x0 0x0 0x0 0x0 0x0 0x0 0x0 0x0 0x0 0x9 0xd 0x0 0x0 0x0 0x0 0x0 0x0 0x0 0x0 0x0 0x0 0x0 0x0 0x0 oops 10 17 org/languagetool/rules/pt/MorfologikPortugueseSpellerRule 19 org/languagetool/rules/patterns/PatternRule 28 java/lang/String 40 java/lang/String 51 org/languagetool/rules/RuleMatch 68 java/lang/String 70 java/lang/String 71 java/lang/String 156 org/languagetool/rules/RuleMatch 199 java/util/LinkedHashSet methods 0
ciMethodData org/languagetool/rules/patterns/PatternRuleMatcher formatMatches ([Lorg/languagetool/AnalyzedTokenReadings;[IILjava/lang/String;Ljava/util/List;)Ljava/lang/String; 2 5145 orig 80 0 0 0 0 0 0 0 0 0 0 0 0 29 2 0 0 0 0 0 0 0 0 0 0 0 0 0 0 0 0 0 0 0 0 0 0 0 0 0 0 0 0 0 0 0 0 0 0 0 0 0 0 0 0 0 0 0 0 0 0 0 0 0 0 0 0 0 0 0 0 0 0 0 0 0 0 0 0 0 0 data 391 0x90005 0x1419 0x0 0x0 0x0 0x0 0x0 0x150005 0x1419 0x0 0x0 0x0 0x0 0x0 0x230005 0x1419 0x0 0x0 0x0 0x0 0x0 0x2d0007 0x133b 0x88 0xde 0x360007 0x0 0x68 0xde 0x3f0005 0xde 0x0 0x0 0x0 0x0 0x0 0x420002 0xde 0x490007 0x1419 0xa88 0x52e 0x4e0007 0x0 0xa68 0x52e 0x570005 0x52e 0x0 0x0 0x0 0x0 0x0 0x5e0007 0x0 0x900 0x52e 0x670005 0x52e 0x0 0x0 0x0 0x0 0x0 0x6a0002 0x52e 0x6d0007 0x0 0x898 0x52e 0x7a0005 0xa5c 0x0 0x0 0x0 0x0 0x0 0x7d0007 0x0 0xa0 0xa5c 0x870005 0xa5c 0x0 0x0 0x0 0x0 0x0 0x8a0002 0xa5c 0x8d0007 0x52e 0x38 0x52e 0x930003 0x52e 0xffffffffffffff40 0xa10005 0x52e 0x0 0x0 0x0 0x0 0x0 0xa40002 0x52e 0xbc0002 0x1592 0xbf0007 0x52e 0x38 0x1064 0xce0003 0x1064 0xffffffffffffffd0 0xd70007 0xe8 0x20 0x446 0xe90007 0x0 0x4c8 0x52e 0xee0005 0x0 0x0 0x21dd7388308 0x52e 0x0 0x0 0xf30007 0x0 0x470 0x52e 0xfa0005 0x0 0x0 0x21dd7388308 0x52e 0x0 0x0 0xff0007 0x0 0x370 0x52e 0x10d0007 0x52c 0x70 0x2 0x11e0005 0x2 0x0 0x0 0x0 0x0 0x0 0x1230003 0x2 0xc0 0x12a0007 0x1f0 0x70 0x33c 0x13b0005 0x33c 0x0 0x0 0x0 0x0 0x0 0x1400003 0x33c 0x50 0x14b0004 0x0 0x0 0x21dd73849c8 0x1f0 0x0 0x0 0x1530005 0x52e 0x0 0x0 0x0 0x0 0x0 0x15f0005 0x52e 0x0 0x0 0x0 0x0 0x0 0x1680007 0x8 0x1a0 0x526 0x16f0005 0x526 0x0 0x0 0x0 0x0 0x0 0x1720007 0x336 0x80 0x1f0 0x1790002 0x1f0 0x1800005 0x1f0 0x0 0x0 0x0 0x0 0x0 0x1850003 0x1f0 0xf0 0x190000a 0x336 0x5 0x0 0x21dd73849c8 0x1 0x21dd73849c8 0x21dd73849c8 0x1990005 0x336 0x0 0x0 0x0 0x0 0x0 0x1a00005 0x336 0x0 0x0 0x0 0x0 0x0 0x1a60003 0x336 0x28 0x1af0002 0x8 0x1ba0003 0x52e 0xc0 0x1c60005 0x0 0x0 0x0 0x0 0x0 0x0 0x1cb0004 0x0 0x0 0x0 0x0 0x0 0x0 0x1ce0005 0x0 0x0 0x0 0x0 0x0 0x0 0x1d60007 0x52e 0x228 0x0 0x1df000a 0x0 0x1 0x21dd73849c8 0x1e40005 0x0 0x0 0x0 0x0 0x0 0x0 0x1ef0005 0x0 0x0 0x0 0x0 0x0 0x0 0x1f20005 0x0 0x0 0x0 0x0 0x0 0x0 0x1fd0005 0x0 0x0 0x0 0x0 0x0 0x0 0x2040005 0x0 0x0 0x0 0x0 0x0 0x0 0x20b000a 0x0 0x1 0x21dd73849c8 0x2180005 0x0 0x0 0x0 0x0 0x0 0x0 0x21b0005 0x0 0x0 0x0 0x0 0x0 0x0 0x21e000a 0x0 0x5 0x0 0x0 0x1 0x0 0x21dd73849c8 0x22f0005 0x52e 0x0 0x0 0x0 0x0 0x0 0x2390005 0x52e 0x0 0x0 0x0 0x0 0x0 0x2400007 0xde 0x88 0x450 0x2490007 0x0 0x68 0x450 0x2520005 0x450 0x0 0x0 0x0 0x0 0x0 0x2550002 0x450 0x25a0003 0x52e 0xfffffffffffff590 0x25f0002 0x1419 0x0 0x0 0x0 0x0 0x0 0x0 0x9 0x6 0x0 0x0 0x0 0x0 0x0 0x0 oops 9 126 java/util/ArrayList 137 java/util/ArrayList 176 java/lang/String 225 java/lang/String 227 java/lang/String 228 java/lang/String 279 java/lang/String 318 java/lang/String 340 java/lang/String methods 0
ciMethodData com/google/common/primitives/Ints$IntArrayAsList size ()I 2 6395 orig 80 0 0 0 0 0 0 0 0 0 0 0 0 29 2 0 0 0 0 0 0 0 0 0 0 0 0 0 0 0 0 0 0 0 0 0 0 0 0 0 0 0 0 0 0 0 0 0 0 0 0 0 0 0 0 0 0 0 0 0 0 0 0 0 0 0 0 0 0 0 0 0 0 0 0 0 0 0 0 0 0 data 7 0x0 0x0 0x0 0x0 0x9 0x1 0x0 oops 0 methods 0
ciMethodData org/languagetool/rules/patterns/PatternRuleMatcher createRuleMatch ([I[Lorg/languagetool/AnalyzedTokenReadings;IIIILorg/languagetool/AnalyzedSentence;)Lorg/languagetool/rules/RuleMatch; 2 4224 orig 80 1 0 0 0 0 0 0 0 0 0 0 0 29 2 0 0 0 0 0 0 0 0 0 0 0 0 0 0 0 0 0 0 0 0 1 0 0 0 0 0 0 0 0 0 0 0 0 0 0 0 0 0 0 0 0 0 0 0 0 0 0 0 0 0 0 0 0 0 0 0 0 0 0 0 0 0 0 0 0 0 data 550 0x80005 0x1080 0x0 0x0 0x0 0x0 0x0 0xf0005 0x0 0x0 0x21ddcd547b0 0xd2b 0x21ddcd54860 0x355 0x120005 0x1080 0x0 0x0 0x0 0x0 0x0 0x1f0005 0x0 0x0 0x21ddcd547b0 0xd2b 0x21ddcd54860 0x355 0x260005 0x0 0x0 0x21ddcd547b0 0xd2b 0x21ddcd54860 0x355 0x290005 0x1080 0x0 0x0 0x0 0x0 0x0 0x360005 0x1080 0x0 0x0 0x0 0x0 0x0 0x3d0005 0x0 0x0 0x21ddcd547b0 0xd2b 0x21ddcd54860 0x355 0x400005 0x1080 0x0 0x0 0x0 0x0 0x0 0x4f0007 0x532 0x68 0xb4e 0x620002 0x277d 0x650007 0xb4e 0x38 0x1c2f 0x740003 0x1c2f 0xffffffffffffffd0 0x840007 0x1080 0x20 0x0 0x970002 0x1080 0xa40007 0x1081 0xa8 0x1b7f 0xad0005 0x1b7f 0x0 0x0 0x0 0x0 0x0 0xb00005 0x0 0x0 0x21dd7388308 0x1b7f 0x0 0x0 0xb90003 0x1b7f 0xffffffffffffff70 0xbe0002 0x1081 0xc50007 0xefa 0x2b0 0x187 0xca0005 0x187 0x0 0x0 0x0 0x0 0x0 0xd10005 0x187 0x0 0x0 0x0 0x0 0x0 0xd40005 0x187 0x0 0x0 0x0 0x0 0x0 0xd80007 0x187 0x40 0x0 0xdf0007 0x0 0x1c8 0x0 0xe70005 0x0 0x0 0x21ddcd547b0 0x187 0x0 0x0 0xee0005 0x187 0x0 0x0 0x0 0x0 0x0 0xf10005 0x187 0x0 0x0 0x0 0x0 0x0 0xf40007 0x0 0x100 0x187 0xfc0005 0x0 0x0 0x21ddcd547b0 0x187 0x0 0x0 0x1030005 0x187 0x0 0x0 0x0 0x0 0x0 0x1060005 0x187 0x0 0x0 0x0 0x0 0x0 0x1090007 0x0 0x38 0x187 0x10d0003 0x187 0x18 0x1150007 0xefa 0x90 0x187 0x11c0005 0x0 0x0 0x21ddcd547b0 0x187 0x0 0x0 0x11f0007 0x0 0x38 0x187 0x1230003 0x187 0x18 0x12b0005 0x1081 0x0 0x0 0x0 0x0 0x0 0x12e0002 0x1081 0x1310007 0xc02 0x1c8 0x47f 0x1390005 0x0 0x0 0x21ddcd547b0 0x47f 0x0 0x0 0x1400005 0x47f 0x0 0x0 0x0 0x0 0x0 0x1430005 0x47f 0x0 0x0 0x0 0x0 0x0 0x1460007 0x0 0x100 0x47f 0x14e0005 0x0 0x0 0x21ddcd547b0 0x47f 0x0 0x0 0x1550005 0x47f 0x0 0x0 0x0 0x0 0x0 0x1580005 0x47f 0x0 0x0 0x0 0x0 0x0 0x15b0007 0x0 0x38 0x47f 0x15f0003 0x47f 0x18 0x1670005 0x1081 0x0 0x0 0x0 0x0 0x0 0x16a0007 0x1081 0x88 0x0 0x1750007 0x0 0x68 0x0 0x1840005 0x0 0x0 0x0 0x0 0x0 0x0 0x1870002 0x0 0x18e0007 0xc02 0x90 0x47f 0x1950005 0x0 0x0 0x21ddcd547b0 0x47f 0x0 0x0 0x1980007 0x0 0x38 0x47f 0x19c0003 0x47f 0x18 0x1a50007 0xb4f 0x20 0x532 0x1af0005 0x1081 0x0 0x0 0x0 0x0 0x0 0x1b70007 0x0 0x178 0x1081 0x1be0005 0x1081 0x0 0x0 0x0 0x0 0x0 0x1c10007 0x0 0x78 0x1081 0x1c80005 0x1081 0x0 0x0 0x0 0x0 0x0 0x1cb0007 0x107f 0xc8 0x2 0x1d40005 0x2 0x0 0x0 0x0 0x0 0x0 0x1dd0005 0x2 0x0 0x0 0x0 0x0 0x0 0x1e00005 0x2 0x0 0x0 0x0 0x0 0x0 0x1e90007 0xb4f 0x20 0x532 0x1f70002 0x1081 0x1ff0005 0x1081 0x0 0x0 0x0 0x0 0x0 0x2080007 0x0 0x3f0 0x1081 0x20f0005 0x1081 0x0 0x0 0x0 0x0 0x0 0x2120007 0x1081 0xd0 0x0 0x2190005 0x0 0x0 0x0 0x0 0x0 0x0 0x21c0007 0x0 0x78 0x0 0x2230005 0x0 0x0 0x0 0x0 0x0 0x0 0x2260007 0x0 0x2e8 0x0 0x22f0005 0x1081 0x0 0x0 0x0 0x0 0x0 0x23a0005 0x1081 0x0 0x0 0x0 0x0 0x0 0x2500005 0x1081 0x0 0x0 0x0 0x0 0x0 0x2570005 0x1081 0x0 0x0 0x0 0x0 0x0 0x2650002 0x1081 0x2700005 0x0 0x0 0x21ddcd547b0 0xd2c 0x21ddcd54860 0x355 0x2730005 0x0 0x0 0x21ddcd53520 0x1081 0x0 0x0 0x27a0005 0x0 0x0 0x21ddcd547b0 0xd2c 0x21ddcd54860 0x355 0x27d0007 0x3fd 0x130 0xc84 0x2880005 0x0 0x0 0x21ddcd547b0 0xc84 0x0 0x0 0x28b0002 0xc84 0x2960002 0xc84 0x2990004 0x0 0x0 0x21ddcd533c8 0xc84 0x0 0x0 0x2a40005 0x0 0x0 0x21ddcd547b0 0xc84 0x0 0x0 0x2ad0002 0xc84 0x2b00005 0x0 0x0 0x21ddcd54910 0xc84 0x0 0x0 0x0 0x0 0x0 0x0 0x0 0x0 0x0 0x0 0x0 0x0 0x0 0x0 0x0 0x0 0x0 0x0 0x0 0x0 0x0 0x0 0x0 0x0 0x0 0x0 0x0 0x0 0x9 0x8 0x0 0x0 0x0 0x0 0x0 0x0 0x0 0x0 oops 24 10 org/languagetool/rules/patterns/PatternRule 12 org/languagetool/tagging/disambiguation/rules/DisambiguationPatternRule 24 org/languagetool/rules/patterns/PatternRule 26 org/languagetool/tagging/disambiguation/rules/DisambiguationPatternRule 31 org/languagetool/rules/patterns/PatternRule 33 org/languagetool/tagging/disambiguation/rules/DisambiguationPatternRule 52 org/languagetool/rules/patterns/PatternRule 54 org/languagetool/tagging/disambiguation/rules/DisambiguationPatternRule 96 java/util/ArrayList 141 org/languagetool/rules/patterns/PatternRule 166 org/languagetool/rules/patterns/PatternRule 198 org/languagetool/rules/patterns/PatternRule 225 org/languagetool/rules/patterns/PatternRule 250 org/languagetool/rules/patterns/PatternRule 306 org/languagetool/rules/patterns/PatternRule 458 org/languagetool/rules/patterns/PatternRule 460 org/languagetool/tagging/disambiguation/rules/DisambiguationPatternRule 465 org/languagetool/rules/RuleMatch 472 org/languagetool/rules/patterns/PatternRule 474 org/languagetool/tagging/disambiguation/rules/DisambiguationPatternRule 483 org/languagetool/rules/patterns/PatternRule 494 [Lorg/languagetool/AnalyzedTokenReadings; 501 org/languagetool/rules/patterns/PatternRule 510 org/languagetool/rules/patterns/RuleFilterEvaluator methods 0
ciMethodData com/google/common/primitives/Ints asList ([I)Ljava/util/List; 2 3167 orig 80 0 0 0 0 0 0 0 0 0 0 0 0 29 2 0 0 0 0 0 0 0 0 0 0 0 0 0 0 0 0 0 0 0 0 0 0 0 0 0 0 0 0 0 0 0 0 0 0 0 0 0 0 0 0 0 0 0 0 0 0 0 0 0 0 0 0 0 0 0 0 0 0 0 0 0 0 0 0 0 0 data 17 0x20007 0xc5f 0x30 0x0 0x50002 0x0 0xe0002 0xc5f 0x0 0x0 0x0 0x0 0x0 0x0 0x9 0x1 0x0 oops 0 methods 0
ciMethodData com/google/common/primitives/Ints$IntArrayAsList <init> ([I)V 2 3167 orig 80 0 0 0 0 0 0 0 0 0 0 0 0 29 2 0 0 0 0 0 0 0 0 0 0 0 0 0 0 0 0 0 0 0 0 0 0 0 0 0 0 0 0 0 0 0 0 0 0 0 0 0 0 0 0 0 0 0 0 0 0 0 0 0 0 0 0 0 0 0 0 0 0 0 0 0 0 0 0 0 0 data 9 0x50002 0xc5f 0x0 0x0 0x0 0x9 0x2 0x0 0x0 oops 0 methods 0
ciMethodData com/google/common/primitives/Ints$IntArrayAsList <init> ([III)V 2 3167 orig 80 0 0 0 0 0 0 0 0 0 0 0 0 29 2 0 0 0 0 0 0 0 0 0 0 0 0 0 0 0 0 0 0 0 0 0 0 0 0 0 0 0 0 0 0 0 0 0 0 0 0 0 0 0 0 0 0 0 0 0 0 0 0 0 0 0 0 0 0 0 0 0 0 0 0 0 0 0 0 0 0 data 12 0x10002 0xc5f 0x0 0x0 0x0 0x0 0x9 0x4 0xe 0x0 0x0 0x0 oops 0 methods 0
ciMethodData org/languagetool/rules/patterns/RuleFilterEvaluator getSkipCorrectedReference (Ljava/util/List;I)I 2 2364 orig 80 0 0 0 0 0 0 0 0 0 0 0 0 29 2 0 0 0 0 0 0 0 0 0 0 0 0 0 0 0 0 0 0 0 0 0 0 0 0 0 0 0 0 0 0 0 0 0 0 0 0 0 0 0 0 0 0 0 0 0 0 0 0 0 0 0 0 0 0 0 0 0 0 0 0 0 0 0 0 0 0 data 60 0x60005 0x0 0x0 0x21ddca90608 0x93c 0x0 0x0 0xf0005 0x0 0x0 0x21de074f4f8 0x1fda 0x0 0x0 0x140007 0x925 0x118 0x16b5 0x190005 0x0 0x0 0x21de074f4f8 0x16b5 0x0 0x0 0x1e0004 0x0 0x0 0x21dd7388cd8 0x16b5 0x0 0x0 0x210005 0x16b5 0x0 0x0 0x0 0x0 0x0 0x2c0007 0x169e 0x38 0x17 0x2f0003 0x17 0x30 0x370003 0x169e 0xfffffffffffffec8 0x0 0x0 0x0 0x0 0x0 0x0 0x9 0x3 0x0 0x0 0x0 oops 4 3 com/google/common/primitives/Ints$IntArrayAsList 10 java/util/AbstractList$Itr 21 java/util/AbstractList$Itr 28 java/lang/Integer methods 0
ciMethodData org/languagetool/rules/patterns/PatternRuleMatcher matchPreservesCase (Ljava/util/List;Ljava/lang/String;)Z 2 3034 orig 80 0 0 0 0 0 0 0 0 0 0 0 0 29 2 0 0 0 0 0 0 0 0 0 0 0 0 0 0 0 0 0 0 0 0 0 0 0 0 0 0 0 0 0 0 0 0 0 0 0 0 0 0 0 0 0 0 0 0 0 0 0 0 0 0 0 0 0 0 0 0 0 0 0 0 0 0 0 0 0 0 data 126 0x10007 0x0 0x398 0xbda 0x50005 0x0 0x0 0x21dde9d4e68 0xbda 0x0 0x0 0xa0007 0xbda 0x340 0x0 0x100005 0x0 0x0 0x0 0x0 0x0 0x0 0x150005 0x0 0x0 0x0 0x0 0x0 0x0 0x1d0005 0x0 0x0 0x0 0x0 0x0 0x0 0x200007 0x0 0x58 0x0 0x260005 0x0 0x0 0x0 0x0 0x0 0x0 0x2c0005 0x0 0x0 0x0 0x0 0x0 0x0 0x350005 0x0 0x0 0x0 0x0 0x0 0x0 0x3a0007 0x0 0x1b0 0x0 0x3f0005 0x0 0x0 0x0 0x0 0x0 0x0 0x440004 0x0 0x0 0x0 0x0 0x0 0x0 0x4b0005 0x0 0x0 0x0 0x0 0x0 0x0 0x4e0007 0x0 0xd0 0x0 0x530005 0x0 0x0 0x0 0x0 0x0 0x0 0x560007 0x0 0x78 0x0 0x5b0005 0x0 0x0 0x0 0x0 0x0 0x0 0x600007 0x0 0x20 0x0 0x650003 0x0 0xfffffffffffffe30 0x0 0x0 0x0 0x0 0x0 0x0 0x9 0x3 0x0 0xffffffffffffffff 0x0 oops 1 7 java/util/Collections$EmptyList methods 0
ciMethodData org/languagetool/tools/StringTools isNotWordString (Ljava/lang/String;)Z 2 4107 orig 80 0 0 0 0 0 0 0 0 0 0 0 0 29 2 0 0 0 0 0 0 0 0 0 0 0 0 0 0 0 0 0 0 0 0 0 0 0 0 0 0 0 0 0 0 0 0 0 0 0 0 0 0 0 0 0 0 0 0 0 0 0 0 0 0 0 0 0 0 0 0 0 0 0 0 0 0 0 0 0 0 data 23 0x40005 0x100b 0x0 0x0 0x0 0x0 0x0 0x70005 0x100b 0x0 0x0 0x0 0x0 0x0 0x0 0x0 0x0 0x0 0x0 0x0 0x9 0x1 0x0 oops 0 methods 0
ciMethodData org/languagetool/tools/StringTools isAllUppercase (Ljava/util/List;)Z 2 4100 orig 80 0 0 0 0 0 0 0 0 0 0 0 0 29 2 0 0 0 0 0 0 0 0 0 0 0 0 0 0 0 0 0 0 0 0 0 0 0 0 0 0 0 0 0 0 0 0 0 0 0 0 0 0 0 0 0 0 0 0 0 0 0 0 0 0 0 0 0 0 0 0 0 0 0 0 0 0 0 0 0 0 data 108 0x80005 0x0 0x0 0x21dd7388308 0x2aad 0x0 0x0 0xd0007 0x1004 0x288 0x1aa9 0x110007 0xa62 0xd8 0x1047 0x160005 0x0 0x0 0x21dd7388308 0x1047 0x0 0x0 0x1b0004 0x0 0x0 0x21dd73849c8 0x1047 0x0 0x0 0x1e0002 0x1047 0x210007 0xe21 0x38 0x226 0x250003 0x226 0x18 0x2b0007 0xaa3 0x178 0x1006 0x300005 0x0 0x0 0x21dd7388308 0x1006 0x0 0x0 0x350004 0x0 0x0 0x21dd73849c8 0x1006 0x0 0x0 0x380002 0x1006 0x3b0007 0x62 0xc0 0xfa4 0x400005 0x0 0x0 0x21dd7388308 0xfa4 0x0 0x0 0x450004 0x0 0x0 0x21dd73849c8 0xfa4 0x0 0x0 0x480002 0xfa4 0x4b0007 0xfa4 0x38 0x0 0x4f0003 0x62 0x18 0x570003 0x1aa9 0xfffffffffffffd58 0x5b0007 0xe21 0x58 0x1e3 0x5f0007 0x60 0x38 0x183 0x630003 0x183 0x18 0x0 0x0 0x0 0x0 0x0 0x0 0x9 0x1 0x0 oops 7 3 java/util/ArrayList 18 java/util/ArrayList 25 java/lang/String 45 java/util/ArrayList 52 java/lang/String 65 java/util/ArrayList 72 java/lang/String methods 0
ciMethodData org/languagetool/rules/patterns/AbstractPatternRule getType ()Lorg/languagetool/rules/RuleMatch$Type; 2 4103 orig 80 0 0 0 0 0 0 0 0 0 0 0 0 29 2 0 0 0 0 0 0 0 0 0 0 0 0 0 0 0 0 0 0 0 0 0 0 0 0 0 0 0 0 0 0 0 0 0 0 0 0 0 0 0 0 0 0 0 0 0 0 0 0 0 0 0 0 0 0 0 0 0 0 0 0 0 0 0 0 0 0 data 32 0x40007 0x0 0xb8 0x1007 0x80005 0x0 0x0 0x21ddcd547b0 0xccf 0x21ddcd54860 0x338 0x100007 0x0 0x60 0x1007 0x170007 0x0 0x40 0x1007 0x1e0007 0x1007 0x20 0x0 0x0 0x0 0x0 0x0 0x0 0x0 0x9 0x1 0x0 oops 2 7 org/languagetool/rules/patterns/PatternRule 9 org/languagetool/tagging/disambiguation/rules/DisambiguationPatternRule methods 0
ciMethodData org/languagetool/rules/patterns/RuleFilterEvaluator runFilter (Ljava/lang/String;Lorg/languagetool/rules/RuleMatch;[Lorg/languagetool/AnalyzedTokenReadings;ILjava/util/List;)Lorg/languagetool/rules/RuleMatch; 2 3115 orig 80 0 0 0 0 0 0 0 0 0 0 0 0 29 2 0 0 0 0 0 0 0 0 0 0 0 0 0 0 0 0 0 0 0 0 0 0 0 0 0 0 0 0 0 0 0 0 0 0 0 0 0 0 0 0 0 0 0 0 0 0 0 0 0 0 0 0 0 0 0 0 0 0 0 0 0 0 0 0 0 0 data 28 0x70005 0x0 0x0 0x21ddcd54910 0xc2b 0x0 0x0 0x180005 0x1c2 0x0 0x21dd7763428 0x14a 0x21dd77634d8 0x91f 0x0 0x0 0x0 0x0 0x0 0x0 0x9 0x6 0x0 0x0 0x0 0x0 0x0 0x0 oops 3 3 org/languagetool/rules/patterns/RuleFilterEvaluator 10 org/languagetool/rules/pt/RegularIrregularParticipleFilter 12 org/languagetool/rules/pt/ConfusionCheckFilter methods 0
compile org/languagetool/rules/patterns/PatternRuleMatcher createRuleMatch ([I[Lorg/languagetool/AnalyzedTokenReadings;IIIILorg/languagetool/AnalyzedSentence;)Lorg/languagetool/rules/RuleMatch; -1 4 inline 239 0 -1 0 org/languagetool/rules/patterns/PatternRuleMatcher createRuleMatch ([I[Lorg/languagetool/AnalyzedTokenReadings;IIIILorg/languagetool/AnalyzedSentence;)Lorg/languagetool/rules/RuleMatch; 1 8 0 org/languagetool/rules/patterns/AbstractPatternRule getMessage ()Ljava/lang/String; 1 15 0 org/languagetool/rules/patterns/AbstractPatternRule getSuggestionMatches ()Ljava/util/List; 2 7 0 java/util/Collections emptyList ()Ljava/util/List; 1 31 0 org/languagetool/rules/patterns/PatternRule getShortMessage ()Ljava/lang/String; 1 31 0 org/languagetool/rules/patterns/AbstractPatternRule getShortMessage ()Ljava/lang/String; 1 38 0 org/languagetool/rules/patterns/AbstractPatternRule getSuggestionMatches ()Ljava/util/List; 2 7 0 java/util/Collections emptyList ()Ljava/util/List; 1 54 0 org/languagetool/rules/patterns/AbstractPatternRule getSuggestionsOutMsg ()Ljava/lang/String; 1 61 0 org/languagetool/rules/patterns/AbstractPatternRule getSuggestionMatchesOutMsg ()Ljava/util/List; 2 7 0 java/util/Collections emptyList ()Ljava/util/List; 1 151 0 java/util/ArrayList <init> ()V 2 1 0 java/util/AbstractList <init> ()V 3 1 0 java/util/AbstractCollection <init> ()V 4 1 0 java/lang/Object <init> ()V 1 173 0 org/languagetool/AnalyzedTokenReadings getToken ()Ljava/lang/String; 1 176 0 java/util/ArrayList add (Ljava/lang/Object;)Z 2 20 0 java/util/ArrayList add (Ljava/lang/Object;[Ljava/lang/Object;I)V 3 7 0 java/util/ArrayList grow ()[Ljava/lang/Object; 4 7 0 java/util/ArrayList grow (I)[Ljava/lang/Object; 5 27 0 jdk/internal/util/ArraysSupport newLength (III)I 1 190 0 org/languagetool/tools/StringTools isAllUppercase (Ljava/util/List;)Z 2 8 0 java/util/ArrayList size ()I 2 22 0 java/util/ArrayList get (I)Ljava/lang/Object; 3 5 0 java/util/Objects checkIndex (II)I 3 11 0 java/util/ArrayList elementData (I)Ljava/lang/Object; 2 30 0 org/languagetool/tools/StringTools isAllUppercase (Ljava/lang/String;)Z 3 4 0 java/lang/String length ()I 4 6 0 java/lang/String coder ()B 3 12 0 java/lang/String charAt (I)C 4 1 0 java/lang/String isLatin1 ()Z 4 12 0 java/lang/StringLatin1 charAt ([BI)C 5 3 0 java/lang/String checkIndex (II)V 4 21 0 java/lang/StringUTF16 charAt ([BI)C 5 2 0 java/lang/StringUTF16 checkIndex (I[B)V 6 2 0 java/lang/StringUTF16 length ([B)I 6 5 0 java/lang/String checkIndex (II)V 3 17 0 java/lang/Character isLetter (C)Z 4 1 0 java/lang/Character isLetter (I)Z 5 3 0 java/lang/Character getType (I)I 6 1 0 java/lang/CharacterData of (I)Ljava/lang/CharacterData; 6 5 0 java/lang/CharacterDataLatin1 getType (I)I 7 2 0 java/lang/CharacterDataLatin1 getProperties (I)I 3 24 0 java/lang/Character isLowerCase (C)Z 4 1 0 java/lang/Character isLowerCase (I)Z 5 1 0 java/lang/CharacterData of (I)Ljava/lang/CharacterData; 5 5 0 java/lang/CharacterDataLatin1 isLowerCase (I)Z 6 2 0 java/lang/CharacterDataLatin1 getPropertiesEx (I)I 5 5 0 java/lang/CharacterData00 isLowerCase (I)Z 2 48 0 java/util/ArrayList get (I)Ljava/lang/Object; 3 5 0 java/util/Objects checkIndex (II)I 3 11 0 java/util/ArrayList elementData (I)Ljava/lang/Object; 2 56 0 org/languagetool/tools/StringTools isNotWordString (Ljava/lang/String;)Z 3 4 0 java/util/regex/Pattern matcher (Ljava/lang/CharSequence;)Ljava/util/regex/Matcher; 3 7 0 java/util/regex/Matcher matches ()Z 4 6 0 java/util/regex/Matcher match (II)Z 2 64 0 java/util/ArrayList get (I)Ljava/lang/Object; 3 5 0 java/util/Objects checkIndex (II)I 3 11 0 java/util/ArrayList elementData (I)Ljava/lang/Object; 2 72 0 org/languagetool/tools/StringTools isPunctuationMark (Ljava/lang/String;)Z 3 4 0 java/util/regex/Pattern matcher (Ljava/lang/CharSequence;)Ljava/util/regex/Matcher; 3 7 0 java/util/regex/Matcher matches ()Z 4 6 0 java/util/regex/Matcher match (II)Z 1 202 0 org/languagetool/AnalyzedTokenReadings getToken ()Ljava/lang/String; 1 212 0 java/lang/String length ()I 2 6 0 java/lang/String coder ()B 1 231 0 org/languagetool/rules/patterns/AbstractPatternRule getSuggestionMatches ()Ljava/util/List; 2 7 0 java/util/Collections emptyList ()Ljava/util/List; 1 238 0 org/languagetool/rules/patterns/AbstractPatternRule getMessage ()Ljava/lang/String; 1 252 0 org/languagetool/rules/patterns/AbstractPatternRule getSuggestionMatchesOutMsg ()Ljava/util/List; 2 7 0 java/util/Collections emptyList ()Ljava/util/List; 1 259 0 org/languagetool/rules/patterns/AbstractPatternRule getSuggestionsOutMsg ()Ljava/lang/String; 1 284 0 org/languagetool/rules/patterns/AbstractPatternRule isAdjustSuggestionCase ()Z 1 299 0 org/languagetool/AnalyzedTokenReadings getToken ()Ljava/lang/String; 1 302 0 org/languagetool/tools/StringTools startsWithUppercase (Ljava/lang/String;)Z 2 1 0 org/languagetool/tools/StringTools isEmpty (Ljava/lang/String;)Z 3 5 0 java/lang/String length ()I 4 6 0 java/lang/String coder ()B 2 11 0 java/lang/String charAt (I)C 3 1 0 java/lang/String isLatin1 ()Z 3 12 0 java/lang/StringLatin1 charAt ([BI)C 4 3 0 java/lang/String checkIndex (II)V 3 21 0 java/lang/StringUTF16 charAt ([BI)C 4 2 0 java/lang/StringUTF16 checkIndex (I[B)V 5 2 0 java/lang/StringUTF16 length ([B)I 5 5 0 java/lang/String checkIndex (II)V 2 14 0 java/lang/Character isUpperCase (C)Z 3 1 0 java/lang/Character isUpperCase (I)Z 4 1 0 java/lang/CharacterData of (I)Ljava/lang/CharacterData; 4 5 0 java/lang/CharacterDataLatin1 isUpperCase (I)Z 5 2 0 java/lang/CharacterDataLatin1 getPropertiesEx (I)I 4 5 0 java/lang/CharacterData00 isUpperCase (I)Z 1 313 0 org/languagetool/rules/patterns/AbstractPatternRule getSuggestionMatches ()Ljava/util/List; 2 7 0 java/util/Collections emptyList ()Ljava/util/List; 1 320 0 org/languagetool/rules/patterns/AbstractPatternRule getMessage ()Ljava/lang/String; 1 323 0 org/languagetool/rules/patterns/PatternRuleMatcher matchPreservesCase (Ljava/util/List;Ljava/lang/String;)Z 2 5 0 java/util/Collections$EmptyList isEmpty ()Z 1 334 0 org/languagetool/rules/patterns/AbstractPatternRule getSuggestionMatchesOutMsg ()Ljava/util/List; 2 7 0 java/util/Collections emptyList ()Ljava/util/List; 1 341 0 org/languagetool/rules/patterns/AbstractPatternRule getSuggestionsOutMsg ()Ljava/lang/String; 1 344 0 org/languagetool/rules/patterns/PatternRuleMatcher matchPreservesCase (Ljava/util/List;Ljava/lang/String;)Z 2 5 0 java/util/Collections$EmptyList isEmpty ()Z 1 359 0 org/languagetool/AnalyzedTokenReadings isSentenceStart ()Z 1 405 0 org/languagetool/rules/patterns/AbstractPatternRule isAdjustSuggestionCase ()Z 1 431 0 org/languagetool/AnalyzedTokenReadings getStartPos ()I 1 446 0 java/lang/String contains (Ljava/lang/CharSequence;)Z 2 2 0 java/lang/String toString ()Ljava/lang/String; 2 7 0 java/lang/String indexOf (Ljava/lang/String;)I 3 1 0 java/lang/String coder ()B 3 7 0 java/lang/String coder ()B 3 14 0 java/lang/String isLatin1 ()Z 1 456 0 java/lang/String contains (Ljava/lang/CharSequence;)Z 2 2 0 java/lang/String toString ()Ljava/lang/String; 2 7 0 java/lang/String indexOf (Ljava/lang/String;)I 3 1 0 java/lang/String coder ()B 3 7 0 java/lang/String coder ()B 3 14 0 java/lang/String isLatin1 ()Z 1 468 0 org/languagetool/AnalyzedTokenReadings getStartPos ()I 1 477 0 org/languagetool/AnalyzedTokenReadings getToken ()Ljava/lang/String; 1 511 0 org/languagetool/AnalyzedTokenReadings getEndPos ()I 2 8 0 java/lang/String length ()I 3 6 0 java/lang/String coder ()B 1 527 0 java/lang/String contains (Ljava/lang/CharSequence;)Z 2 2 0 java/lang/String toString ()Ljava/lang/String; 2 7 0 java/lang/String indexOf (Ljava/lang/String;)I 3 1 0 java/lang/String coder ()B 3 7 0 java/lang/String coder ()B 3 14 0 java/lang/String isLatin1 ()Z 1 592 0 org/languagetool/AnalyzedTokenReadings getStartPos ()I 1 599 0 org/languagetool/AnalyzedTokenReadings getEndPos ()I 2 8 0 java/lang/String length ()I 3 6 0 java/lang/String coder ()B 1 624 0 org/languagetool/rules/patterns/AbstractPatternRule getType ()Lorg/languagetool/rules/RuleMatch$Type; 2 8 0 org/languagetool/rules/Rule getLocQualityIssueType ()Lorg/languagetool/rules/ITSIssueType; 1 627 0 org/languagetool/rules/RuleMatch setType (Lorg/languagetool/rules/RuleMatch$Type;)V 2 2 0 java/util/Objects requireNonNull (Ljava/lang/Object;)Ljava/lang/Object; 1 634 0 org/languagetool/rules/patterns/AbstractPatternRule getFilter ()Lorg/languagetool/rules/patterns/RuleFilter; 1 648 0 org/languagetool/rules/patterns/AbstractPatternRule getFilter ()Lorg/languagetool/rules/patterns/RuleFilter; 1 651 0 org/languagetool/rules/patterns/RuleFilterEvaluator <init> (Lorg/languagetool/rules/patterns/RuleFilter;)V 2 1 0 java/lang/Object <init> ()V 1 662 0 java/util/Arrays copyOfRange ([Ljava/lang/Object;II)[Ljava/lang/Object; 1 676 0 org/languagetool/rules/patterns/AbstractPatternRule getFilterArguments ()Ljava/lang/String; 1 685 0 com/google/common/primitives/Ints asList ([I)Ljava/util/List; 2 14 0 com/google/common/primitives/Ints$IntArrayAsList <init> ([I)V 3 5 0 com/google/common/primitives/Ints$IntArrayAsList <init> ([III)V 4 1 0 java/util/AbstractList <init> ()V 5 1 0 java/util/AbstractCollection <init> ()V 6 1 0 java/lang/Object <init> ()V 1 688 0 org/languagetool/rules/patterns/RuleFilterEvaluator runFilter (Ljava/lang/String;Lorg/languagetool/rules/RuleMatch;[Lorg/languagetool/AnalyzedTokenReadings;ILjava/util/List;)Lorg/languagetool/rules/RuleMatch; 2 7 0 org/languagetool/rules/patterns/RuleFilterEvaluator getResolvedArguments (Ljava/lang/String;[Lorg/languagetool/AnalyzedTokenReadings;ILjava/util/List;)Ljava/util/Map; 3 4 0 java/util/HashMap <init> ()V 4 1 0 java/util/AbstractMap <init> ()V 5 1 0 java/lang/Object <init> ()V 3 13 0 java/util/regex/Pattern split (Ljava/lang/CharSequence;)[Ljava/lang/String; 3 48 0 java/lang/String indexOf (I)I 4 3 0 java/lang/String indexOf (II)I 5 1 0 java/lang/String isLatin1 ()Z 5 14 0 java/lang/String length ()I 6 6 0 java/lang/String coder ()B 5 17 0 java/lang/StringLatin1 indexOf ([BIII)I 6 1 0 java/lang/StringLatin1 canEncode (I)Z 3 79 0 java/lang/String substring (II)Ljava/lang/String; 4 1 0 java/lang/String length ()I 5 6 0 java/lang/String coder ()B 4 8 0 java/lang/String checkBoundsBeginEnd (III)V 5 6 0 jdk/internal/util/Preconditions checkFromToIndex (IIILjava/util/function/BiFunction;)I 4 28 0 java/lang/String isLatin1 ()Z 4 41 0 java/lang/StringLatin1 newString ([BII)Ljava/lang/String; 5 16 0 java/util/Arrays copyOfRange ([BII)[B 6 13 0 java/util/Arrays copyOfRangeByte ([BII)[B 7 2 0 java/util/Arrays checkLength (II)V 5 20 0 java/lang/String <init> ([BB)V 6 1 0 java/lang/Object <init> ()V 3 90 0 java/lang/String substring (I)Ljava/lang/String; 4 3 0 java/lang/String length ()I 5 6 0 java/lang/String coder ()B 4 6 0 java/lang/String substring (II)Ljava/lang/String; 5 1 0 java/lang/String length ()I 6 6 0 java/lang/String coder ()B 5 8 0 java/lang/String checkBoundsBeginEnd (III)V 6 6 0 jdk/internal/util/Preconditions checkFromToIndex (IIILjava/util/function/BiFunction;)I 5 28 0 java/lang/String isLatin1 ()Z 5 41 0 java/lang/StringLatin1 newString ([BII)Ljava/lang/String; 6 16 0 java/util/Arrays copyOfRange ([BII)[B 7 13 0 java/util/Arrays copyOfRangeByte ([BII)[B 8 2 0 java/util/Arrays checkLength (II)V 6 20 0 java/lang/String <init> ([BB)V 7 1 0 java/lang/Object <init> ()V 3 99 0 java/lang/String startsWith (Ljava/lang/String;)Z 4 3 0 java/lang/String startsWith (Ljava/lang/String;I)Z 5 6 0 java/lang/String length ()I 6 6 0 java/lang/String coder ()B 5 10 0 java/lang/String length ()I 6 6 0 java/lang/String coder ()B 5 39 0 java/lang/String coder ()B 5 47 0 java/lang/String coder ()B 5 70 0 jdk/internal/util/ArraysSupport mismatch ([BI[BII)I 3 114 0 java/lang/Integer parseInt (Ljava/lang/String;)I 4 3 0 java/lang/Integer parseInt (Ljava/lang/String;I)I 5 94 0 java/lang/String length ()I 6 6 0 java/lang/String coder ()B 5 110 0 java/lang/String charAt (I)C 6 1 0 java/lang/String isLatin1 ()Z 6 12 0 java/lang/StringLatin1 charAt ([BI)C 7 3 0 java/lang/String checkIndex (II)V 6 21 0 java/lang/StringUTF16 charAt ([BI)C 7 2 0 java/lang/StringUTF16 checkIndex (I[B)V 8 2 0 java/lang/StringUTF16 length ([B)I 8 5 0 java/lang/String checkIndex (II)V 5 186 0 java/lang/String charAt (I)C 6 1 0 java/lang/String isLatin1 ()Z 6 12 0 java/lang/StringLatin1 charAt ([BI)C 7 3 0 java/lang/String checkIndex (II)V 6 21 0 java/lang/StringUTF16 charAt ([BI)C 7 2 0 java/lang/StringUTF16 checkIndex (I[B)V 8 2 0 java/lang/StringUTF16 length ([B)I 8 5 0 java/lang/String checkIndex (II)V 5 190 0 java/lang/Character digit (CI)I 6 2 0 java/lang/Character digit (II)I 7 1 0 java/lang/CharacterData of (I)Ljava/lang/CharacterData; 7 6 0 java/lang/CharacterDataLatin1 digit (II)I 3 123 0 com/google/common/primitives/Ints$IntArrayAsList size ()I 3 158 0 org/languagetool/rules/patterns/RuleFilterEvaluator getSkipCorrectedReference (Ljava/util/List;I)I 4 6 0 java/util/AbstractList iterator ()Ljava/util/Iterator; 5 5 0 java/util/AbstractList$Itr <init> (Ljava/util/AbstractList;)V 6 6 0 java/lang/Object <init> ()V 4 15 0 java/util/AbstractList$Itr hasNext ()Z 5 8 0 morfologik/stemming/ArrayViewList size ()I 5 8 0 com/google/common/primitives/Ints$IntArrayAsList size ()I 4 25 0 java/util/AbstractList$Itr next ()Ljava/lang/Object; 5 1 0 java/util/AbstractList$Itr checkForComodification ()V 4 33 0 java/lang/Integer intValue ()I 3 191 0 java/util/HashMap containsKey (Ljava/lang/Object;)Z 4 2 0 java/util/HashMap getNode (Ljava/lang/Object;)Ljava/util/HashMap$Node; 5 23 0 java/util/HashMap hash (Ljava/lang/Object;)I 6 9 0 java/lang/String hashCode ()I 7 17 0 java/lang/String isLatin1 ()Z 7 27 0 java/lang/StringLatin1 hashCode ([B)I 3 222 0 org/languagetool/AnalyzedTokenReadings getToken ()Ljava/lang/String;
